Product ID,Product Name,Product Category,Color,Size,Unit Price,Sale Date,Order ID,Customer ID,State,Region,Sales Channel,Units Sold,Revenue,Discount,Profit
RD002,Pirate Rubber Duck,Themed,Orange,Standard,9.77,2023-06-28,ORD100000,CUST1520,CT,Northeast,Online,15,139.22,7.33,46.29
RD002,Pirate Rubber Duck,Themed,Blue,Standard,14.6,2025-05-09,ORD100001,CUST5557,NJ,Mid-Atlantic,Online,2,27.74,1.46,9.37
RD003,Princess Rubber Duck,Themed,Yellow,Standard,9.83,2025-02-17,ORD100002,CUST6635,MN,Midwest,Wholesale,14,123.86,13.76,58.41
RD001,Classic Rubber Duck,Classic,Orange,Mini,6.61,2025-01-10,ORD100003,CUST2139,ND,Midwest,Online,25,165.25,0.0,68.08
RD004,Superhero Rubber Duck,Themed,Blue,Standard,21.95,2025-01-17,ORD100004,CUST6820,WV,South,Retail,7,130.6,23.05,50.78
RD005,Glow Rubber Duck,Specialty,Pink,Large,17.32,2025-02-16,ORD100005,CUST4598,RI,Northeast,Wholesale,35,575.89,30.31,278.34
RD001,Classic Rubber Duck,Classic,Blue,Large,20.9,2024-10-06,ORD100006,CUST9179,NY,Mid-Atlantic,Marketplace,26,489.06,54.34,235.54
RD008,Holiday Rubber Duck,Seasonal,Orange,Standard,6.92,2025-05-27,ORD100007,CUST6930,PA,Mid-Atlantic,Retail,48,298.94,33.22,87.44
RD003,Princess Rubber Duck,Themed,Purple,Standard,5.9,2023-11-24,ORD100008,CUST2040,ID,West,Marketplace,4,23.6,0.0,12.08
RD007,Jumbo Rubber Duck,Large,Purple,Large,15.1,2023-08-23,ORD100009,CUST5371,ID,West,Wholesale,36,543.6,0.0,206.53
RD002,Pirate Rubber Duck,Themed,Orange,Mini,7.31,2024-01-01,ORD100010,CUST5889,AL,South,Retail,1,6.58,0.73,1.51
RD003,Princess Rubber Duck,Themed,Yellow,Mini,7.38,2025-09-27,ORD100011,CUST6947,OK,South,Wholesale,50,369.0,0.0,147.7
RD004,Superhero Rubber Duck,Themed,Orange,Mini,22.43,2023-05-22,ORD100012,CUST3103,NH,Northeast,Marketplace,6,134.58,0.0,49.39
RD003,Princess Rubber Duck,Themed,Purple,Standard,22.31,2024-02-16,ORD100013,CUST7537,TN,South,Wholesale,28,593.45,31.23,167.28
RD008,Holiday Rubber Duck,Seasonal,Orange,Mini,6.53,2024-04-16,ORD100014,CUST1117,ID,West,Online,15,97.95,0.0,45.59
RD001,Classic Rubber Duck,Classic,Purple,Standard,23.0,2024-07-24,ORD100015,CUST4510,NY,Mid-Atlantic,Retail,22,506.0,0.0,213.26
RD008,Holiday Rubber Duck,Seasonal,Pink,Standard,20.95,2025-06-01,ORD100016,CUST7735,DE,Mid-Atlantic,Marketplace,13,272.35,0.0,143.19
RD001,Classic Rubber Duck,Classic,Orange,Standard,12.45,2024-01-25,ORD100017,CUST3296,ME,Northeast,Marketplace,22,273.9,0.0,133.62
RD003,Princess Rubber Duck,Themed,Yellow,Large,9.24,2023-07-20,ORD100018,CUST9856,MS,South,Online,5,39.27,6.93,9.15
RD002,Pirate Rubber Duck,Themed,Blue,Standard,12.52,2023-05-01,ORD100019,CUST1035,NJ,Mid-Atlantic,Marketplace,31,368.71,19.41,110.16
RD005,Glow Rubber Duck,Specialty,Blue,Mini,12.87,2024-08-30,ORD100020,CUST9883,WI,Midwest,Online,47,514.16,90.73,218.55
RD006,Mini Rubber Duck,Mini,Yellow,Mini,16.26,2025-11-06,ORD100021,CUST2122,ME,Northeast,Online,33,509.75,26.83,260.66
RD004,Superhero Rubber Duck,Themed,Orange,Mini,23.76,2023-03-23,ORD100022,CUST7868,MI,Midwest,Wholesale,37,835.16,43.96,312.32
RD005,Glow Rubber Duck,Specialty,Green,Standard,19.03,2024-09-06,ORD100023,CUST2188,DC,Mid-Atlantic,Online,16,274.03,30.45,106.89
RD008,Holiday Rubber Duck,Seasonal,Pink,Mini,24.91,2023-09-29,ORD100024,CUST5002,WY,West,Wholesale,5,118.32,6.23,46.52
RD005,Glow Rubber Duck,Specialty,Yellow,Large,21.5,2025-12-19,ORD100025,CUST5905,DE,Mid-Atlantic,Online,46,890.1,98.9,293.81
RD003,Princess Rubber Duck,Themed,Purple,Standard,22.67,2024-03-07,ORD100026,CUST4335,WV,South,Wholesale,48,1033.75,54.41,469.99
RD008,Holiday Rubber Duck,Seasonal,Yellow,Standard,5.06,2023-04-01,ORD100027,CUST3143,TX,South,Wholesale,41,176.34,31.12,39.97
RD003,Princess Rubber Duck,Themed,Orange,Mini,18.81,2023-11-02,ORD100028,CUST7049,ND,Midwest,Retail,36,677.16,0.0,353.5
RD007,Jumbo Rubber Duck,Large,Purple,Mini,10.46,2024-05-26,ORD100029,CUST6794,NY,Mid-Atlantic,Marketplace,3,28.24,3.14,12.47
RD003,Princess Rubber Duck,Themed,Green,Large,24.49,2024-11-11,ORD100030,CUST5065,NJ,Mid-Atlantic,Wholesale,12,249.8,44.08,115.73
RD003,Princess Rubber Duck,Themed,Pink,Standard,22.31,2025-07-31,ORD100031,CUST4728,MA,Northeast,Retail,31,657.03,34.58,311.3
RD001,Classic Rubber Duck,Classic,Green,Large,10.88,2025-11-09,ORD100032,CUST9785,DE,Mid-Atlantic,Wholesale,5,48.96,5.44,19.7
RD001,Classic Rubber Duck,Classic,Pink,Large,7.74,2025-06-08,ORD100033,CUST6139,VT,Northeast,Marketplace,17,131.58,0.0,68.8
RD002,Pirate Rubber Duck,Themed,Pink,Standard,7.98,2024-02-08,ORD100034,CUST2146,SD,Midwest,Wholesale,3,20.35,3.59,9.57
RD006,Mini Rubber Duck,Mini,Green,Large,22.89,2024-10-30,ORD100035,CUST5844,CT,Northeast,Retail,33,679.83,75.54,213.98
RD004,Superhero Rubber Duck,Themed,Green,Large,23.74,2024-09-08,ORD100036,CUST1006,NE,Midwest,Wholesale,44,992.33,52.23,361.54
RD005,Glow Rubber Duck,Specialty,Purple,Mini,20.49,2025-06-24,ORD100037,CUST9375,DE,Mid-Atlantic,Marketplace,39,719.2,79.91,266.71
RD003,Princess Rubber Duck,Themed,Purple,Standard,14.81,2024-04-26,ORD100038,CUST4680,VT,Northeast,Retail,41,546.49,60.72,259.07
RD003,Princess Rubber Duck,Themed,Purple,Large,9.13,2024-02-03,ORD100039,CUST7291,ME,Northeast,Marketplace,31,283.03,0.0,123.44
RD007,Jumbo Rubber Duck,Large,Blue,Large,17.77,2024-03-24,ORD100040,CUST9486,NJ,Mid-Atlantic,Marketplace,1,17.77,0.0,6.32
RD001,Classic Rubber Duck,Classic,Purple,Large,23.26,2025-08-09,ORD100041,CUST6198,NV,West,Marketplace,8,158.17,27.91,68.23
RD007,Jumbo Rubber Duck,Large,Purple,Standard,22.83,2024-05-21,ORD100042,CUST9540,ID,West,Marketplace,48,931.46,164.38,315.03
RD004,Superhero Rubber Duck,Themed,Orange,Mini,5.62,2024-10-16,ORD100043,CUST3267,MS,South,Retail,19,101.44,5.34,46.14
RD004,Superhero Rubber Duck,Themed,Orange,Standard,7.2,2024-11-08,ORD100044,CUST7812,KS,Midwest,Online,14,100.8,0.0,44.99
RD004,Superhero Rubber Duck,Themed,Green,Mini,22.99,2025-02-18,ORD100045,CUST6763,IA,Midwest,Wholesale,38,873.62,0.0,293.38
RD007,Jumbo Rubber Duck,Large,Green,Standard,19.69,2024-07-12,ORD100046,CUST1475,ND,Midwest,Marketplace,35,654.69,34.46,260.46
RD006,Mini Rubber Duck,Mini,Yellow,Standard,7.46,2025-12-29,ORD100047,CUST1444,KS,Midwest,Online,30,212.61,11.19,57.03
RD007,Jumbo Rubber Duck,Large,Pink,Standard,7.81,2025-07-20,ORD100048,CUST7211,DE,Mid-Atlantic,Wholesale,17,112.85,19.92,42.24
RD007,Jumbo Rubber Duck,Large,Blue,Large,5.71,2024-12-17,ORD100049,CUST2124,TX,South,Online,2,11.42,0.0,3.43
RD001,Classic Rubber Duck,Classic,Purple,Mini,21.61,2025-08-27,ORD100050,CUST4571,NJ,Mid-Atlantic,Marketplace,40,821.18,43.22,380.65
RD005,Glow Rubber Duck,Specialty,Pink,Mini,16.71,2023-12-02,ORD100051,CUST1420,NC,South,Wholesale,48,802.08,0.0,285.18
RD007,Jumbo Rubber Duck,Large,Purple,Large,8.15,2024-09-09,ORD100052,CUST2983,KS,Midwest,Online,38,294.22,15.48,146.97
RD006,Mini Rubber Duck,Mini,Green,Mini,17.88,2025-05-10,ORD100053,CUST8102,CO,West,Wholesale,5,80.46,8.94,39.95
RD008,Holiday Rubber Duck,Seasonal,Green,Standard,7.69,2025-09-17,ORD100054,CUST5397,DE,Mid-Atlantic,Wholesale,34,235.31,26.15,77.39
RD004,Superhero Rubber Duck,Themed,Pink,Mini,22.5,2025-02-15,ORD100055,CUST9098,VT,Northeast,Wholesale,16,306.0,54.0,92.71
RD003,Princess Rubber Duck,Themed,Orange,Mini,11.44,2024-07-19,ORD100056,CUST9464,IL,Midwest,Retail,17,175.03,19.45,73.92
RD002,Pirate Rubber Duck,Themed,Green,Mini,12.52,2025-10-02,ORD100057,CUST2524,DC,Mid-Atlantic,Wholesale,36,428.18,22.54,147.54
RD004,Superhero Rubber Duck,Themed,Pink,Standard,9.1,2025-12-23,ORD100058,CUST6419,KS,Midwest,Wholesale,43,352.17,39.13,129.79
RD008,Holiday Rubber Duck,Seasonal,Blue,Mini,9.27,2024-01-15,ORD100059,CUST8933,GA,South,Wholesale,8,70.45,3.71,31.23
RD005,Glow Rubber Duck,Specialty,Blue,Standard,10.21,2025-12-29,ORD100060,CUST1745,NH,Northeast,Online,24,232.79,12.25,104.01
RD005,Glow Rubber Duck,Specialty,Green,Standard,22.23,2024-08-05,ORD100061,CUST8216,DC,Mid-Atlantic,Wholesale,32,711.36,0.0,236.04
RD003,Princess Rubber Duck,Themed,Green,Mini,23.75,2025-03-31,ORD100062,CUST1878,VT,Northeast,Retail,31,736.25,0.0,253.62
RD003,Princess Rubber Duck,Themed,Orange,Large,5.78,2025-05-02,ORD100063,CUST4697,AZ,West,Marketplace,16,92.48,0.0,37.96
RD008,Holiday Rubber Duck,Seasonal,Orange,Large,22.05,2023-05-04,ORD100064,CUST2625,WI,Midwest,Retail,28,555.66,61.74,190.06
RD004,Superhero Rubber Duck,Themed,Yellow,Standard,5.69,2023-11-17,ORD100065,CUST8381,AR,South,Marketplace,16,86.49,4.55,32.96
RD005,Glow Rubber Duck,Specialty,Pink,Large,10.04,2024-04-23,ORD100066,CUST4241,NH,Northeast,Marketplace,19,162.15,28.61,72.91
RD002,Pirate Rubber Duck,Themed,Pink,Large,17.59,2023-12-06,ORD100067,CUST5728,NV,West,Marketplace,18,300.79,15.83,152.66
RD002,Pirate Rubber Duck,Themed,Green,Mini,10.38,2025-10-08,ORD100068,CUST1653,KS,Midwest,Marketplace,26,242.89,26.99,87.68
RD006,Mini Rubber Duck,Mini,Orange,Mini,4.53,2024-07-05,ORD100069,CUST3870,AZ,West,Marketplace,15,67.95,0.0,20.39
RD008,Holiday Rubber Duck,Seasonal,Pink,Standard,24.93,2025-08-20,ORD100070,CUST6460,NC,South,Wholesale,28,593.33,104.71,110.1
RD002,Pirate Rubber Duck,Themed,Orange,Mini,12.63,2025-03-31,ORD100071,CUST8451,PA,Mid-Atlantic,Online,32,363.74,40.42,114.92
RD006,Mini Rubber Duck,Mini,Purple,Large,6.42,2023-01-03,ORD100072,CUST8569,FL,South,Marketplace,50,272.85,48.15,58.99
RD001,Classic Rubber Duck,Classic,Blue,Standard,11.59,2023-04-16,ORD100073,CUST9998,MD,Mid-Atlantic,Retail,49,482.72,85.19,138.37
RD005,Glow Rubber Duck,Specialty,Orange,Mini,14.17,2024-09-28,ORD100074,CUST7684,KS,Midwest,Online,2,26.92,1.42,9.14
RD004,Superhero Rubber Duck,Themed,Orange,Large,23.88,2024-08-20,ORD100075,CUST5479,MA,Northeast,Marketplace,42,952.81,50.15,376.52
RD008,Holiday Rubber Duck,Seasonal,Purple,Mini,13.58,2025-11-06,ORD100076,CUST2143,IL,Midwest,Wholesale,10,115.43,20.37,47.85
RD007,Jumbo Rubber Duck,Large,Blue,Standard,14.65,2025-09-29,ORD100077,CUST9824,OK,South,Marketplace,1,13.18,1.47,3.93
RD006,Mini Rubber Duck,Mini,Purple,Mini,20.01,2024-01-22,ORD100078,CUST7274,TN,South,Retail,25,425.21,75.04,83.43
RD007,Jumbo Rubber Duck,Large,Green,Mini,19.63,2023-11-08,ORD100079,CUST3068,VT,Northeast,Wholesale,46,767.53,135.45,274.03
RD002,Pirate Rubber Duck,Themed,Purple,Mini,15.03,2025-04-19,ORD100080,CUST2225,MI,Midwest,Marketplace,30,450.9,0.0,166.56
RD005,Glow Rubber Duck,Specialty,Green,Standard,18.54,2025-12-28,ORD100081,CUST8994,KY,South,Online,42,778.68,0.0,262.46
RD002,Pirate Rubber Duck,Themed,Yellow,Large,18.36,2025-06-07,ORD100082,CUST2646,DC,Mid-Atlantic,Marketplace,19,331.4,17.44,109.3
RD003,Princess Rubber Duck,Themed,Blue,Mini,4.96,2025-06-01,ORD100083,CUST9702,VA,South,Marketplace,4,17.86,1.98,7.15
RD003,Princess Rubber Duck,Themed,Blue,Standard,5.65,2023-10-21,ORD100084,CUST5161,NJ,Mid-Atlantic,Marketplace,25,134.19,7.06,53.05
RD005,Glow Rubber Duck,Specialty,Orange,Standard,22.92,2024-12-08,ORD100085,CUST7951,MA,Northeast,Wholesale,44,958.06,50.42,485.62
RD008,Holiday Rubber Duck,Seasonal,Orange,Standard,24.98,2025-01-05,ORD100086,CUST5837,SC,South,Online,31,774.38,0.0,379.99
RD007,Jumbo Rubber Duck,Large,Pink,Mini,15.87,2025-10-14,ORD100087,CUST6772,VA,South,Retail,44,698.28,0.0,225.09
RD004,Superhero Rubber Duck,Themed,Pink,Standard,18.22,2023-03-22,ORD100088,CUST1546,AZ,West,Wholesale,47,813.52,42.82,293.67
RD003,Princess Rubber Duck,Themed,Orange,Large,10.85,2025-01-19,ORD100089,CUST5465,VT,Northeast,Retail,27,278.3,14.65,131.77
RD005,Glow Rubber Duck,Specialty,Blue,Mini,19.67,2023-06-04,ORD100090,CUST7511,WI,Midwest,Wholesale,22,432.74,0.0,187.34
RD002,Pirate Rubber Duck,Themed,Orange,Standard,9.54,2024-06-20,ORD100091,CUST7086,OH,Midwest,Online,8,64.87,11.45,23.49
RD004,Superhero Rubber Duck,Themed,Purple,Mini,17.0,2024-03-29,ORD100092,CUST8606,OH,Midwest,Wholesale,36,550.8,61.2,135.37
RD007,Jumbo Rubber Duck,Large,Yellow,Mini,4.94,2023-08-26,ORD100093,CUST9807,NH,Northeast,Retail,3,13.34,1.48,2.98
RD007,Jumbo Rubber Duck,Large,Green,Large,18.07,2023-11-13,ORD100094,CUST2622,MN,Midwest,Marketplace,48,737.26,130.1,219.59
RD007,Jumbo Rubber Duck,Large,Pink,Mini,18.49,2024-04-28,ORD100095,CUST7018,VA,South,Wholesale,14,220.03,38.83,74.76
RD001,Classic Rubber Duck,Classic,Purple,Large,7.98,2024-03-10,ORD100096,CUST1349,WI,Midwest,Online,8,54.26,9.58,24.07
RD006,Mini Rubber Duck,Mini,Orange,Mini,20.52,2024-02-29,ORD100097,CUST4817,NJ,Mid-Atlantic,Wholesale,14,287.28,0.0,98.41
RD003,Princess Rubber Duck,Themed,Yellow,Large,9.81,2023-12-24,ORD100098,CUST1422,CA,West,Retail,10,93.19,4.91,35.8
RD001,Classic Rubber Duck,Classic,Yellow,Mini,20.55,2024-06-27,ORD100099,CUST7897,OK,South,Online,38,702.81,78.09,348.32
RD002,Pirate Rubber Duck,Themed,Orange,Mini,20.33,2024-03-29,ORD100100,CUST9543,MO,Midwest,Wholesale,33,670.89,0.0,293.18
RD008,Holiday Rubber Duck,Seasonal,Purple,Standard,24.96,2025-10-01,ORD100101,CUST2204,ME,Northeast,Online,26,551.62,97.34,148.28
RD006,Mini Rubber Duck,Mini,Pink,Standard,5.37,2025-12-22,ORD100102,CUST9282,WA,West,Marketplace,18,86.99,9.67,34.29
RD002,Pirate Rubber Duck,Themed,Green,Standard,17.66,2024-04-12,ORD100103,CUST8430,CT,Northeast,Marketplace,50,838.85,44.15,346.56
RD007,Jumbo Rubber Duck,Large,Purple,Standard,12.95,2023-11-09,ORD100104,CUST2099,VT,Northeast,Online,43,501.16,55.69,198.47
RD002,Pirate Rubber Duck,Themed,Orange,Large,6.02,2023-05-03,ORD100105,CUST6400,MA,Northeast,Online,48,260.06,28.9,71.39
RD007,Jumbo Rubber Duck,Large,Pink,Large,17.96,2023-04-16,ORD100106,CUST6119,TX,South,Wholesale,49,748.03,132.01,161.02
RD002,Pirate Rubber Duck,Themed,Pink,Large,8.46,2023-08-10,ORD100107,CUST7022,MT,West,Online,43,309.21,54.57,125.12
RD005,Glow Rubber Duck,Specialty,Yellow,Mini,20.94,2024-07-01,ORD100108,CUST5477,NV,West,Wholesale,36,753.84,0.0,299.84
RD006,Mini Rubber Duck,Mini,Yellow,Large,7.8,2023-03-04,ORD100109,CUST9691,VA,South,Retail,10,66.3,11.7,29.84
RD007,Jumbo Rubber Duck,Large,Yellow,Mini,11.15,2023-06-23,ORD100110,CUST3579,MO,Midwest,Online,24,240.84,26.76,72.15
RD002,Pirate Rubber Duck,Themed,Orange,Mini,17.89,2024-03-17,ORD100111,CUST6655,MS,South,Marketplace,32,486.61,85.87,169.72
RD002,Pirate Rubber Duck,Themed,Orange,Mini,18.24,2025-03-20,ORD100112,CUST1125,AR,South,Retail,32,525.31,58.37,256.03
RD005,Glow Rubber Duck,Specialty,Purple,Standard,20.04,2025-10-15,ORD100113,CUST3878,NJ,Mid-Atlantic,Retail,19,342.68,38.08,159.92
RD007,Jumbo Rubber Duck,Large,Green,Mini,8.82,2023-03-28,ORD100114,CUST8532,AK,West,Online,36,285.77,31.75,137.16
RD006,Mini Rubber Duck,Mini,Yellow,Standard,16.03,2025-04-09,ORD100115,CUST3815,CO,West,Marketplace,46,626.77,110.61,241.58
RD006,Mini Rubber Duck,Mini,Yellow,Standard,21.72,2025-12-09,ORD100116,CUST6083,MA,Northeast,Wholesale,16,295.39,52.13,87.84
RD004,Superhero Rubber Duck,Themed,Pink,Standard,7.52,2024-02-02,ORD100117,CUST3419,OK,South,Retail,33,248.16,0.0,103.57
RD002,Pirate Rubber Duck,Themed,Blue,Large,8.13,2023-06-04,ORD100118,CUST9095,PA,Mid-Atlantic,Marketplace,39,301.22,15.85,98.28
RD008,Holiday Rubber Duck,Seasonal,Blue,Standard,17.33,2024-10-09,ORD100119,CUST2118,NM,West,Marketplace,40,623.88,69.32,162.17
RD008,Holiday Rubber Duck,Seasonal,Green,Standard,9.76,2024-09-27,ORD100120,CUST1616,OK,South,Online,4,35.14,3.9,12.62
RD006,Mini Rubber Duck,Mini,Green,Large,17.53,2023-03-26,ORD100121,CUST4084,WV,South,Wholesale,6,89.4,15.78,29.9
RD008,Holiday Rubber Duck,Seasonal,Purple,Mini,24.1,2024-12-04,ORD100122,CUST9266,WA,West,Retail,29,698.9,0.0,242.7
RD001,Classic Rubber Duck,Classic,Green,Standard,13.18,2024-08-02,ORD100123,CUST6543,DC,Mid-Atlantic,Online,29,363.11,19.11,156.34
RD006,Mini Rubber Duck,Mini,Pink,Mini,5.97,2023-11-04,ORD100124,CUST3317,VT,Northeast,Wholesale,44,223.28,39.4,86.41
RD005,Glow Rubber Duck,Specialty,Blue,Large,16.49,2024-11-03,ORD100125,CUST9624,IN,Midwest,Online,6,89.05,9.89,30.7
RD007,Jumbo Rubber Duck,Large,Green,Mini,4.37,2024-11-30,ORD100126,CUST4711,UT,West,Retail,20,83.03,4.37,22.92
RD003,Princess Rubber Duck,Themed,Orange,Standard,21.72,2023-09-26,ORD100127,CUST3527,VT,Northeast,Retail,7,152.04,0.0,58.46
RD003,Princess Rubber Duck,Themed,Purple,Large,22.95,2025-01-16,ORD100128,CUST4891,HI,West,Marketplace,47,916.85,161.8,419.68
RD005,Glow Rubber Duck,Specialty,Pink,Large,15.2,2024-02-02,ORD100129,CUST8218,IL,Midwest,Marketplace,20,258.4,45.6,52.9
RD005,Glow Rubber Duck,Specialty,Pink,Mini,15.07,2023-10-11,ORD100130,CUST8873,ND,Midwest,Wholesale,11,157.48,8.29,49.68
RD002,Pirate Rubber Duck,Themed,Blue,Standard,9.98,2025-11-17,ORD100131,CUST2502,OR,West,Retail,49,464.57,24.45,211.16
RD008,Holiday Rubber Duck,Seasonal,Pink,Mini,12.7,2023-06-17,ORD100132,CUST1461,VA,South,Wholesale,26,297.18,33.02,129.13
RD002,Pirate Rubber Duck,Themed,Purple,Mini,7.06,2025-08-25,ORD100133,CUST8685,OK,South,Marketplace,3,19.06,2.12,4.67
RD001,Classic Rubber Duck,Classic,Blue,Standard,9.36,2024-08-13,ORD100134,CUST2996,ME,Northeast,Online,10,79.56,14.04,34.84
RD004,Superhero Rubber Duck,Themed,Orange,Large,20.66,2025-10-20,ORD100135,CUST1269,NE,Midwest,Retail,30,619.8,0.0,323.71
RD003,Princess Rubber Duck,Themed,Purple,Large,4.02,2024-01-19,ORD100136,CUST2402,AL,South,Wholesale,23,87.84,4.62,33.04
RD002,Pirate Rubber Duck,Themed,Yellow,Large,14.64,2025-08-20,ORD100137,CUST7338,MT,West,Wholesale,33,483.12,0.0,218.56
RD005,Glow Rubber Duck,Specialty,Orange,Large,20.55,2023-08-01,ORD100138,CUST6447,VT,Northeast,Retail,23,449.02,23.63,149.72
RD001,Classic Rubber Duck,Classic,Purple,Standard,11.1,2025-08-09,ORD100139,CUST3986,TN,South,Retail,42,442.89,23.31,136.32
RD002,Pirate Rubber Duck,Themed,Pink,Large,10.15,2024-10-08,ORD100140,CUST7524,OH,Midwest,Marketplace,3,28.93,1.52,8.48
RD005,Glow Rubber Duck,Specialty,Pink,Mini,8.0,2024-11-10,ORD100141,CUST7029,CT,Northeast,Marketplace,23,184.0,0.0,61.37
RD007,Jumbo Rubber Duck,Large,Orange,Standard,11.11,2025-01-22,ORD100142,CUST2353,IA,Midwest,Marketplace,12,113.32,20.0,30.26
RD002,Pirate Rubber Duck,Themed,Pink,Large,24.89,2023-06-13,ORD100143,CUST5843,SD,Midwest,Wholesale,12,268.81,29.87,110.42
RD008,Holiday Rubber Duck,Seasonal,Purple,Standard,12.94,2023-03-28,ORD100144,CUST8126,AK,West,Wholesale,45,494.96,87.34,181.75
RD001,Classic Rubber Duck,Classic,Orange,Large,17.38,2023-10-20,ORD100145,CUST8179,CT,Northeast,Online,24,396.26,20.86,109.2
RD003,Princess Rubber Duck,Themed,Orange,Mini,20.34,2023-03-08,ORD100146,CUST8371,NH,Northeast,Wholesale,24,439.34,48.82,172.94
RD006,Mini Rubber Duck,Mini,Blue,Mini,16.04,2024-07-24,ORD100147,CUST1424,MI,Midwest,Retail,34,490.82,54.54,191.14
RD008,Holiday Rubber Duck,Seasonal,Blue,Large,23.17,2025-07-02,ORD100148,CUST5678,CO,West,Marketplace,8,166.82,18.54,47.5
RD004,Superhero Rubber Duck,Themed,Yellow,Large,21.9,2025-06-30,ORD100149,CUST6236,NH,Northeast,Wholesale,29,603.35,31.75,174.87
RD002,Pirate Rubber Duck,Themed,Pink,Large,10.09,2023-12-23,ORD100150,CUST4673,MT,West,Online,20,191.71,10.09,64.99
RD004,Superhero Rubber Duck,Themed,Green,Large,20.59,2025-01-25,ORD100151,CUST3126,NJ,Mid-Atlantic,Online,2,37.06,4.12,12.83
RD002,Pirate Rubber Duck,Themed,Orange,Mini,24.98,2025-04-18,ORD100152,CUST3053,AL,South,Wholesale,47,997.95,176.11,315.32
RD002,Pirate Rubber Duck,Themed,Blue,Standard,18.27,2024-01-08,ORD100153,CUST9238,MO,Midwest,Online,23,399.2,21.01,117.87
RD002,Pirate Rubber Duck,Themed,Pink,Large,10.38,2024-04-06,ORD100154,CUST5653,WA,West,Online,11,102.76,11.42,24.7
RD005,Glow Rubber Duck,Specialty,Yellow,Large,24.07,2025-12-28,ORD100155,CUST3762,DC,Mid-Atlantic,Retail,18,411.6,21.66,148.93
RD003,Princess Rubber Duck,Themed,Yellow,Mini,22.93,2023-02-28,ORD100156,CUST5336,AK,West,Retail,22,504.46,0.0,173.38
RD007,Jumbo Rubber Duck,Large,Green,Mini,4.63,2024-09-10,ORD100157,CUST7653,NM,West,Wholesale,41,170.85,18.98,54.96
RD008,Holiday Rubber Duck,Seasonal,Pink,Large,5.25,2024-02-22,ORD100158,CUST3353,CT,Northeast,Wholesale,29,129.41,22.84,42.47
RD006,Mini Rubber Duck,Mini,Yellow,Standard,6.74,2025-08-13,ORD100159,CUST8366,AL,South,Retail,24,161.76,0.0,76.06
RD003,Princess Rubber Duck,Themed,Pink,Large,10.08,2023-11-24,ORD100160,CUST6123,ME,Northeast,Retail,25,214.2,37.8,85.16
RD003,Princess Rubber Duck,Themed,Orange,Standard,13.79,2025-03-16,ORD100161,CUST4944,ND,Midwest,Retail,20,234.43,41.37,108.72
RD006,Mini Rubber Duck,Mini,Yellow,Standard,9.9,2023-01-17,ORD100162,CUST3194,ME,Northeast,Wholesale,39,328.19,57.91,126.86
RD006,Mini Rubber Duck,Mini,Yellow,Standard,4.94,2024-08-14,ORD100163,CUST9261,MN,Midwest,Marketplace,4,18.77,0.99,8.09
RD005,Glow Rubber Duck,Specialty,Orange,Standard,16.82,2024-11-25,ORD100164,CUST3363,NM,West,Retail,9,151.38,0.0,68.35
RD007,Jumbo Rubber Duck,Large,Green,Mini,4.94,2025-11-29,ORD100165,CUST9446,CA,West,Retail,9,40.01,4.45,11.07
RD006,Mini Rubber Duck,Mini,Orange,Large,7.4,2025-11-04,ORD100166,CUST9025,UT,West,Wholesale,40,266.4,29.6,89.26
RD008,Holiday Rubber Duck,Seasonal,Orange,Standard,10.95,2023-02-24,ORD100167,CUST5350,VT,Northeast,Retail,8,74.46,13.14,22.26
RD001,Classic Rubber Duck,Classic,Yellow,Large,7.57,2024-05-11,ORD100168,CUST2800,ID,West,Retail,41,263.81,46.56,112.68
RD001,Classic Rubber Duck,Classic,Purple,Large,12.78,2025-08-23,ORD100169,CUST2020,MN,Midwest,Retail,27,327.81,17.25,137.13
RD004,Superhero Rubber Duck,Themed,Green,Large,24.95,2023-12-21,ORD100170,CUST6608,UT,West,Wholesale,31,657.43,116.02,248.71
RD005,Glow Rubber Duck,Specialty,Pink,Standard,8.03,2024-04-05,ORD100171,CUST4396,ID,West,Marketplace,16,115.63,12.85,39.89
RD006,Mini Rubber Duck,Mini,Green,Standard,15.76,2025-02-16,ORD100172,CUST3399,MN,Midwest,Wholesale,47,666.65,74.07,280.03
RD001,Classic Rubber Duck,Classic,Blue,Large,5.65,2024-03-14,ORD100173,CUST5442,LA,South,Wholesale,29,147.46,16.39,43.11
RD003,Princess Rubber Duck,Themed,Blue,Large,19.55,2025-12-23,ORD100174,CUST4814,RI,Northeast,Online,16,297.16,15.64,152.43
RD002,Pirate Rubber Duck,Themed,Green,Large,19.05,2023-11-20,ORD100175,CUST8793,MN,Midwest,Marketplace,7,126.68,6.67,66.5
RD004,Superhero Rubber Duck,Themed,Orange,Large,9.98,2024-04-20,ORD100176,CUST1611,FL,South,Retail,4,39.92,0.0,15.45
RD007,Jumbo Rubber Duck,Large,Yellow,Mini,24.93,2024-08-15,ORD100177,CUST5888,NY,Mid-Atlantic,Online,26,550.95,97.23,229.08
RD006,Mini Rubber Duck,Mini,Orange,Standard,24.76,2023-10-02,ORD100178,CUST5470,MS,South,Retail,35,736.61,129.99,153.98
RD002,Pirate Rubber Duck,Themed,Purple,Standard,19.34,2023-01-29,ORD100179,CUST5833,NC,South,Retail,42,731.05,81.23,219.6
RD003,Princess Rubber Duck,Themed,Blue,Mini,22.83,2023-07-15,ORD100180,CUST8822,NM,West,Wholesale,28,575.32,63.92,273.8
RD004,Superhero Rubber Duck,Themed,Orange,Large,12.05,2024-09-10,ORD100181,CUST1187,VT,Northeast,Wholesale,29,314.5,34.95,73.9
RD006,Mini Rubber Duck,Mini,Purple,Standard,18.01,2025-10-26,ORD100182,CUST2923,NY,Mid-Atlantic,Wholesale,30,486.27,54.03,221.56
RD006,Mini Rubber Duck,Mini,Green,Large,8.59,2025-02-04,ORD100183,CUST9998,NV,West,Marketplace,9,65.71,11.6,27.96
RD004,Superhero Rubber Duck,Themed,Yellow,Large,19.84,2025-01-10,ORD100184,CUST2838,DC,Mid-Atlantic,Online,6,101.18,17.86,31.89
RD004,Superhero Rubber Duck,Themed,Purple,Large,7.14,2024-02-25,ORD100185,CUST9008,MT,West,Online,21,127.45,22.49,55.62
RD008,Holiday Rubber Duck,Seasonal,Purple,Standard,6.76,2025-08-04,ORD100186,CUST1356,MA,Northeast,Marketplace,27,155.14,27.38,47.27
RD005,Glow Rubber Duck,Specialty,Orange,Mini,8.57,2023-05-11,ORD100187,CUST2130,CT,Northeast,Marketplace,5,42.85,0.0,19.03
RD001,Classic Rubber Duck,Classic,Green,Standard,7.77,2025-02-22,ORD100188,CUST7154,AL,South,Online,9,59.44,10.49,21.42
RD003,Princess Rubber Duck,Themed,Yellow,Mini,7.74,2024-04-01,ORD100189,CUST5888,WV,South,Marketplace,35,230.26,40.64,72.54
RD007,Jumbo Rubber Duck,Large,Blue,Large,21.28,2024-07-18,ORD100190,CUST2848,CO,West,Online,16,289.41,51.07,106.73
RD007,Jumbo Rubber Duck,Large,Orange,Mini,23.65,2023-07-26,ORD100191,CUST8314,HI,West,Online,2,44.94,2.36,21.22
RD004,Superhero Rubber Duck,Themed,Blue,Large,13.21,2023-04-26,ORD100192,CUST5739,MA,Northeast,Retail,35,439.23,23.12,143.97
RD006,Mini Rubber Duck,Mini,Purple,Large,20.21,2023-10-21,ORD100193,CUST4621,WY,West,Marketplace,21,403.19,21.22,180.19
RD005,Glow Rubber Duck,Specialty,Orange,Standard,15.68,2025-05-24,ORD100194,CUST1768,VA,South,Wholesale,38,566.05,29.79,204.67
RD007,Jumbo Rubber Duck,Large,Orange,Standard,18.61,2024-01-12,ORD100195,CUST4948,UT,West,Retail,27,477.35,25.12,213.57
RD005,Glow Rubber Duck,Specialty,Blue,Standard,23.2,2025-12-21,ORD100196,CUST4978,DE,Mid-Atlantic,Wholesale,36,709.92,125.28,132.01
RD004,Superhero Rubber Duck,Themed,Yellow,Standard,5.65,2024-01-26,ORD100197,CUST7179,AR,South,Online,29,147.46,16.39,69.94
RD002,Pirate Rubber Duck,Themed,Pink,Mini,19.2,2024-11-12,ORD100198,CUST4470,MD,Mid-Atlantic,Retail,36,656.64,34.56,262.76
RD002,Pirate Rubber Duck,Themed,Orange,Standard,18.6,2024-05-05,ORD100199,CUST5637,IL,Midwest,Marketplace,46,812.82,42.78,342.96
RD008,Holiday Rubber Duck,Seasonal,Green,Mini,11.53,2025-10-15,ORD100200,CUST8692,NM,West,Wholesale,17,176.41,19.6,63.08
RD004,Superhero Rubber Duck,Themed,Pink,Large,12.68,2023-02-03,ORD100201,CUST7841,FL,South,Wholesale,37,445.7,23.46,147.64
RD003,Princess Rubber Duck,Themed,Pink,Standard,8.82,2024-11-22,ORD100202,CUST9037,PA,Mid-Atlantic,Marketplace,37,310.02,16.32,122.43
RD003,Princess Rubber Duck,Themed,Orange,Mini,6.93,2023-05-01,ORD100203,CUST2217,NC,South,Online,35,206.17,36.38,85.86
RD001,Classic Rubber Duck,Classic,Blue,Large,21.68,2023-01-19,ORD100204,CUST8471,IN,Midwest,Wholesale,15,325.2,0.0,121.37
RD001,Classic Rubber Duck,Classic,Yellow,Large,17.99,2023-02-02,ORD100205,CUST7739,NM,West,Online,40,611.66,107.94,169.23
RD001,Classic Rubber Duck,Classic,Blue,Mini,9.76,2025-05-31,ORD100206,CUST2578,AK,West,Retail,19,185.44,0.0,78.71
RD004,Superhero Rubber Duck,Themed,Pink,Standard,15.05,2023-06-11,ORD100207,CUST8520,MD,Mid-Atlantic,Retail,23,311.53,34.62,86.97
RD004,Superhero Rubber Duck,Themed,Green,Large,21.38,2025-02-15,ORD100208,CUST8798,AR,South,Online,6,128.28,0.0,67.56
RD001,Classic Rubber Duck,Classic,Orange,Mini,14.49,2023-07-15,ORD100209,CUST4764,NY,Mid-Atlantic,Retail,28,365.15,40.57,125.18
RD008,Holiday Rubber Duck,Seasonal,Blue,Standard,23.4,2023-03-09,ORD100210,CUST1256,VA,South,Retail,44,926.64,102.96,231.84
RD003,Princess Rubber Duck,Themed,Purple,Large,10.27,2025-03-07,ORD100211,CUST6435,MI,Midwest,Marketplace,37,360.99,19.0,136.16
RD003,Princess Rubber Duck,Themed,Yellow,Standard,19.64,2024-04-20,ORD100212,CUST7499,RI,Northeast,Wholesale,23,451.72,0.0,237.41
RD001,Classic Rubber Duck,Classic,Green,Mini,24.83,2025-02-07,ORD100213,CUST7227,OK,South,Online,32,754.83,39.73,326.6
RD005,Glow Rubber Duck,Specialty,Purple,Standard,5.53,2023-11-12,ORD100214,CUST6188,DC,Mid-Atlantic,Wholesale,18,94.56,4.98,40.31
RD002,Pirate Rubber Duck,Themed,Blue,Mini,23.79,2023-07-29,ORD100215,CUST4070,ME,Northeast,Marketplace,29,620.92,68.99,179.15
RD008,Holiday Rubber Duck,Seasonal,Orange,Large,14.75,2023-07-10,ORD100216,CUST6315,MT,West,Marketplace,7,103.25,0.0,54.47
RD001,Classic Rubber Duck,Classic,Purple,Standard,12.13,2023-12-14,ORD100217,CUST3777,AL,South,Retail,6,69.14,3.64,25.98
RD005,Glow Rubber Duck,Specialty,Pink,Standard,14.35,2025-05-12,ORD100218,CUST2260,GA,South,Wholesale,5,68.16,3.59,28.08
RD005,Glow Rubber Duck,Specialty,Pink,Mini,17.12,2023-10-05,ORD100219,CUST7483,DC,Mid-Atlantic,Wholesale,39,634.3,33.38,257.42
RD007,Jumbo Rubber Duck,Large,Green,Standard,11.02,2024-02-16,ORD100220,CUST3910,MS,South,Marketplace,42,439.7,23.14,196.66
RD006,Mini Rubber Duck,Mini,Green,Standard,18.58,2024-07-28,ORD100221,CUST2865,LA,South,Retail,32,564.83,29.73,248.84
RD003,Princess Rubber Duck,Themed,Purple,Mini,24.0,2024-08-19,ORD100222,CUST7703,CA,West,Marketplace,30,684.0,36.0,281.08
RD003,Princess Rubber Duck,Themed,Green,Large,9.3,2023-06-01,ORD100223,CUST8851,SC,South,Marketplace,10,79.05,13.95,18.85
RD007,Jumbo Rubber Duck,Large,Purple,Large,20.6,2024-05-23,ORD100224,CUST6816,CA,West,Retail,24,494.4,0.0,258.4
RD001,Classic Rubber Duck,Classic,Yellow,Mini,18.22,2025-05-31,ORD100225,CUST2615,NM,West,Wholesale,26,426.35,47.37,98.81
RD004,Superhero Rubber Duck,Themed,Green,Large,14.88,2025-03-12,ORD100226,CUST9199,AK,West,Retail,38,537.17,28.27,219.71
RD006,Mini Rubber Duck,Mini,Pink,Standard,6.19,2023-10-18,ORD100227,CUST6620,MA,Northeast,Marketplace,27,167.13,0.0,87.07
RD004,Superhero Rubber Duck,Themed,Pink,Mini,11.3,2025-07-15,ORD100228,CUST5919,ID,West,Online,7,67.23,11.87,17.36
RD002,Pirate Rubber Duck,Themed,Orange,Mini,17.6,2024-05-14,ORD100229,CUST3623,VT,Northeast,Wholesale,44,735.68,38.72,207.17
RD007,Jumbo Rubber Duck,Large,Green,Mini,20.74,2025-06-04,ORD100230,CUST4232,IL,Midwest,Marketplace,41,807.82,42.52,385.54
RD007,Jumbo Rubber Duck,Large,Orange,Mini,18.79,2023-05-09,ORD100231,CUST9796,OH,Midwest,Retail,14,236.75,26.31,68.9
RD006,Mini Rubber Duck,Mini,Orange,Standard,13.6,2024-10-03,ORD100232,CUST7431,SC,South,Online,17,196.52,34.68,61.98
RD006,Mini Rubber Duck,Mini,Purple,Mini,13.61,2023-06-23,ORD100233,CUST6131,TX,South,Online,12,146.99,16.33,35.99
RD004,Superhero Rubber Duck,Themed,Orange,Mini,7.83,2025-05-06,ORD100234,CUST7286,WV,South,Marketplace,45,334.73,17.62,131.18
RD003,Princess Rubber Duck,Themed,Pink,Mini,15.27,2025-09-29,ORD100235,CUST4065,NE,Midwest,Wholesale,42,609.27,32.07,231.7
RD008,Holiday Rubber Duck,Seasonal,Orange,Large,22.17,2025-02-25,ORD100236,CUST9109,CA,West,Marketplace,1,18.84,3.33,8.11
RD008,Holiday Rubber Duck,Seasonal,Blue,Standard,21.63,2023-03-05,ORD100237,CUST1535,KS,Midwest,Wholesale,32,657.55,34.61,331.77
RD004,Superhero Rubber Duck,Themed,Orange,Mini,7.52,2023-08-20,ORD100238,CUST5389,AZ,West,Wholesale,30,191.76,33.84,59.24
RD001,Classic Rubber Duck,Classic,Pink,Mini,8.58,2024-05-21,ORD100239,CUST8368,ND,Midwest,Wholesale,28,240.24,0.0,87.93
RD006,Mini Rubber Duck,Mini,Purple,Large,22.16,2024-12-19,ORD100240,CUST8015,MA,Northeast,Retail,8,168.42,8.86,79.34
RD003,Princess Rubber Duck,Themed,Pink,Large,20.9,2023-12-11,ORD100241,CUST5794,NJ,Mid-Atlantic,Wholesale,37,695.97,77.33,245.08
RD005,Glow Rubber Duck,Specialty,Purple,Mini,21.11,2024-07-21,ORD100242,CUST3174,NM,West,Retail,9,161.49,28.5,32.36
RD003,Princess Rubber Duck,Themed,Purple,Standard,9.19,2024-07-04,ORD100243,CUST7146,TX,South,Marketplace,44,343.71,60.65,112.27
RD002,Pirate Rubber Duck,Themed,Pink,Large,14.82,2025-09-26,ORD100244,CUST1040,MA,Northeast,Online,18,240.08,26.68,89.71
RD008,Holiday Rubber Duck,Seasonal,Blue,Standard,5.32,2025-05-29,ORD100245,CUST5399,TX,South,Wholesale,35,158.27,27.93,64.34
RD005,Glow Rubber Duck,Specialty,Yellow,Mini,16.13,2023-04-10,ORD100246,CUST8529,TN,South,Online,37,507.29,89.52,121.11
RD002,Pirate Rubber Duck,Themed,Purple,Standard,13.58,2023-09-28,ORD100247,CUST3604,DE,Mid-Atlantic,Wholesale,28,361.23,19.01,95.47
RD002,Pirate Rubber Duck,Themed,Purple,Large,5.72,2024-09-17,ORD100248,CUST4836,GA,South,Marketplace,43,233.66,12.3,119.79
RD002,Pirate Rubber Duck,Themed,Purple,Standard,8.47,2025-11-29,ORD100249,CUST1152,ME,Northeast,Online,5,40.23,2.12,14.89
RD006,Mini Rubber Duck,Mini,Purple,Mini,18.56,2023-07-02,ORD100250,CUST2690,MA,Northeast,Wholesale,31,575.36,0.0,283.52
RD006,Mini Rubber Duck,Mini,Yellow,Large,12.03,2023-10-20,ORD100251,CUST1138,NC,South,Retail,49,560.0,29.47,200.19
RD008,Holiday Rubber Duck,Seasonal,Blue,Mini,8.46,2025-06-25,ORD100252,CUST2646,LA,South,Retail,48,385.78,20.3,109.66
RD002,Pirate Rubber Duck,Themed,Pink,Large,12.05,2024-05-22,ORD100253,CUST2380,AK,West,Retail,28,303.66,33.74,85.1
RD005,Glow Rubber Duck,Specialty,Purple,Mini,22.38,2024-08-28,ORD100254,CUST4921,CT,Northeast,Marketplace,14,297.65,15.67,98.08
RD007,Jumbo Rubber Duck,Large,Pink,Standard,14.48,2023-01-25,ORD100255,CUST3162,NH,Northeast,Marketplace,39,564.72,0.0,236.01
RD007,Jumbo Rubber Duck,Large,Yellow,Large,18.33,2023-05-30,ORD100256,CUST2106,TN,South,Online,49,763.44,134.73,144.95
RD005,Glow Rubber Duck,Specialty,Green,Standard,23.36,2025-10-23,ORD100257,CUST7590,NY,Mid-Atlantic,Online,26,546.62,60.74,177.87
RD003,Princess Rubber Duck,Themed,Orange,Standard,10.5,2023-11-15,ORD100258,CUST7401,WV,South,Online,33,329.18,17.32,88.86
RD005,Glow Rubber Duck,Specialty,Yellow,Standard,24.01,2025-06-08,ORD100259,CUST1901,KS,Midwest,Wholesale,16,384.16,0.0,187.81
RD003,Princess Rubber Duck,Themed,Orange,Large,18.86,2024-12-11,ORD100260,CUST5247,ME,Northeast,Retail,45,848.7,0.0,432.02
RD006,Mini Rubber Duck,Mini,Pink,Standard,20.39,2023-03-02,ORD100261,CUST5456,DC,Mid-Atlantic,Online,18,367.02,0.0,131.08
RD005,Glow Rubber Duck,Specialty,Pink,Mini,5.61,2023-12-08,ORD100262,CUST5179,NM,West,Online,30,151.47,16.83,73.4
RD002,Pirate Rubber Duck,Themed,Pink,Standard,14.68,2025-08-24,ORD100263,CUST3458,DC,Mid-Atlantic,Retail,3,44.04,0.0,21.53
RD001,Classic Rubber Duck,Classic,Green,Large,23.18,2024-05-23,ORD100264,CUST6241,HI,West,Wholesale,48,945.74,166.9,382.6
RD002,Pirate Rubber Duck,Themed,Yellow,Standard,6.5,2025-11-22,ORD100265,CUST2129,UT,West,Marketplace,44,286.0,0.0,144.48
RD005,Glow Rubber Duck,Specialty,Orange,Standard,5.8,2024-08-20,ORD100266,CUST4974,FL,South,Marketplace,30,174.0,0.0,79.65
RD006,Mini Rubber Duck,Mini,Blue,Mini,24.94,2024-05-17,ORD100267,CUST7718,ID,West,Online,50,1184.65,62.35,395.15
RD004,Superhero Rubber Duck,Themed,Purple,Standard,17.34,2023-01-03,ORD100268,CUST6038,UT,West,Online,45,780.3,0.0,243.65
RD004,Superhero Rubber Duck,Themed,Yellow,Mini,12.81,2023-07-10,ORD100269,CUST9515,NV,West,Marketplace,4,48.68,2.56,16.51
RD006,Mini Rubber Duck,Mini,Yellow,Large,5.77,2025-03-18,ORD100270,CUST2020,KS,Midwest,Marketplace,7,38.37,2.02,13.76
RD003,Princess Rubber Duck,Themed,Pink,Standard,9.47,2024-10-30,ORD100271,CUST5455,PA,Mid-Atlantic,Retail,21,169.04,29.83,44.71
RD002,Pirate Rubber Duck,Themed,Green,Standard,20.37,2023-12-03,ORD100272,CUST6145,NJ,Mid-Atlantic,Marketplace,38,774.06,0.0,395.66
RD002,Pirate Rubber Duck,Themed,Yellow,Mini,24.25,2024-06-26,ORD100273,CUST3582,UT,West,Wholesale,14,288.58,50.92,109.64
RD001,Classic Rubber Duck,Classic,Orange,Mini,7.1,2025-03-22,ORD100274,CUST5896,PA,Mid-Atlantic,Wholesale,46,310.27,16.33,84.23
RD003,Princess Rubber Duck,Themed,Blue,Mini,21.94,2023-07-28,ORD100275,CUST1195,MA,Northeast,Online,36,750.35,39.49,376.22
RD004,Superhero Rubber Duck,Themed,Yellow,Mini,21.29,2024-06-14,ORD100276,CUST2056,NJ,Mid-Atlantic,Retail,24,510.96,0.0,206.64
RD008,Holiday Rubber Duck,Seasonal,Yellow,Mini,23.0,2025-08-02,ORD100277,CUST8096,NY,Mid-Atlantic,Marketplace,22,506.0,0.0,272.9
RD008,Holiday Rubber Duck,Seasonal,Pink,Standard,18.34,2024-01-19,ORD100278,CUST8307,MA,Northeast,Retail,12,198.07,22.01,87.22
RD001,Classic Rubber Duck,Classic,Yellow,Mini,16.95,2025-09-08,ORD100279,CUST5583,WY,West,Marketplace,42,640.71,71.19,231.56
RD003,Princess Rubber Duck,Themed,Green,Large,17.49,2023-02-09,ORD100280,CUST6883,IL,Midwest,Marketplace,34,564.93,29.73,203.56
RD008,Holiday Rubber Duck,Seasonal,Orange,Mini,14.54,2024-10-15,ORD100281,CUST1480,KY,South,Wholesale,25,327.15,36.35,147.23
RD001,Classic Rubber Duck,Classic,Blue,Large,11.5,2023-07-25,ORD100282,CUST4951,ND,Midwest,Wholesale,38,415.15,21.85,112.09
RD001,Classic Rubber Duck,Classic,Blue,Mini,21.77,2023-12-22,ORD100283,CUST6210,MD,Mid-Atlantic,Wholesale,25,489.82,54.43,117.66
RD001,Classic Rubber Duck,Classic,Orange,Standard,15.83,2025-10-05,ORD100284,CUST3876,KY,South,Marketplace,37,556.42,29.29,170.34
RD001,Classic Rubber Duck,Classic,Pink,Large,8.88,2023-01-02,ORD100285,CUST4300,ME,Northeast,Retail,15,133.2,0.0,55.73
RD006,Mini Rubber Duck,Mini,Pink,Mini,5.24,2025-12-13,ORD100286,CUST7120,PA,Mid-Atlantic,Marketplace,10,49.78,2.62,16.06
RD002,Pirate Rubber Duck,Themed,Purple,Standard,10.76,2025-09-24,ORD100287,CUST3854,GA,South,Wholesale,11,100.61,17.75,23.92
RD004,Superhero Rubber Duck,Themed,Purple,Large,11.94,2023-01-04,ORD100288,CUST7415,WA,West,Online,47,505.06,56.12,234.66
RD003,Princess Rubber Duck,Themed,Green,Mini,23.33,2023-08-02,ORD100289,CUST6425,UT,West,Online,40,886.54,46.66,317.37
RD004,Superhero Rubber Duck,Themed,Blue,Mini,7.52,2024-06-27,ORD100290,CUST2110,FL,South,Wholesale,6,40.61,4.51,15.27
RD005,Glow Rubber Duck,Specialty,Green,Standard,4.02,2023-12-07,ORD100291,CUST7204,CT,Northeast,Wholesale,25,85.43,15.07,21.8
RD007,Jumbo Rubber Duck,Large,Yellow,Standard,20.55,2023-05-31,ORD100292,CUST1328,MA,Northeast,Wholesale,37,722.33,38.02,349.25
RD005,Glow Rubber Duck,Specialty,Pink,Large,11.17,2023-07-10,ORD100293,CUST8909,ME,Northeast,Online,25,265.29,13.96,88.53
RD007,Jumbo Rubber Duck,Large,Blue,Standard,22.67,2024-02-25,ORD100294,CUST9849,MD,Mid-Atlantic,Wholesale,11,249.37,0.0,130.84
RD005,Glow Rubber Duck,Specialty,Yellow,Standard,6.0,2025-01-08,ORD100295,CUST2435,SC,South,Wholesale,26,132.6,23.4,56.41
RD008,Holiday Rubber Duck,Seasonal,Yellow,Standard,4.53,2025-08-27,ORD100296,CUST7512,NY,Mid-Atlantic,Marketplace,11,44.85,4.98,10.25
RD008,Holiday Rubber Duck,Seasonal,Pink,Mini,17.47,2025-02-20,ORD100297,CUST8303,WV,South,Online,25,414.91,21.84,177.86
RD005,Glow Rubber Duck,Specialty,Yellow,Large,9.52,2023-07-18,ORD100298,CUST6632,MO,Midwest,Marketplace,18,171.36,0.0,87.77
RD004,Superhero Rubber Duck,Themed,Orange,Mini,21.65,2025-08-30,ORD100299,CUST8803,CA,West,Wholesale,34,625.69,110.41,116.75
RD002,Pirate Rubber Duck,Themed,Blue,Mini,4.72,2025-07-08,ORD100300,CUST4471,KS,Midwest,Retail,37,165.91,8.73,82.07
RD003,Princess Rubber Duck,Themed,Orange,Standard,5.64,2023-10-30,ORD100301,CUST6238,MA,Northeast,Online,44,210.94,37.22,86.74
RD002,Pirate Rubber Duck,Themed,Purple,Large,12.33,2023-01-26,ORD100302,CUST9561,ND,Midwest,Marketplace,21,233.04,25.89,82.88
RD002,Pirate Rubber Duck,Themed,Pink,Large,7.1,2023-07-26,ORD100303,CUST6633,IN,Midwest,Marketplace,38,269.8,0.0,86.0
RD005,Glow Rubber Duck,Specialty,Green,Mini,14.19,2024-07-18,ORD100304,CUST7581,NE,Midwest,Online,39,470.4,83.01,216.18
RD007,Jumbo Rubber Duck,Large,Yellow,Standard,8.98,2025-02-01,ORD100305,CUST5965,LA,South,Wholesale,48,366.38,64.66,73.18
RD005,Glow Rubber Duck,Specialty,Pink,Standard,18.37,2025-06-26,ORD100306,CUST7828,KS,Midwest,Online,15,261.77,13.78,117.07
RD004,Superhero Rubber Duck,Themed,Yellow,Large,23.17,2025-02-04,ORD100307,CUST3604,IL,Midwest,Online,27,531.75,93.84,131.45
RD005,Glow Rubber Duck,Specialty,Yellow,Mini,6.84,2024-02-16,ORD100308,CUST1541,CO,West,Marketplace,34,232.56,0.0,117.81
RD001,Classic Rubber Duck,Classic,Purple,Mini,8.17,2023-09-11,ORD100309,CUST4963,LA,South,Wholesale,24,166.67,29.41,53.67
RD008,Holiday Rubber Duck,Seasonal,Purple,Large,7.72,2024-06-13,ORD100310,CUST2480,ID,West,Wholesale,31,215.39,23.93,87.1
RD001,Classic Rubber Duck,Classic,Purple,Mini,7.41,2024-04-06,ORD100311,CUST5408,OH,Midwest,Marketplace,37,260.46,13.71,78.33
RD001,Classic Rubber Duck,Classic,Blue,Standard,23.13,2023-01-18,ORD100312,CUST6004,MA,Northeast,Wholesale,42,922.89,48.57,339.74
RD007,Jumbo Rubber Duck,Large,Orange,Standard,13.63,2025-12-02,ORD100313,CUST2676,MN,Midwest,Online,14,162.2,28.62,61.92
RD006,Mini Rubber Duck,Mini,Yellow,Standard,16.46,2025-09-13,ORD100314,CUST5529,NM,West,Wholesale,19,281.47,31.27,87.23
RD005,Glow Rubber Duck,Specialty,Blue,Mini,18.92,2025-11-25,ORD100315,CUST7620,AR,South,Wholesale,42,715.18,79.46,320.17
RD003,Princess Rubber Duck,Themed,Green,Large,14.43,2025-04-08,ORD100316,CUST1578,CT,Northeast,Retail,19,246.75,27.42,61.21
RD006,Mini Rubber Duck,Mini,Purple,Large,15.22,2023-12-15,ORD100317,CUST3967,DC,Mid-Atlantic,Wholesale,31,424.64,47.18,152.48
RD002,Pirate Rubber Duck,Themed,Purple,Mini,19.55,2024-11-18,ORD100318,CUST4641,IN,Midwest,Wholesale,47,872.91,45.94,241.91
RD004,Superhero Rubber Duck,Themed,Green,Mini,20.54,2024-08-25,ORD100319,CUST8709,AL,South,Online,22,406.69,45.19,173.91
RD002,Pirate Rubber Duck,Themed,Yellow,Mini,14.5,2025-04-26,ORD100320,CUST3250,IL,Midwest,Retail,44,542.3,95.7,170.69
RD006,Mini Rubber Duck,Mini,Yellow,Standard,22.74,2024-01-05,ORD100321,CUST6449,SD,Midwest,Retail,30,648.09,34.11,287.14
RD006,Mini Rubber Duck,Mini,Green,Mini,13.48,2023-11-21,ORD100322,CUST3120,ME,Northeast,Marketplace,14,179.28,9.44,67.17
RD007,Jumbo Rubber Duck,Large,Purple,Standard,24.26,2024-02-13,ORD100323,CUST1230,IA,Midwest,Wholesale,25,606.5,0.0,327.85
RD004,Superhero Rubber Duck,Themed,Pink,Mini,4.08,2024-12-06,ORD100324,CUST2682,CT,Northeast,Marketplace,47,182.17,9.59,85.03
RD005,Glow Rubber Duck,Specialty,Orange,Large,21.29,2025-12-01,ORD100325,CUST6535,NY,Mid-Atlantic,Marketplace,20,383.22,42.58,143.08
RD003,Princess Rubber Duck,Themed,Yellow,Mini,11.53,2025-04-06,ORD100326,CUST4675,MS,South,Retail,13,142.4,7.49,39.42
RD004,Superhero Rubber Duck,Themed,Green,Large,14.59,2023-03-18,ORD100327,CUST5190,RI,Northeast,Online,8,105.05,11.67,31.78
RD001,Classic Rubber Duck,Classic,Yellow,Large,21.55,2025-02-17,ORD100328,CUST5140,CT,Northeast,Marketplace,4,86.2,0.0,38.43
RD003,Princess Rubber Duck,Themed,Purple,Large,18.39,2023-07-26,ORD100329,CUST5423,DC,Mid-Atlantic,Retail,1,16.55,1.84,6.34
RD007,Jumbo Rubber Duck,Large,Green,Mini,19.08,2023-08-06,ORD100330,CUST4272,RI,Northeast,Wholesale,8,137.38,15.26,64.34
RD004,Superhero Rubber Duck,Themed,Purple,Standard,12.59,2024-03-01,ORD100331,CUST6416,LA,South,Retail,11,138.49,0.0,57.19
RD001,Classic Rubber Duck,Classic,Orange,Mini,5.86,2023-07-04,ORD100332,CUST2659,CT,Northeast,Wholesale,8,39.85,7.03,17.01
RD004,Superhero Rubber Duck,Themed,Pink,Standard,9.54,2023-03-22,ORD100333,CUST6123,WI,Midwest,Marketplace,4,38.16,0.0,13.23
RD002,Pirate Rubber Duck,Themed,Orange,Standard,4.19,2025-06-15,ORD100334,CUST2522,ME,Northeast,Wholesale,9,35.82,1.89,15.75
RD006,Mini Rubber Duck,Mini,Green,Large,12.41,2025-09-06,ORD100335,CUST3732,NY,Mid-Atlantic,Online,30,335.07,37.23,89.75
RD003,Princess Rubber Duck,Themed,Blue,Large,6.17,2025-06-16,ORD100336,CUST7221,NH,Northeast,Wholesale,38,199.29,35.17,46.76
RD001,Classic Rubber Duck,Classic,Pink,Large,23.32,2023-05-10,ORD100337,CUST6148,DE,Mid-Atlantic,Online,8,158.58,27.98,54.07
RD004,Superhero Rubber Duck,Themed,Green,Standard,14.98,2024-05-24,ORD100338,CUST7305,TN,South,Retail,45,674.1,0.0,297.81
RD001,Classic Rubber Duck,Classic,Yellow,Standard,23.61,2023-12-05,ORD100339,CUST6253,CT,Northeast,Retail,33,662.26,116.87,145.72
RD006,Mini Rubber Duck,Mini,Yellow,Standard,14.64,2024-04-26,ORD100340,CUST8277,VA,South,Marketplace,36,447.98,79.06,157.68
RD002,Pirate Rubber Duck,Themed,Yellow,Large,10.63,2025-04-24,ORD100341,CUST9996,MO,Midwest,Online,32,340.16,0.0,178.36
RD002,Pirate Rubber Duck,Themed,Pink,Standard,17.38,2025-07-23,ORD100342,CUST1889,WY,West,Retail,33,544.86,28.68,192.91
RD008,Holiday Rubber Duck,Seasonal,Purple,Standard,20.11,2025-01-14,ORD100343,CUST2868,TN,South,Online,39,666.65,117.64,173.2
RD004,Superhero Rubber Duck,Themed,Purple,Mini,11.45,2025-02-04,ORD100344,CUST1750,VT,Northeast,Retail,41,422.5,46.95,146.97
RD008,Holiday Rubber Duck,Seasonal,Blue,Mini,19.58,2024-02-06,ORD100345,CUST7437,DC,Mid-Atlantic,Retail,27,528.66,0.0,257.15
RD008,Holiday Rubber Duck,Seasonal,Green,Standard,11.09,2023-09-10,ORD100346,CUST9260,DC,Mid-Atlantic,Retail,49,461.9,81.51,211.05
RD008,Holiday Rubber Duck,Seasonal,Orange,Mini,19.45,2025-09-16,ORD100347,CUST3845,RI,Northeast,Retail,36,595.17,105.03,133.25
RD002,Pirate Rubber Duck,Themed,Pink,Standard,16.6,2024-05-23,ORD100348,CUST6617,NE,Midwest,Wholesale,21,296.31,52.29,102.95
RD008,Holiday Rubber Duck,Seasonal,Purple,Large,12.66,2024-10-04,ORD100349,CUST4560,NJ,Mid-Atlantic,Retail,45,512.73,56.97,136.29
RD004,Superhero Rubber Duck,Themed,Orange,Large,10.09,2023-12-31,ORD100350,CUST6281,AK,West,Online,23,220.47,11.6,59.1
RD006,Mini Rubber Duck,Mini,Pink,Standard,16.23,2025-12-29,ORD100351,CUST1209,ID,West,Online,43,593.21,104.68,161.52
RD001,Classic Rubber Duck,Classic,Pink,Large,5.1,2023-11-26,ORD100352,CUST5105,IN,Midwest,Retail,4,19.38,1.02,8.84
RD001,Classic Rubber Duck,Classic,Orange,Large,19.82,2023-07-29,ORD100353,CUST4675,SC,South,Marketplace,3,53.51,5.95,14.65
RD004,Superhero Rubber Duck,Themed,Green,Standard,20.72,2023-04-07,ORD100354,CUST7825,HI,West,Wholesale,45,839.16,93.24,258.06
RD001,Classic Rubber Duck,Classic,Orange,Large,9.27,2025-01-23,ORD100355,CUST4218,CT,Northeast,Retail,40,315.18,55.62,71.38
RD005,Glow Rubber Duck,Specialty,Yellow,Standard,24.64,2025-11-18,ORD100356,CUST1665,IN,Midwest,Marketplace,5,117.04,6.16,31.96
RD005,Glow Rubber Duck,Specialty,Purple,Mini,6.72,2025-08-13,ORD100357,CUST1654,AZ,West,Retail,38,229.82,25.54,114.55
RD006,Mini Rubber Duck,Mini,Yellow,Large,20.24,2025-01-03,ORD100358,CUST6207,CA,West,Retail,41,746.86,82.98,271.66
RD003,Princess Rubber Duck,Themed,Yellow,Standard,20.5,2025-04-06,ORD100359,CUST4624,OR,West,Retail,11,191.68,33.82,59.59
RD006,Mini Rubber Duck,Mini,Yellow,Large,10.16,2023-01-19,ORD100360,CUST6668,FL,South,Marketplace,49,423.16,74.68,75.09
RD004,Superhero Rubber Duck,Themed,Green,Standard,9.11,2023-08-21,ORD100361,CUST9851,WY,West,Wholesale,3,24.6,2.73,9.7
RD001,Classic Rubber Duck,Classic,Purple,Mini,11.86,2024-08-30,ORD100362,CUST6248,HI,West,Online,33,332.67,58.71,108.92
RD002,Pirate Rubber Duck,Themed,Purple,Standard,15.19,2024-03-12,ORD100363,CUST2702,MD,Mid-Atlantic,Retail,41,622.79,0.0,309.72
RD007,Jumbo Rubber Duck,Large,Yellow,Mini,18.4,2023-03-19,ORD100364,CUST1889,CT,Northeast,Retail,2,31.28,5.52,8.12
RD005,Glow Rubber Duck,Specialty,Purple,Standard,16.06,2025-07-12,ORD100365,CUST8094,OR,West,Wholesale,15,216.81,24.09,83.86
RD001,Classic Rubber Duck,Classic,Purple,Mini,6.47,2023-04-04,ORD100366,CUST6860,NE,Midwest,Online,1,6.47,0.0,2.34
RD005,Glow Rubber Duck,Specialty,Green,Mini,5.81,2023-03-05,ORD100367,CUST9740,KY,South,Retail,49,241.99,42.7,86.73
RD003,Princess Rubber Duck,Themed,Yellow,Large,10.18,2025-02-03,ORD100368,CUST3316,ND,Midwest,Online,41,396.51,20.87,177.59
RD001,Classic Rubber Duck,Classic,Blue,Standard,16.52,2024-12-05,ORD100369,CUST9397,RI,Northeast,Retail,35,578.2,0.0,273.97
RD003,Princess Rubber Duck,Themed,Orange,Standard,16.94,2023-04-22,ORD100370,CUST2198,NJ,Mid-Atlantic,Wholesale,17,273.58,14.4,135.74
RD002,Pirate Rubber Duck,Themed,Blue,Large,8.14,2025-01-01,ORD100371,CUST4842,WV,South,Online,38,262.92,46.4,50.14
RD005,Glow Rubber Duck,Specialty,Purple,Large,22.89,2024-09-18,ORD100372,CUST3496,OR,West,Wholesale,21,408.59,72.1,138.12
RD006,Mini Rubber Duck,Mini,Pink,Standard,4.09,2025-06-12,ORD100373,CUST3200,IN,Midwest,Wholesale,16,62.17,3.27,21.07
RD008,Holiday Rubber Duck,Seasonal,Purple,Large,11.52,2023-12-26,ORD100374,CUST2343,MO,Midwest,Wholesale,20,195.84,34.56,60.38
RD003,Princess Rubber Duck,Themed,Orange,Large,9.52,2023-02-08,ORD100375,CUST1511,NV,West,Marketplace,41,390.32,0.0,143.69
RD004,Superhero Rubber Duck,Themed,Pink,Standard,9.46,2023-11-01,ORD100376,CUST4658,RI,Northeast,Wholesale,35,281.44,49.66,78.32
RD003,Princess Rubber Duck,Themed,Orange,Large,14.71,2024-05-04,ORD100377,CUST3717,ND,Midwest,Retail,26,344.21,38.25,124.09
RD008,Holiday Rubber Duck,Seasonal,Pink,Mini,15.88,2025-09-17,ORD100378,CUST4585,NJ,Mid-Atlantic,Marketplace,37,558.18,29.38,185.68
RD004,Superhero Rubber Duck,Themed,Green,Standard,11.75,2025-01-09,ORD100379,CUST8448,VT,Northeast,Online,3,33.49,1.76,13.06
RD001,Classic Rubber Duck,Classic,Orange,Large,18.77,2024-06-23,ORD100380,CUST3848,WV,South,Marketplace,34,574.36,63.82,153.98
RD007,Jumbo Rubber Duck,Large,Orange,Standard,17.71,2024-04-01,ORD100381,CUST6781,KY,South,Wholesale,5,79.69,8.86,31.51
RD008,Holiday Rubber Duck,Seasonal,Orange,Large,4.13,2023-06-07,ORD100382,CUST5600,SD,Midwest,Retail,9,31.59,5.58,13.32
RD003,Princess Rubber Duck,Themed,Pink,Large,11.6,2025-04-29,ORD100383,CUST2856,NJ,Mid-Atlantic,Marketplace,46,533.6,0.0,205.29
RD008,Holiday Rubber Duck,Seasonal,Blue,Large,16.4,2023-03-30,ORD100384,CUST3639,IL,Midwest,Retail,42,585.48,103.32,271.65
RD001,Classic Rubber Duck,Classic,Orange,Large,5.16,2025-04-10,ORD100385,CUST1305,WA,West,Wholesale,17,83.33,4.39,32.53
RD002,Pirate Rubber Duck,Themed,Orange,Mini,16.73,2025-04-21,ORD100386,CUST3979,DE,Mid-Atlantic,Wholesale,31,440.84,77.79,185.34
RD003,Princess Rubber Duck,Themed,Yellow,Mini,16.52,2023-09-28,ORD100387,CUST4315,MS,South,Marketplace,5,78.47,4.13,33.49
RD003,Princess Rubber Duck,Themed,Orange,Mini,7.72,2025-12-24,ORD100388,CUST2526,OR,West,Marketplace,40,308.8,0.0,102.08
RD003,Princess Rubber Duck,Themed,Yellow,Large,21.37,2025-01-28,ORD100389,CUST9680,MT,West,Marketplace,50,908.22,160.28,287.94
RD004,Superhero Rubber Duck,Themed,Green,Mini,11.35,2024-06-05,ORD100390,CUST2373,IA,Midwest,Wholesale,48,544.8,0.0,241.69
RD007,Jumbo Rubber Duck,Large,Orange,Mini,4.1,2023-08-30,ORD100391,CUST7144,SC,South,Retail,48,196.8,0.0,79.8
RD006,Mini Rubber Duck,Mini,Orange,Standard,6.23,2025-05-17,ORD100392,CUST5514,MN,Midwest,Marketplace,28,157.0,17.44,67.11
RD004,Superhero Rubber Duck,Themed,Pink,Standard,20.45,2025-09-17,ORD100393,CUST6641,ND,Midwest,Marketplace,31,602.25,31.7,258.3
RD003,Princess Rubber Duck,Themed,Green,Standard,8.82,2025-11-07,ORD100394,CUST1852,CT,Northeast,Retail,45,377.05,19.85,188.49
RD007,Jumbo Rubber Duck,Large,Blue,Standard,21.28,2024-06-22,ORD100395,CUST2311,ME,Northeast,Online,31,560.73,98.95,249.34
RD007,Jumbo Rubber Duck,Large,Purple,Standard,17.77,2023-12-25,ORD100396,CUST8192,SD,Midwest,Online,19,337.63,0.0,105.87
RD004,Superhero Rubber Duck,Themed,Pink,Mini,8.08,2023-03-15,ORD100397,CUST1004,AZ,West,Retail,39,299.36,15.76,109.09
RD002,Pirate Rubber Duck,Themed,Orange,Mini,12.38,2024-02-15,ORD100398,CUST2124,OK,South,Online,43,452.49,79.85,158.98
RD005,Glow Rubber Duck,Specialty,Green,Standard,11.3,2024-02-03,ORD100399,CUST1076,WY,West,Wholesale,18,193.23,10.17,70.87
RD003,Princess Rubber Duck,Themed,Orange,Standard,6.23,2023-08-28,ORD100400,CUST9813,ND,Midwest,Wholesale,5,28.03,3.12,11.37
RD008,Holiday Rubber Duck,Seasonal,Purple,Standard,14.15,2025-07-28,ORD100401,CUST1448,SD,Midwest,Marketplace,16,203.76,22.64,47.47
RD002,Pirate Rubber Duck,Themed,Pink,Large,12.03,2025-04-24,ORD100402,CUST9776,WV,South,Online,15,171.43,9.02,54.13
RD005,Glow Rubber Duck,Specialty,Green,Standard,5.94,2024-01-01,ORD100403,CUST6792,PA,Mid-Atlantic,Retail,44,235.22,26.14,112.64
RD005,Glow Rubber Duck,Specialty,Purple,Mini,18.34,2024-04-25,ORD100404,CUST5348,DC,Mid-Atlantic,Retail,13,202.66,35.76,51.44
RD004,Superhero Rubber Duck,Themed,Yellow,Large,21.55,2023-09-03,ORD100405,CUST9071,NJ,Mid-Atlantic,Online,23,470.87,24.78,151.31
RD001,Classic Rubber Duck,Classic,Pink,Standard,17.02,2025-11-12,ORD100406,CUST4638,MN,Midwest,Retail,32,490.18,54.46,178.26
RD001,Classic Rubber Duck,Classic,Purple,Mini,12.88,2025-03-17,ORD100407,CUST8490,HI,West,Online,35,450.8,0.0,191.31
RD008,Holiday Rubber Duck,Seasonal,Pink,Standard,4.17,2023-07-26,ORD100408,CUST5254,LA,South,Retail,44,174.31,9.17,74.34
RD005,Glow Rubber Duck,Specialty,Green,Mini,13.89,2025-10-18,ORD100409,CUST7866,PA,Mid-Atlantic,Wholesale,40,500.04,55.56,199.19
RD006,Mini Rubber Duck,Mini,Yellow,Large,13.46,2024-04-13,ORD100410,CUST5422,WI,Midwest,Retail,37,473.12,24.9,127.09
RD007,Jumbo Rubber Duck,Large,Blue,Standard,7.05,2023-01-20,ORD100411,CUST9185,IL,Midwest,Retail,48,321.48,16.92,129.19
RD006,Mini Rubber Duck,Mini,Yellow,Mini,9.26,2023-12-01,ORD100412,CUST5166,WI,Midwest,Marketplace,37,342.62,0.0,154.32
RD002,Pirate Rubber Duck,Themed,Pink,Mini,11.02,2024-06-11,ORD100413,CUST7746,KS,Midwest,Online,24,238.03,26.45,81.96
RD006,Mini Rubber Duck,Mini,Pink,Standard,16.1,2024-08-05,ORD100414,CUST9363,NV,West,Marketplace,42,642.39,33.81,172.54
RD008,Holiday Rubber Duck,Seasonal,Green,Large,16.88,2024-11-21,ORD100415,CUST7631,MA,Northeast,Online,30,481.08,25.32,143.28
RD002,Pirate Rubber Duck,Themed,Pink,Standard,8.78,2025-03-20,ORD100416,CUST6950,PA,Mid-Atlantic,Marketplace,21,165.94,18.44,50.22
RD007,Jumbo Rubber Duck,Large,Blue,Mini,21.93,2023-06-13,ORD100417,CUST7505,NJ,Mid-Atlantic,Online,9,187.5,9.87,66.02
RD002,Pirate Rubber Duck,Themed,Yellow,Standard,15.51,2023-06-20,ORD100418,CUST3544,MA,Northeast,Online,2,26.37,4.65,8.35
RD007,Jumbo Rubber Duck,Large,Orange,Mini,9.19,2023-09-26,ORD100419,CUST1468,SC,South,Online,19,148.42,26.19,42.5
RD006,Mini Rubber Duck,Mini,Purple,Large,13.99,2023-10-04,ORD100420,CUST3900,TX,South,Marketplace,35,440.68,48.97,153.19
RD007,Jumbo Rubber Duck,Large,Yellow,Standard,17.42,2024-04-10,ORD100421,CUST6044,NM,West,Wholesale,20,313.56,34.84,114.83
RD007,Jumbo Rubber Duck,Large,Orange,Mini,10.37,2025-08-18,ORD100422,CUST9059,NC,South,Marketplace,1,9.85,0.52,4.29
RD005,Glow Rubber Duck,Specialty,Blue,Standard,20.75,2025-02-04,ORD100423,CUST8161,MA,Northeast,Marketplace,39,768.79,40.46,243.43
RD004,Superhero Rubber Duck,Themed,Green,Large,19.47,2023-06-12,ORD100424,CUST4924,DC,Mid-Atlantic,Wholesale,25,413.74,73.01,167.86
RD005,Glow Rubber Duck,Specialty,Yellow,Large,9.64,2024-08-16,ORD100425,CUST8460,HI,West,Marketplace,13,125.32,0.0,63.21
RD005,Glow Rubber Duck,Specialty,Yellow,Mini,7.93,2025-12-31,ORD100426,CUST2675,ID,West,Wholesale,2,15.07,0.79,7.74
RD005,Glow Rubber Duck,Specialty,Green,Mini,13.2,2023-01-31,ORD100427,CUST6601,DC,Mid-Atlantic,Marketplace,1,12.54,0.66,6.3
RD005,Glow Rubber Duck,Specialty,Yellow,Standard,13.73,2023-10-27,ORD100428,CUST7429,MN,Midwest,Online,3,37.07,4.12,17.71
RD008,Holiday Rubber Duck,Seasonal,Purple,Mini,22.8,2023-09-07,ORD100429,CUST7304,NJ,Mid-Atlantic,Marketplace,17,329.46,58.14,74.78
RD004,Superhero Rubber Duck,Themed,Green,Standard,13.67,2024-03-02,ORD100430,CUST6113,NH,Northeast,Wholesale,50,683.5,0.0,286.88
RD003,Princess Rubber Duck,Themed,Blue,Standard,23.68,2024-09-03,ORD100431,CUST1853,CT,Northeast,Retail,34,805.12,0.0,391.83
RD002,Pirate Rubber Duck,Themed,Green,Mini,13.11,2023-09-03,ORD100432,CUST1146,DC,Mid-Atlantic,Online,1,12.45,0.66,3.95
RD008,Holiday Rubber Duck,Seasonal,Purple,Large,11.79,2023-07-07,ORD100433,CUST6544,WA,West,Online,6,67.2,3.54,32.58
RD001,Classic Rubber Duck,Classic,Pink,Large,7.22,2024-04-21,ORD100434,CUST6690,AR,South,Marketplace,35,252.7,0.0,131.04
RD004,Superhero Rubber Duck,Themed,Green,Large,11.92,2023-03-22,ORD100435,CUST8168,CT,Northeast,Wholesale,47,532.23,28.01,245.01
RD008,Holiday Rubber Duck,Seasonal,Orange,Large,7.91,2024-07-17,ORD100436,CUST3627,MD,Mid-Atlantic,Online,23,163.74,18.19,48.56
RD003,Princess Rubber Duck,Themed,Green,Large,21.2,2025-11-02,ORD100437,CUST4039,WI,Midwest,Online,35,667.8,74.2,249.67
RD006,Mini Rubber Duck,Mini,Orange,Mini,10.72,2025-10-15,ORD100438,CUST5638,NV,West,Wholesale,5,45.56,8.04,18.9
RD007,Jumbo Rubber Duck,Large,Blue,Mini,6.01,2023-09-23,ORD100439,CUST4310,WV,South,Online,43,258.43,0.0,139.31
RD008,Holiday Rubber Duck,Seasonal,Orange,Large,4.66,2025-12-12,ORD100440,CUST5193,NY,Mid-Atlantic,Online,42,166.36,29.36,46.09
RD006,Mini Rubber Duck,Mini,Green,Large,19.06,2023-06-13,ORD100441,CUST1994,MD,Mid-Atlantic,Wholesale,1,18.11,0.95,6.41
RD007,Jumbo Rubber Duck,Large,Pink,Mini,18.87,2023-05-25,ORD100442,CUST4537,OK,South,Online,40,679.32,75.48,239.83
RD002,Pirate Rubber Duck,Themed,Orange,Large,12.08,2024-01-02,ORD100443,CUST7802,MD,Mid-Atlantic,Online,13,149.19,7.85,56.14
RD006,Mini Rubber Duck,Mini,Orange,Standard,17.96,2025-04-02,ORD100444,CUST3591,KS,Midwest,Marketplace,7,119.43,6.29,37.95
RD006,Mini Rubber Duck,Mini,Purple,Standard,24.81,2025-05-31,ORD100445,CUST4943,TN,South,Retail,21,468.91,52.1,180.75
RD007,Jumbo Rubber Duck,Large,Purple,Mini,9.33,2023-01-01,ORD100446,CUST5660,AK,West,Online,29,229.98,40.59,43.3
RD003,Princess Rubber Duck,Themed,Purple,Standard,10.3,2023-02-14,ORD100447,CUST9376,VA,South,Retail,15,146.77,7.73,44.19
RD002,Pirate Rubber Duck,Themed,Blue,Standard,11.46,2024-05-26,ORD100448,CUST5920,MA,Northeast,Online,9,92.83,10.31,36.95
RD007,Jumbo Rubber Duck,Large,Green,Large,19.41,2023-12-21,ORD100449,CUST2562,NV,West,Wholesale,47,821.04,91.23,229.68
RD001,Classic Rubber Duck,Classic,Green,Mini,5.64,2025-06-08,ORD100450,CUST4714,CO,West,Online,4,20.3,2.26,8.19
RD007,Jumbo Rubber Duck,Large,Blue,Mini,15.0,2024-03-28,ORD100451,CUST7436,VT,Northeast,Marketplace,21,299.25,15.75,131.76
RD002,Pirate Rubber Duck,Themed,Green,Large,10.08,2023-06-19,ORD100452,CUST1807,DE,Mid-Atlantic,Marketplace,26,248.98,13.1,122.38
RD005,Glow Rubber Duck,Specialty,Orange,Mini,14.53,2025-09-11,ORD100453,CUST8993,MA,Northeast,Marketplace,50,690.17,36.33,224.84
RD004,Superhero Rubber Duck,Themed,Green,Standard,24.93,2024-06-29,ORD100454,CUST2467,WY,West,Online,34,805.24,42.38,372.46
RD007,Jumbo Rubber Duck,Large,Pink,Mini,11.3,2023-02-19,ORD100455,CUST6729,MN,Midwest,Marketplace,21,213.57,23.73,71.55
RD003,Princess Rubber Duck,Themed,Purple,Mini,23.4,2023-11-16,ORD100456,CUST2841,OH,Midwest,Online,15,333.45,17.55,115.36
RD004,Superhero Rubber Duck,Themed,Pink,Standard,22.23,2023-08-16,ORD100457,CUST8719,WA,West,Online,19,422.37,0.0,196.06
RD006,Mini Rubber Duck,Mini,Purple,Large,15.29,2023-10-17,ORD100458,CUST1301,DC,Mid-Atlantic,Marketplace,14,192.65,21.41,66.95
RD001,Classic Rubber Duck,Classic,Yellow,Standard,5.25,2023-01-18,ORD100459,CUST5445,NC,South,Wholesale,13,61.42,6.83,29.8
RD002,Pirate Rubber Duck,Themed,Orange,Large,22.21,2025-02-18,ORD100460,CUST2631,VT,Northeast,Wholesale,42,792.9,139.92,319.22
RD008,Holiday Rubber Duck,Seasonal,Yellow,Mini,5.84,2023-02-14,ORD100461,CUST9673,MT,West,Wholesale,13,64.53,11.39,19.72
RD006,Mini Rubber Duck,Mini,Purple,Standard,19.62,2024-12-28,ORD100462,CUST4869,IA,Midwest,Wholesale,2,35.32,3.92,10.95
RD001,Classic Rubber Duck,Classic,Green,Large,22.69,2024-11-30,ORD100463,CUST3248,AL,South,Online,2,40.84,4.54,17.86
RD007,Jumbo Rubber Duck,Large,Green,Standard,16.85,2023-11-09,ORD100464,CUST6395,NM,West,Marketplace,41,656.31,34.54,273.35
RD003,Princess Rubber Duck,Themed,Purple,Large,6.9,2024-09-24,ORD100465,CUST9582,DC,Mid-Atlantic,Retail,35,229.42,12.08,68.67
RD007,Jumbo Rubber Duck,Large,Purple,Mini,23.58,2025-12-27,ORD100466,CUST4016,DC,Mid-Atlantic,Wholesale,11,233.44,25.94,112.32
RD003,Princess Rubber Duck,Themed,Blue,Mini,22.47,2024-07-14,ORD100467,CUST2749,VT,Northeast,Retail,27,515.69,91.0,196.67
RD003,Princess Rubber Duck,Themed,Purple,Mini,16.95,2024-04-17,ORD100468,CUST6886,RI,Northeast,Online,39,628.0,33.05,231.97
RD008,Holiday Rubber Duck,Seasonal,Green,Standard,21.76,2025-03-04,ORD100469,CUST3253,MD,Mid-Atlantic,Retail,31,607.1,67.46,272.52
RD004,Superhero Rubber Duck,Themed,Purple,Large,12.57,2024-03-31,ORD100470,CUST4323,NY,Mid-Atlantic,Retail,1,11.31,1.26,2.67
RD002,Pirate Rubber Duck,Themed,Green,Standard,22.2,2024-05-20,ORD100471,CUST1685,DE,Mid-Atlantic,Marketplace,32,639.36,71.04,165.74
RD006,Mini Rubber Duck,Mini,Green,Mini,23.71,2025-07-13,ORD100472,CUST5025,SD,Midwest,Marketplace,37,877.27,0.0,368.31
RD001,Classic Rubber Duck,Classic,Green,Standard,14.83,2025-06-19,ORD100473,CUST5684,CO,West,Marketplace,41,608.03,0.0,305.56
RD003,Princess Rubber Duck,Themed,Yellow,Large,16.87,2025-07-14,ORD100474,CUST9202,WI,Midwest,Online,4,64.11,3.37,25.92
RD003,Princess Rubber Duck,Themed,Blue,Standard,15.46,2023-02-21,ORD100475,CUST4308,AK,West,Marketplace,26,341.67,60.29,128.28
RD002,Pirate Rubber Duck,Themed,Yellow,Mini,18.52,2023-09-11,ORD100476,CUST8362,FL,South,Wholesale,46,809.32,42.6,272.96
RD002,Pirate Rubber Duck,Themed,Yellow,Mini,12.06,2025-02-18,ORD100477,CUST6491,AK,West,Retail,33,378.08,19.9,161.31
RD003,Princess Rubber Duck,Themed,Pink,Large,20.14,2025-07-02,ORD100478,CUST3960,NJ,Mid-Atlantic,Online,4,68.48,12.08,26.02
RD003,Princess Rubber Duck,Themed,Orange,Mini,17.06,2025-10-18,ORD100479,CUST9084,NY,Mid-Atlantic,Retail,17,290.02,0.0,126.26
RD004,Superhero Rubber Duck,Themed,Blue,Large,13.98,2023-01-14,ORD100480,CUST5556,NM,West,Retail,27,320.84,56.62,143.49
RD001,Classic Rubber Duck,Classic,Purple,Large,5.15,2023-03-08,ORD100481,CUST5889,NJ,Mid-Atlantic,Wholesale,23,118.45,0.0,60.84
RD002,Pirate Rubber Duck,Themed,Green,Large,12.75,2023-12-30,ORD100482,CUST6901,ME,Northeast,Online,12,145.35,7.65,50.79
RD002,Pirate Rubber Duck,Themed,Pink,Standard,11.73,2023-05-13,ORD100483,CUST3204,FL,South,Online,25,293.25,0.0,105.68
RD005,Glow Rubber Duck,Specialty,Orange,Large,12.68,2023-08-12,ORD100484,CUST9666,TN,South,Online,14,168.64,8.88,61.59
RD008,Holiday Rubber Duck,Seasonal,Pink,Large,24.7,2024-10-10,ORD100485,CUST6797,HI,West,Retail,19,398.91,70.39,116.29
RD008,Holiday Rubber Duck,Seasonal,Purple,Standard,17.26,2024-04-21,ORD100486,CUST4171,AK,West,Online,32,524.7,27.62,154.14
RD002,Pirate Rubber Duck,Themed,Green,Mini,17.12,2025-04-29,ORD100487,CUST6468,MA,Northeast,Wholesale,8,130.11,6.85,41.1
RD004,Superhero Rubber Duck,Themed,Pink,Large,8.21,2024-09-22,ORD100488,CUST6307,CT,Northeast,Online,19,140.39,15.6,39.38
RD002,Pirate Rubber Duck,Themed,Pink,Standard,12.31,2024-02-02,ORD100489,CUST8849,FL,South,Marketplace,37,455.47,0.0,155.77
RD001,Classic Rubber Duck,Classic,Purple,Mini,7.25,2025-04-27,ORD100490,CUST9537,DE,Mid-Atlantic,Wholesale,30,195.75,21.75,72.73
RD006,Mini Rubber Duck,Mini,Yellow,Mini,4.38,2024-12-25,ORD100491,CUST5595,MT,West,Online,37,145.85,16.21,40.53
RD006,Mini Rubber Duck,Mini,Pink,Large,15.21,2023-08-28,ORD100492,CUST6152,NE,Midwest,Online,11,142.21,25.1,59.08
RD005,Glow Rubber Duck,Specialty,Blue,Large,14.43,2024-09-11,ORD100493,CUST5953,MI,Midwest,Retail,16,207.79,23.09,77.81
RD002,Pirate Rubber Duck,Themed,Green,Large,4.78,2023-02-21,ORD100494,CUST3524,OK,South,Retail,13,62.14,0.0,27.28
RD006,Mini Rubber Duck,Mini,Orange,Large,22.34,2023-07-21,ORD100495,CUST3174,KS,Midwest,Retail,20,402.12,44.68,185.05
RD001,Classic Rubber Duck,Classic,Purple,Large,18.98,2023-04-01,ORD100496,CUST2426,IA,Midwest,Wholesale,34,645.32,0.0,354.26
RD008,Holiday Rubber Duck,Seasonal,Purple,Mini,14.92,2024-10-01,ORD100497,CUST6257,ME,Northeast,Retail,43,577.4,64.16,285.09
RD004,Superhero Rubber Duck,Themed,Blue,Mini,15.17,2024-07-12,ORD100498,CUST5483,GA,South,Online,50,644.73,113.77,176.14
RD001,Classic Rubber Duck,Classic,Blue,Large,14.79,2024-07-09,ORD100499,CUST5641,MT,West,Retail,14,186.35,20.71,64.74
RD003,Princess Rubber Duck,Themed,Green,Large,16.87,2023-03-01,ORD100500,CUST1826,VT,Northeast,Online,22,315.47,55.67,143.75
RD007,Jumbo Rubber Duck,Large,Pink,Mini,12.95,2024-10-01,ORD100501,CUST9740,ME,Northeast,Online,12,132.09,23.31,38.22
RD008,Holiday Rubber Duck,Seasonal,Purple,Large,5.94,2024-09-27,ORD100502,CUST8625,WA,West,Marketplace,45,227.21,40.09,100.43
RD004,Superhero Rubber Duck,Themed,Blue,Large,22.07,2025-03-13,ORD100503,CUST6412,NJ,Mid-Atlantic,Wholesale,40,794.52,88.28,195.79
RD008,Holiday Rubber Duck,Seasonal,Pink,Standard,5.36,2023-12-16,ORD100504,CUST3087,OH,Midwest,Online,8,38.59,4.29,14.16
RD007,Jumbo Rubber Duck,Large,Orange,Standard,15.67,2025-03-31,ORD100505,CUST4908,VT,Northeast,Retail,5,70.52,7.83,24.83
RD003,Princess Rubber Duck,Themed,Orange,Standard,5.38,2025-06-10,ORD100506,CUST9921,IA,Midwest,Retail,14,64.02,11.3,15.36
RD003,Princess Rubber Duck,Themed,Pink,Large,23.54,2025-08-06,ORD100507,CUST2599,CT,Northeast,Marketplace,37,740.33,130.65,323.5
RD003,Princess Rubber Duck,Themed,Yellow,Mini,5.45,2023-05-06,ORD100508,CUST3276,AL,South,Online,7,32.43,5.72,12.14
RD003,Princess Rubber Duck,Themed,Pink,Large,15.15,2024-10-10,ORD100509,CUST5989,DE,Mid-Atlantic,Marketplace,25,321.94,56.81,132.98
RD006,Mini Rubber Duck,Mini,Yellow,Standard,4.16,2024-08-25,ORD100510,CUST9992,RI,Northeast,Online,33,116.69,20.59,25.82
RD001,Classic Rubber Duck,Classic,Purple,Standard,6.29,2025-03-18,ORD100511,CUST7271,UT,West,Marketplace,19,119.51,0.0,58.7
RD007,Jumbo Rubber Duck,Large,Pink,Standard,8.43,2025-02-26,ORD100512,CUST3527,ND,Midwest,Wholesale,12,85.99,15.17,36.95
RD003,Princess Rubber Duck,Themed,Purple,Standard,5.5,2025-09-23,ORD100513,CUST3224,NY,Mid-Atlantic,Online,2,10.45,0.55,3.52
RD003,Princess Rubber Duck,Themed,Orange,Standard,22.76,2025-07-19,ORD100514,CUST8373,MO,Midwest,Marketplace,45,870.57,153.63,250.1
RD006,Mini Rubber Duck,Mini,Purple,Large,12.91,2024-04-29,ORD100515,CUST5411,NJ,Mid-Atlantic,Marketplace,1,10.97,1.94,2.43
RD006,Mini Rubber Duck,Mini,Purple,Mini,15.92,2025-09-13,ORD100516,CUST3327,ME,Northeast,Wholesale,46,659.09,73.23,308.83
RD008,Holiday Rubber Duck,Seasonal,Purple,Large,14.98,2023-06-09,ORD100517,CUST9834,OR,West,Wholesale,40,599.2,0.0,292.82
RD001,Classic Rubber Duck,Classic,Orange,Large,20.34,2025-08-18,ORD100518,CUST6431,TN,South,Marketplace,31,535.96,94.58,171.4
RD006,Mini Rubber Duck,Mini,Yellow,Large,7.51,2024-06-17,ORD100519,CUST8752,GA,South,Retail,45,304.15,33.8,90.65
RD001,Classic Rubber Duck,Classic,Orange,Mini,19.47,2023-09-17,ORD100520,CUST5552,OK,South,Wholesale,2,35.05,3.89,12.81
RD003,Princess Rubber Duck,Themed,Orange,Large,9.77,2023-12-24,ORD100521,CUST3476,AZ,West,Marketplace,17,166.09,0.0,60.56
RD006,Mini Rubber Duck,Mini,Yellow,Standard,20.42,2025-12-16,ORD100522,CUST2382,PA,Mid-Atlantic,Retail,16,277.71,49.01,115.92
RD003,Princess Rubber Duck,Themed,Blue,Large,20.17,2023-12-09,ORD100523,CUST6653,IA,Midwest,Online,16,274.31,48.41,70.51
RD005,Glow Rubber Duck,Specialty,Blue,Standard,7.51,2025-12-26,ORD100524,CUST7390,ME,Northeast,Marketplace,26,165.97,29.29,63.39
RD005,Glow Rubber Duck,Specialty,Green,Large,22.27,2025-07-08,ORD100525,CUST6172,MD,Mid-Atlantic,Online,1,20.04,2.23,4.86
RD002,Pirate Rubber Duck,Themed,Yellow,Standard,11.42,2024-06-30,ORD100526,CUST7408,NM,West,Marketplace,28,287.78,31.98,117.11
RD004,Superhero Rubber Duck,Themed,Purple,Mini,8.08,2023-01-22,ORD100527,CUST2113,HI,West,Online,22,168.87,8.89,74.96
RD007,Jumbo Rubber Duck,Large,Pink,Mini,6.17,2024-08-03,ORD100528,CUST1557,RI,Northeast,Online,29,161.04,17.89,70.71
RD002,Pirate Rubber Duck,Themed,Yellow,Large,17.78,2023-09-03,ORD100529,CUST3128,RI,Northeast,Marketplace,14,248.92,0.0,92.84
RD003,Princess Rubber Duck,Themed,Purple,Standard,7.86,2023-06-05,ORD100530,CUST5528,CT,Northeast,Marketplace,19,126.94,22.4,35.08
RD006,Mini Rubber Duck,Mini,Yellow,Standard,20.39,2024-11-12,ORD100531,CUST5336,NC,South,Retail,18,367.02,0.0,166.74
RD008,Holiday Rubber Duck,Seasonal,Yellow,Mini,24.56,2025-10-04,ORD100532,CUST9857,MA,Northeast,Marketplace,13,271.39,47.89,113.47
RD004,Superhero Rubber Duck,Themed,Yellow,Large,6.22,2023-05-30,ORD100533,CUST5105,NM,West,Marketplace,29,162.34,18.04,76.51
RD001,Classic Rubber Duck,Classic,Blue,Large,17.7,2024-06-29,ORD100534,CUST6403,IN,Midwest,Marketplace,1,17.7,0.0,6.79
RD001,Classic Rubber Duck,Classic,Orange,Mini,23.73,2023-05-24,ORD100535,CUST1054,AK,West,Marketplace,32,645.46,113.9,220.97
RD008,Holiday Rubber Duck,Seasonal,Yellow,Large,15.23,2025-03-31,ORD100536,CUST2485,RI,Northeast,Wholesale,23,315.26,35.03,97.92
RD006,Mini Rubber Duck,Mini,Green,Large,19.96,2023-03-22,ORD100537,CUST4129,MA,Northeast,Wholesale,19,360.28,18.96,172.88
RD007,Jumbo Rubber Duck,Large,Purple,Mini,18.46,2025-06-15,ORD100538,CUST3292,CT,Northeast,Online,32,590.72,0.0,194.17
RD004,Superhero Rubber Duck,Themed,Green,Large,24.91,2024-09-22,ORD100539,CUST8361,CT,Northeast,Online,16,338.78,59.78,120.69
RD001,Classic Rubber Duck,Classic,Purple,Large,11.08,2024-03-09,ORD100540,CUST9570,VA,South,Marketplace,47,520.76,0.0,233.62
RD003,Princess Rubber Duck,Themed,Green,Large,23.41,2023-02-09,ORD100541,CUST1750,NV,West,Retail,3,66.72,3.51,26.53
RD003,Princess Rubber Duck,Themed,Orange,Mini,17.28,2023-12-16,ORD100542,CUST2742,NH,Northeast,Online,20,345.6,0.0,150.67
RD008,Holiday Rubber Duck,Seasonal,Pink,Mini,16.92,2025-04-03,ORD100543,CUST9943,HI,West,Retail,5,80.37,4.23,33.29
RD006,Mini Rubber Duck,Mini,Green,Mini,16.44,2023-10-17,ORD100544,CUST7060,NY,Mid-Atlantic,Retail,22,361.68,0.0,188.01
RD008,Holiday Rubber Duck,Seasonal,Green,Mini,4.84,2023-02-02,ORD100545,CUST1104,MD,Mid-Atlantic,Online,7,28.8,5.08,6.97
RD003,Princess Rubber Duck,Themed,Purple,Mini,17.68,2025-09-01,ORD100546,CUST4377,CT,Northeast,Retail,19,285.53,50.39,76.13
RD005,Glow Rubber Duck,Specialty,Orange,Mini,12.64,2025-10-20,ORD100547,CUST5934,ID,West,Wholesale,12,151.68,0.0,60.81
RD007,Jumbo Rubber Duck,Large,Blue,Standard,8.94,2025-11-05,ORD100548,CUST4409,RI,Northeast,Wholesale,8,71.52,0.0,28.27
RD001,Classic Rubber Duck,Classic,Purple,Mini,20.72,2023-11-24,ORD100549,CUST1885,NY,Mid-Atlantic,Wholesale,44,774.93,136.75,251.28
RD005,Glow Rubber Duck,Specialty,Orange,Mini,9.27,2023-04-18,ORD100550,CUST3589,DE,Mid-Atlantic,Online,40,315.18,55.62,144.3
RD008,Holiday Rubber Duck,Seasonal,Green,Mini,5.48,2024-10-29,ORD100551,CUST6336,OR,West,Retail,16,74.53,13.15,22.08
RD002,Pirate Rubber Duck,Themed,Blue,Mini,6.05,2025-02-08,ORD100552,CUST8716,SC,South,Marketplace,48,246.84,43.56,53.01
RD001,Classic Rubber Duck,Classic,Blue,Standard,8.53,2025-02-03,ORD100553,CUST4181,IN,Midwest,Wholesale,40,290.02,51.18,121.29
RD005,Glow Rubber Duck,Specialty,Green,Standard,6.66,2023-08-16,ORD100554,CUST7852,PA,Mid-Atlantic,Retail,45,299.7,0.0,143.81
RD006,Mini Rubber Duck,Mini,Yellow,Standard,16.67,2024-04-15,ORD100555,CUST9548,PA,Mid-Atlantic,Marketplace,41,649.3,34.17,242.96
RD004,Superhero Rubber Duck,Themed,Blue,Standard,21.57,2024-05-20,ORD100556,CUST8114,ID,West,Retail,18,388.26,0.0,142.68
RD003,Princess Rubber Duck,Themed,Yellow,Standard,12.76,2025-10-29,ORD100557,CUST9701,CA,West,Marketplace,3,38.28,0.0,11.57
RD008,Holiday Rubber Duck,Seasonal,Blue,Mini,14.39,2025-04-12,ORD100558,CUST6872,MA,Northeast,Wholesale,6,86.34,0.0,32.53
RD004,Superhero Rubber Duck,Themed,Green,Standard,14.07,2023-02-19,ORD100559,CUST3271,ME,Northeast,Marketplace,20,267.33,14.07,91.22
RD003,Princess Rubber Duck,Themed,Green,Large,13.74,2023-05-25,ORD100560,CUST6454,AR,South,Online,41,563.34,0.0,188.67
RD005,Glow Rubber Duck,Specialty,Orange,Standard,18.65,2023-06-15,ORD100561,CUST1898,WI,Midwest,Wholesale,40,708.7,37.3,226.1
RD001,Classic Rubber Duck,Classic,Purple,Large,11.67,2023-12-25,ORD100562,CUST2097,MA,Northeast,Retail,40,466.8,0.0,214.08
RD003,Princess Rubber Duck,Themed,Purple,Mini,15.32,2024-03-05,ORD100563,CUST6250,SC,South,Wholesale,42,546.92,96.52,138.76
RD005,Glow Rubber Duck,Specialty,Green,Large,12.87,2025-07-15,ORD100564,CUST9629,NM,West,Online,4,51.48,0.0,23.52
RD008,Holiday Rubber Duck,Seasonal,Blue,Standard,21.32,2023-05-15,ORD100565,CUST2430,NM,West,Online,19,344.32,60.76,99.15
RD007,Jumbo Rubber Duck,Large,Purple,Mini,24.11,2023-08-18,ORD100566,CUST9131,PA,Mid-Atlantic,Retail,5,120.55,0.0,61.34
RD004,Superhero Rubber Duck,Themed,Green,Large,4.47,2025-05-10,ORD100567,CUST1351,NM,West,Wholesale,27,114.66,6.03,46.05
RD004,Superhero Rubber Duck,Themed,Purple,Large,22.3,2024-12-03,ORD100568,CUST6346,ME,Northeast,Marketplace,15,301.05,33.45,116.1
RD008,Holiday Rubber Duck,Seasonal,Green,Standard,15.9,2024-04-09,ORD100569,CUST5720,WI,Midwest,Online,20,302.1,15.9,96.25
RD003,Princess Rubber Duck,Themed,Blue,Mini,13.56,2024-08-07,ORD100570,CUST3514,GA,South,Retail,11,141.7,7.46,48.03
RD004,Superhero Rubber Duck,Themed,Blue,Mini,24.86,2025-01-27,ORD100571,CUST1568,ME,Northeast,Wholesale,37,873.83,45.99,358.53
RD006,Mini Rubber Duck,Mini,Green,Standard,13.41,2023-02-21,ORD100572,CUST3381,PA,Mid-Atlantic,Marketplace,11,132.76,14.75,61.9
RD006,Mini Rubber Duck,Mini,Green,Standard,24.36,2024-08-28,ORD100573,CUST3409,NY,Mid-Atlantic,Marketplace,35,767.34,85.26,245.71
RD006,Mini Rubber Duck,Mini,Pink,Mini,14.05,2023-08-28,ORD100574,CUST7580,CT,Northeast,Retail,3,40.04,2.11,13.93
RD008,Holiday Rubber Duck,Seasonal,Pink,Mini,10.84,2024-03-30,ORD100575,CUST1369,WV,South,Online,39,401.62,21.14,149.72
RD008,Holiday Rubber Duck,Seasonal,Yellow,Large,12.27,2025-11-13,ORD100576,CUST6915,RI,Northeast,Marketplace,32,353.38,39.26,117.48
RD003,Princess Rubber Duck,Themed,Green,Large,12.1,2024-09-22,ORD100577,CUST2435,MN,Midwest,Retail,1,10.89,1.21,4.4
RD008,Holiday Rubber Duck,Seasonal,Blue,Large,10.05,2025-04-28,ORD100578,CUST2410,MO,Midwest,Retail,47,401.5,70.85,102.9
RD004,Superhero Rubber Duck,Themed,Yellow,Mini,24.75,2025-02-08,ORD100579,CUST7708,MS,South,Wholesale,34,757.35,84.15,364.77
RD007,Jumbo Rubber Duck,Large,Pink,Large,13.69,2025-02-20,ORD100580,CUST9037,MD,Mid-Atlantic,Online,37,481.2,25.33,228.03
RD005,Glow Rubber Duck,Specialty,Blue,Standard,14.37,2023-01-06,ORD100581,CUST5917,AZ,West,Marketplace,48,586.3,103.46,237.19
RD002,Pirate Rubber Duck,Themed,Green,Mini,7.76,2024-07-21,ORD100582,CUST6927,AL,South,Marketplace,45,331.74,17.46,172.12
RD007,Jumbo Rubber Duck,Large,Pink,Mini,18.39,2023-02-05,ORD100583,CUST1958,AR,South,Retail,45,827.55,0.0,377.94
RD006,Mini Rubber Duck,Mini,Purple,Standard,6.84,2025-05-09,ORD100584,CUST1798,KS,Midwest,Wholesale,11,75.24,0.0,36.25
RD005,Glow Rubber Duck,Specialty,Yellow,Large,23.65,2024-01-11,ORD100585,CUST3738,NM,West,Wholesale,33,741.43,39.02,240.68
RD006,Mini Rubber Duck,Mini,Blue,Mini,18.38,2024-12-21,ORD100586,CUST3243,GA,South,Wholesale,45,744.39,82.71,352.38
RD006,Mini Rubber Duck,Mini,Blue,Mini,11.14,2025-10-27,ORD100587,CUST9612,IA,Midwest,Online,11,122.54,0.0,60.72
RD007,Jumbo Rubber Duck,Large,Purple,Standard,6.44,2024-09-30,ORD100588,CUST3277,MI,Midwest,Marketplace,9,57.96,0.0,24.93
RD006,Mini Rubber Duck,Mini,Purple,Mini,10.39,2023-10-19,ORD100589,CUST6036,DC,Mid-Atlantic,Retail,48,498.72,0.0,246.57
RD004,Superhero Rubber Duck,Themed,Green,Mini,12.91,2025-09-18,ORD100590,CUST4217,NY,Mid-Atlantic,Online,49,632.59,0.0,335.63
RD001,Classic Rubber Duck,Classic,Purple,Mini,5.23,2024-09-09,ORD100591,CUST2581,WY,West,Online,8,37.66,4.18,18.38
RD004,Superhero Rubber Duck,Themed,Orange,Standard,7.87,2024-07-22,ORD100592,CUST6770,NV,West,Retail,23,181.01,0.0,95.45
RD004,Superhero Rubber Duck,Themed,Pink,Mini,5.43,2024-01-28,ORD100593,CUST9800,WY,West,Online,38,206.34,0.0,86.21
RD002,Pirate Rubber Duck,Themed,Green,Large,21.87,2024-01-15,ORD100594,CUST2758,MD,Mid-Atlantic,Retail,31,610.17,67.8,186.76
RD006,Mini Rubber Duck,Mini,Yellow,Standard,8.49,2024-10-05,ORD100595,CUST2807,IA,Midwest,Retail,15,108.25,19.1,47.35
RD008,Holiday Rubber Duck,Seasonal,Yellow,Standard,10.04,2025-10-08,ORD100596,CUST5646,LA,South,Marketplace,47,471.88,0.0,249.83
RD005,Glow Rubber Duck,Specialty,Green,Large,15.62,2023-05-23,ORD100597,CUST7020,IL,Midwest,Retail,19,252.26,44.52,104.7
RD001,Classic Rubber Duck,Classic,Green,Large,6.2,2025-03-19,ORD100598,CUST2666,NE,Midwest,Retail,29,179.8,0.0,93.53
RD002,Pirate Rubber Duck,Themed,Purple,Standard,11.1,2025-05-19,ORD100599,CUST5563,SC,South,Wholesale,39,367.97,64.93,159.88
RD007,Jumbo Rubber Duck,Large,Green,Mini,17.99,2023-10-29,ORD100600,CUST3001,MS,South,Wholesale,26,397.58,70.16,127.29
RD008,Holiday Rubber Duck,Seasonal,Yellow,Standard,17.19,2023-04-19,ORD100601,CUST1438,IL,Midwest,Retail,9,154.71,0.0,81.24
RD007,Jumbo Rubber Duck,Large,Green,Standard,10.86,2025-11-30,ORD100602,CUST4308,NM,West,Wholesale,20,217.2,0.0,78.18
RD008,Holiday Rubber Duck,Seasonal,Green,Mini,9.48,2023-03-06,ORD100603,CUST7285,ND,Midwest,Marketplace,22,208.56,0.0,65.04
RD006,Mini Rubber Duck,Mini,Purple,Mini,13.64,2024-09-12,ORD100604,CUST9052,MO,Midwest,Marketplace,3,38.87,2.05,14.76
RD003,Princess Rubber Duck,Themed,Purple,Large,12.16,2025-10-01,ORD100605,CUST9837,LA,South,Marketplace,49,595.84,0.0,242.98
RD008,Holiday Rubber Duck,Seasonal,Orange,Large,14.63,2025-02-12,ORD100606,CUST6779,WA,West,Wholesale,26,342.34,38.04,124.13
RD006,Mini Rubber Duck,Mini,Purple,Standard,16.39,2023-02-25,ORD100607,CUST7235,ME,Northeast,Online,9,132.76,14.75,53.51
RD007,Jumbo Rubber Duck,Large,Orange,Mini,12.64,2024-10-01,ORD100608,CUST2073,FL,South,Wholesale,4,48.03,2.53,22.15
RD002,Pirate Rubber Duck,Themed,Orange,Large,4.4,2025-05-15,ORD100609,CUST7900,NC,South,Wholesale,21,92.4,0.0,40.17
RD001,Classic Rubber Duck,Classic,Orange,Mini,4.46,2024-10-22,ORD100610,CUST9001,SD,Midwest,Online,21,79.61,14.05,24.11
RD004,Superhero Rubber Duck,Themed,Pink,Standard,14.55,2024-09-05,ORD100611,CUST4305,MS,South,Marketplace,49,641.65,71.3,291.12
RD002,Pirate Rubber Duck,Themed,Blue,Large,10.02,2025-04-03,ORD100612,CUST2506,NV,West,Online,4,36.07,4.01,8.05
RD006,Mini Rubber Duck,Mini,Yellow,Large,15.88,2024-12-12,ORD100613,CUST5945,WV,South,Wholesale,34,458.93,80.99,158.32
RD007,Jumbo Rubber Duck,Large,Purple,Large,8.19,2025-07-17,ORD100614,CUST3958,UT,West,Online,26,191.65,21.29,62.56
RD003,Princess Rubber Duck,Themed,Orange,Standard,8.46,2025-12-27,ORD100615,CUST1981,ID,West,Retail,48,345.17,60.91,135.23
RD006,Mini Rubber Duck,Mini,Pink,Mini,9.04,2025-04-20,ORD100616,CUST4335,IN,Midwest,Marketplace,48,390.53,43.39,103.7
RD005,Glow Rubber Duck,Specialty,Blue,Mini,7.36,2023-08-21,ORD100617,CUST1453,AR,South,Retail,44,307.65,16.19,129.06
RD005,Glow Rubber Duck,Specialty,Blue,Mini,15.75,2023-03-17,ORD100618,CUST5468,MO,Midwest,Retail,28,374.85,66.15,105.08
RD001,Classic Rubber Duck,Classic,Purple,Standard,20.86,2023-03-28,ORD100619,CUST1326,OK,South,Online,43,852.13,44.85,304.01
RD002,Pirate Rubber Duck,Themed,Green,Large,10.25,2023-07-04,ORD100620,CUST3302,KY,South,Retail,5,43.56,7.69,9.01
RD002,Pirate Rubber Duck,Themed,Blue,Large,14.5,2023-07-04,ORD100621,CUST3003,AK,West,Wholesale,8,104.4,11.6,37.8
RD006,Mini Rubber Duck,Mini,Blue,Mini,12.18,2024-03-22,ORD100622,CUST3869,AK,West,Retail,48,555.41,29.23,155.59
RD005,Glow Rubber Duck,Specialty,Purple,Mini,9.33,2025-02-06,ORD100623,CUST6185,IA,Midwest,Marketplace,38,354.54,0.0,151.53
RD008,Holiday Rubber Duck,Seasonal,Pink,Mini,22.46,2025-01-23,ORD100624,CUST1570,PA,Mid-Atlantic,Online,10,202.14,22.46,74.39
RD004,Superhero Rubber Duck,Themed,Orange,Mini,12.07,2023-09-07,ORD100625,CUST8248,TN,South,Marketplace,41,445.38,49.49,110.95
RD001,Classic Rubber Duck,Classic,Green,Large,10.31,2023-11-25,ORD100626,CUST6196,WI,Midwest,Marketplace,49,479.93,25.26,215.03
RD001,Classic Rubber Duck,Classic,Pink,Large,5.67,2025-04-25,ORD100627,CUST7920,TX,South,Online,50,240.98,42.52,80.02
RD003,Princess Rubber Duck,Themed,Yellow,Large,5.38,2023-02-26,ORD100628,CUST4010,TN,South,Marketplace,27,130.73,14.53,48.9
RD003,Princess Rubber Duck,Themed,Blue,Mini,8.19,2023-08-15,ORD100629,CUST9460,MA,Northeast,Retail,20,147.42,16.38,50.13
RD007,Jumbo Rubber Duck,Large,Pink,Mini,14.04,2024-11-01,ORD100630,CUST2382,MS,South,Marketplace,48,640.22,33.7,293.04
RD006,Mini Rubber Duck,Mini,Orange,Large,22.39,2023-02-17,ORD100631,CUST4747,DE,Mid-Atlantic,Online,37,787.01,41.42,409.92
RD008,Holiday Rubber Duck,Seasonal,Orange,Standard,18.72,2025-05-28,ORD100632,CUST3445,PA,Mid-Atlantic,Online,11,205.92,0.0,92.61
RD006,Mini Rubber Duck,Mini,Purple,Standard,6.45,2025-07-18,ORD100633,CUST2941,MD,Mid-Atlantic,Retail,46,252.2,44.5,61.32
RD004,Superhero Rubber Duck,Themed,Orange,Mini,10.04,2024-02-28,ORD100634,CUST5636,PA,Mid-Atlantic,Retail,32,273.09,48.19,118.06
RD007,Jumbo Rubber Duck,Large,Orange,Standard,20.63,2024-04-27,ORD100635,CUST5068,DE,Mid-Atlantic,Wholesale,2,37.13,4.13,8.49
RD008,Holiday Rubber Duck,Seasonal,Purple,Standard,13.84,2025-02-24,ORD100636,CUST5198,ME,Northeast,Online,21,247.04,43.6,66.35
RD002,Pirate Rubber Duck,Themed,Yellow,Standard,5.08,2023-04-04,ORD100637,CUST9266,CA,West,Marketplace,16,69.09,12.19,14.06
RD005,Glow Rubber Duck,Specialty,Blue,Large,11.78,2024-06-17,ORD100638,CUST9074,NE,Midwest,Wholesale,36,424.08,0.0,171.7
RD008,Holiday Rubber Duck,Seasonal,Pink,Mini,10.65,2023-08-28,ORD100639,CUST3095,NY,Mid-Atlantic,Marketplace,34,307.78,54.32,132.0
RD005,Glow Rubber Duck,Specialty,Blue,Standard,9.93,2025-06-11,ORD100640,CUST9049,AL,South,Retail,17,151.93,16.88,54.15
RD008,Holiday Rubber Duck,Seasonal,Blue,Large,7.11,2024-06-16,ORD100641,CUST8653,NH,Northeast,Marketplace,15,101.32,5.33,52.37
RD002,Pirate Rubber Duck,Themed,Purple,Mini,13.26,2023-08-19,ORD100642,CUST3025,OH,Midwest,Wholesale,46,518.47,91.49,174.18
RD002,Pirate Rubber Duck,Themed,Orange,Mini,7.78,2024-03-10,ORD100643,CUST9618,PA,Mid-Atlantic,Retail,11,77.02,8.56,26.46
RD007,Jumbo Rubber Duck,Large,Pink,Large,20.12,2023-02-23,ORD100644,CUST2998,NH,Northeast,Marketplace,44,885.28,0.0,290.51
RD006,Mini Rubber Duck,Mini,Green,Large,21.57,2025-09-09,ORD100645,CUST5412,OR,West,Online,10,215.7,0.0,114.26
RD006,Mini Rubber Duck,Mini,Blue,Mini,17.06,2023-09-22,ORD100646,CUST5635,CT,Northeast,Wholesale,29,445.27,49.47,105.46
RD001,Classic Rubber Duck,Classic,Blue,Standard,23.98,2023-12-31,ORD100647,CUST2461,RI,Northeast,Online,25,599.5,0.0,269.95
RD004,Superhero Rubber Duck,Themed,Green,Large,20.36,2025-10-02,ORD100648,CUST6080,DE,Mid-Atlantic,Retail,19,367.5,19.34,181.76
RD006,Mini Rubber Duck,Mini,Pink,Large,14.76,2025-09-02,ORD100649,CUST7931,VT,Northeast,Online,32,401.47,70.85,84.38
RD007,Jumbo Rubber Duck,Large,Pink,Standard,7.9,2025-11-17,ORD100650,CUST4673,KY,South,Retail,41,275.31,48.59,122.03
RD008,Holiday Rubber Duck,Seasonal,Green,Standard,17.58,2023-06-12,ORD100651,CUST3434,NM,West,Retail,6,94.93,10.55,35.12
RD005,Glow Rubber Duck,Specialty,Orange,Mini,12.97,2023-04-03,ORD100652,CUST9366,MD,Mid-Atlantic,Marketplace,37,479.89,0.0,197.84
RD007,Jumbo Rubber Duck,Large,Orange,Mini,17.87,2023-06-17,ORD100653,CUST2866,MA,Northeast,Marketplace,37,595.07,66.12,238.78
RD003,Princess Rubber Duck,Themed,Purple,Standard,4.94,2025-07-20,ORD100654,CUST5342,DE,Mid-Atlantic,Wholesale,27,120.04,13.34,49.55
RD003,Princess Rubber Duck,Themed,Green,Large,5.63,2023-08-06,ORD100655,CUST1293,NJ,Mid-Atlantic,Online,39,197.61,21.96,50.96
RD007,Jumbo Rubber Duck,Large,Pink,Large,7.6,2025-09-23,ORD100656,CUST6910,ME,Northeast,Marketplace,31,200.26,35.34,53.49
RD005,Glow Rubber Duck,Specialty,Yellow,Mini,6.83,2024-01-21,ORD100657,CUST8882,NH,Northeast,Retail,13,88.79,0.0,30.72
RD004,Superhero Rubber Duck,Themed,Blue,Standard,22.01,2025-08-07,ORD100658,CUST7912,NE,Midwest,Online,35,731.83,38.52,368.59
RD002,Pirate Rubber Duck,Themed,Orange,Mini,19.5,2025-07-09,ORD100659,CUST4298,NJ,Mid-Atlantic,Wholesale,29,480.67,84.83,159.54
RD007,Jumbo Rubber Duck,Large,Purple,Large,4.16,2025-10-12,ORD100660,CUST5764,VT,Northeast,Online,41,144.98,25.58,26.46
RD008,Holiday Rubber Duck,Seasonal,Orange,Mini,14.77,2023-05-05,ORD100661,CUST7914,MO,Midwest,Wholesale,47,590.06,104.13,237.43
RD002,Pirate Rubber Duck,Themed,Green,Large,12.75,2024-12-11,ORD100662,CUST8147,AR,South,Online,31,395.25,0.0,168.5
RD003,Princess Rubber Duck,Themed,Orange,Large,8.03,2024-03-25,ORD100663,CUST6556,LA,South,Marketplace,23,156.99,27.7,63.16
RD003,Princess Rubber Duck,Themed,Orange,Mini,18.93,2023-11-28,ORD100664,CUST5627,LA,South,Online,27,460.0,51.11,128.29
RD008,Holiday Rubber Duck,Seasonal,Green,Standard,8.18,2025-05-01,ORD100665,CUST4845,NJ,Mid-Atlantic,Retail,39,271.17,47.85,119.56
RD001,Classic Rubber Duck,Classic,Yellow,Mini,22.49,2025-10-28,ORD100666,CUST6533,VT,Northeast,Marketplace,23,491.41,25.86,236.04
RD002,Pirate Rubber Duck,Themed,Pink,Mini,6.52,2024-11-27,ORD100667,CUST5382,NV,West,Retail,15,83.13,14.67,32.82
RD002,Pirate Rubber Duck,Themed,Orange,Mini,20.77,2023-07-28,ORD100668,CUST9311,MA,Northeast,Online,49,1017.73,0.0,311.77
RD003,Princess Rubber Duck,Themed,Green,Large,23.12,2025-11-02,ORD100669,CUST2626,NH,Northeast,Retail,11,228.89,25.43,69.42
RD006,Mini Rubber Duck,Mini,Blue,Standard,6.88,2023-01-14,ORD100670,CUST6592,TX,South,Wholesale,13,76.02,13.42,14.09
RD003,Princess Rubber Duck,Themed,Blue,Large,11.81,2024-05-17,ORD100671,CUST7909,VT,Northeast,Retail,49,491.89,86.8,179.3
RD003,Princess Rubber Duck,Themed,Blue,Mini,23.27,2025-06-25,ORD100672,CUST9476,IA,Midwest,Online,30,628.29,69.81,149.44
RD002,Pirate Rubber Duck,Themed,Yellow,Large,12.42,2025-03-16,ORD100673,CUST3473,FL,South,Online,50,589.95,31.05,243.11
RD005,Glow Rubber Duck,Specialty,Pink,Mini,22.59,2024-10-04,ORD100674,CUST5583,IA,Midwest,Retail,45,914.89,101.66,274.07
RD007,Jumbo Rubber Duck,Large,Blue,Standard,8.3,2025-04-08,ORD100675,CUST2380,NE,Midwest,Online,35,246.93,43.57,65.55
RD006,Mini Rubber Duck,Mini,Orange,Standard,19.09,2025-11-13,ORD100676,CUST9541,KS,Midwest,Wholesale,9,154.63,17.18,68.14
RD003,Princess Rubber Duck,Themed,Purple,Standard,22.69,2024-09-14,ORD100677,CUST9278,ME,Northeast,Online,35,714.73,79.42,309.45
RD001,Classic Rubber Duck,Classic,Green,Standard,17.16,2023-09-13,ORD100678,CUST1085,GA,South,Marketplace,23,394.68,0.0,212.36
RD006,Mini Rubber Duck,Mini,Purple,Large,24.76,2024-08-05,ORD100679,CUST3293,DC,Mid-Atlantic,Marketplace,37,870.31,45.81,377.82
RD004,Superhero Rubber Duck,Themed,Purple,Standard,14.84,2023-10-28,ORD100680,CUST7751,VT,Northeast,Online,13,173.63,19.29,64.9
RD002,Pirate Rubber Duck,Themed,Purple,Large,22.65,2025-01-26,ORD100681,CUST7598,MA,Northeast,Marketplace,31,667.04,35.11,272.75
RD005,Glow Rubber Duck,Specialty,Blue,Mini,17.36,2025-05-03,ORD100682,CUST9286,ID,West,Retail,29,427.92,75.52,109.28
RD008,Holiday Rubber Duck,Seasonal,Green,Mini,24.32,2025-07-21,ORD100683,CUST3569,IN,Midwest,Wholesale,33,802.56,0.0,302.07
RD002,Pirate Rubber Duck,Themed,Yellow,Standard,6.31,2023-11-10,ORD100684,CUST5995,CO,West,Wholesale,24,136.3,15.14,66.63
RD005,Glow Rubber Duck,Specialty,Yellow,Standard,4.58,2025-05-13,ORD100685,CUST5644,MS,South,Retail,10,43.51,2.29,13.93
RD003,Princess Rubber Duck,Themed,Green,Large,6.56,2025-05-05,ORD100686,CUST6074,OH,Midwest,Marketplace,23,150.88,0.0,50.15
RD006,Mini Rubber Duck,Mini,Purple,Standard,21.51,2025-10-30,ORD100687,CUST8371,MO,Midwest,Marketplace,39,796.95,41.94,259.65
RD003,Princess Rubber Duck,Themed,Pink,Large,20.79,2025-03-20,ORD100688,CUST1750,WV,South,Marketplace,43,759.87,134.1,271.04
RD005,Glow Rubber Duck,Specialty,Purple,Large,18.84,2023-09-11,ORD100689,CUST2395,NH,Northeast,Retail,37,627.37,69.71,215.91
RD001,Classic Rubber Duck,Classic,Blue,Mini,7.97,2025-12-25,ORD100690,CUST5504,MT,West,Retail,31,247.07,0.0,128.46
RD004,Superhero Rubber Duck,Themed,Green,Mini,5.77,2023-04-03,ORD100691,CUST6569,ID,West,Marketplace,35,181.75,20.2,70.59
RD003,Princess Rubber Duck,Themed,Yellow,Large,22.04,2023-08-23,ORD100692,CUST3755,OH,Midwest,Wholesale,21,393.41,69.43,155.37
RD003,Princess Rubber Duck,Themed,Yellow,Large,20.12,2023-12-13,ORD100693,CUST6329,PA,Mid-Atlantic,Retail,10,181.08,20.12,42.65
RD001,Classic Rubber Duck,Classic,Pink,Standard,12.18,2024-10-25,ORD100694,CUST2981,VT,Northeast,Online,21,242.99,12.79,101.49
RD004,Superhero Rubber Duck,Themed,Yellow,Standard,16.3,2024-07-05,ORD100695,CUST8615,MD,Mid-Atlantic,Marketplace,32,443.36,78.24,84.84
RD002,Pirate Rubber Duck,Themed,Blue,Large,12.55,2023-07-27,ORD100696,CUST3057,OH,Midwest,Wholesale,15,188.25,0.0,90.87
RD007,Jumbo Rubber Duck,Large,Pink,Large,21.76,2023-10-19,ORD100697,CUST3755,MI,Midwest,Retail,33,682.18,35.9,218.5
RD007,Jumbo Rubber Duck,Large,Yellow,Mini,4.87,2023-12-09,ORD100698,CUST8900,ID,West,Wholesale,30,131.49,14.61,41.89
RD005,Glow Rubber Duck,Specialty,Orange,Mini,21.68,2025-12-29,ORD100699,CUST5925,MN,Midwest,Online,14,273.17,30.35,133.13
RD007,Jumbo Rubber Duck,Large,Pink,Large,19.22,2025-10-30,ORD100700,CUST6613,NH,Northeast,Wholesale,18,294.07,51.89,120.15
RD008,Holiday Rubber Duck,Seasonal,Yellow,Large,17.9,2024-11-03,ORD100701,CUST3190,SC,South,Online,21,338.31,37.59,149.36
RD008,Holiday Rubber Duck,Seasonal,Purple,Large,18.12,2023-06-16,ORD100702,CUST2270,ME,Northeast,Online,27,415.85,73.39,102.43
RD008,Holiday Rubber Duck,Seasonal,Yellow,Standard,24.4,2023-01-18,ORD100703,CUST7069,VT,Northeast,Retail,25,549.0,61.0,215.52
RD008,Holiday Rubber Duck,Seasonal,Blue,Mini,19.6,2025-01-02,ORD100704,CUST5967,NH,Northeast,Retail,49,864.36,96.04,268.78
RD004,Superhero Rubber Duck,Themed,Yellow,Standard,4.76,2025-03-22,ORD100705,CUST9197,MN,Midwest,Marketplace,32,144.7,7.62,75.88
RD003,Princess Rubber Duck,Themed,Purple,Mini,17.85,2023-09-20,ORD100706,CUST3087,NV,West,Wholesale,37,627.43,33.02,319.44
RD004,Superhero Rubber Duck,Themed,Orange,Standard,20.42,2025-12-27,ORD100707,CUST8437,AK,West,Online,13,265.46,0.0,80.17
RD007,Jumbo Rubber Duck,Large,Green,Standard,13.07,2025-11-27,ORD100708,CUST6922,VT,Northeast,Online,27,317.6,35.29,148.06
RD004,Superhero Rubber Duck,Themed,Blue,Standard,23.28,2025-03-13,ORD100709,CUST2340,VT,Northeast,Online,35,692.58,122.22,261.5
RD004,Superhero Rubber Duck,Themed,Purple,Large,23.25,2023-05-09,ORD100710,CUST2584,MI,Midwest,Online,13,287.14,15.11,126.25
RD008,Holiday Rubber Duck,Seasonal,Yellow,Standard,16.43,2024-05-21,ORD100711,CUST4905,OH,Midwest,Wholesale,41,606.27,67.36,161.59
RD001,Classic Rubber Duck,Classic,Orange,Mini,20.67,2025-07-03,ORD100712,CUST2401,TN,South,Online,5,87.85,15.5,21.6
RD001,Classic Rubber Duck,Classic,Green,Mini,22.68,2023-05-07,ORD100713,CUST5939,MN,Midwest,Marketplace,45,1020.6,0.0,361.64
RD002,Pirate Rubber Duck,Themed,Yellow,Large,5.16,2025-04-02,ORD100714,CUST7735,CT,Northeast,Retail,4,18.58,2.06,4.91
RD001,Classic Rubber Duck,Classic,Green,Large,13.74,2023-02-23,ORD100715,CUST6377,IA,Midwest,Retail,28,384.72,0.0,178.93
RD002,Pirate Rubber Duck,Themed,Purple,Large,16.49,2023-09-16,ORD100716,CUST5198,ME,Northeast,Wholesale,5,78.33,4.12,22.59
RD007,Jumbo Rubber Duck,Large,Yellow,Mini,17.03,2023-04-01,ORD100717,CUST6106,KS,Midwest,Marketplace,12,194.14,10.22,95.14
RD006,Mini Rubber Duck,Mini,Orange,Standard,22.58,2024-09-24,ORD100718,CUST5768,KY,South,Wholesale,50,1072.55,56.45,522.89
RD001,Classic Rubber Duck,Classic,Green,Standard,17.8,2023-04-22,ORD100719,CUST4201,WY,West,Retail,10,178.0,0.0,87.34
RD004,Superhero Rubber Duck,Themed,Orange,Large,7.97,2024-11-09,ORD100720,CUST6499,VT,Northeast,Wholesale,31,210.01,37.06,61.78
RD007,Jumbo Rubber Duck,Large,Purple,Mini,6.19,2023-01-08,ORD100721,CUST4772,NC,South,Marketplace,3,15.78,2.79,6.4
RD004,Superhero Rubber Duck,Themed,Yellow,Standard,19.42,2024-01-13,ORD100722,CUST1162,DE,Mid-Atlantic,Online,22,363.15,64.09,148.96
RD006,Mini Rubber Duck,Mini,Yellow,Mini,6.41,2025-01-07,ORD100723,CUST4262,RI,Northeast,Retail,19,103.52,18.27,42.8
RD005,Glow Rubber Duck,Specialty,Blue,Mini,22.58,2024-05-18,ORD100724,CUST1352,NJ,Mid-Atlantic,Retail,47,1008.2,53.06,440.47
RD005,Glow Rubber Duck,Specialty,Pink,Mini,21.45,2023-08-16,ORD100725,CUST5998,ME,Northeast,Marketplace,9,164.09,28.96,45.61
RD004,Superhero Rubber Duck,Themed,Yellow,Mini,11.81,2023-05-14,ORD100726,CUST3142,OK,South,Retail,11,110.42,19.49,23.43
RD004,Superhero Rubber Duck,Themed,Yellow,Large,18.57,2024-05-15,ORD100727,CUST4098,CO,West,Wholesale,21,331.47,58.5,60.74
RD003,Princess Rubber Duck,Themed,Blue,Large,5.11,2025-09-28,ORD100728,CUST2333,SC,South,Marketplace,18,87.38,4.6,26.41
RD002,Pirate Rubber Duck,Themed,Blue,Standard,12.14,2025-08-08,ORD100729,CUST7125,MD,Mid-Atlantic,Marketplace,42,458.89,50.99,165.89
RD008,Holiday Rubber Duck,Seasonal,Green,Mini,16.19,2024-02-20,ORD100730,CUST7486,WI,Midwest,Retail,41,663.79,0.0,330.7
RD005,Glow Rubber Duck,Specialty,Yellow,Standard,15.99,2023-10-03,ORD100731,CUST8282,IA,Midwest,Wholesale,24,345.38,38.38,119.87
RD004,Superhero Rubber Duck,Themed,Green,Standard,13.76,2025-08-15,ORD100732,CUST7021,CA,West,Marketplace,40,495.36,55.04,189.05
RD006,Mini Rubber Duck,Mini,Pink,Mini,4.51,2023-06-05,ORD100733,CUST5825,AL,South,Online,29,124.25,6.54,56.71
RD005,Glow Rubber Duck,Specialty,Blue,Large,6.48,2024-11-14,ORD100734,CUST6394,NY,Mid-Atlantic,Wholesale,24,155.52,0.0,64.31
RD005,Glow Rubber Duck,Specialty,Pink,Standard,18.81,2024-09-05,ORD100735,CUST7616,SC,South,Marketplace,9,152.36,16.93,75.82
RD001,Classic Rubber Duck,Classic,Blue,Large,14.76,2024-04-11,ORD100736,CUST4438,NE,Midwest,Marketplace,49,687.08,36.16,205.14
RD004,Superhero Rubber Duck,Themed,Pink,Mini,20.5,2025-08-02,ORD100737,CUST6129,WY,West,Retail,49,853.83,150.67,220.36
RD007,Jumbo Rubber Duck,Large,Pink,Large,13.2,2023-09-20,ORD100738,CUST1158,IL,Midwest,Marketplace,36,475.2,0.0,216.85
RD006,Mini Rubber Duck,Mini,Pink,Large,12.79,2024-09-05,ORD100739,CUST1380,SC,South,Online,44,478.35,84.41,117.78
RD003,Princess Rubber Duck,Themed,Green,Mini,15.92,2024-02-23,ORD100740,CUST9757,PA,Mid-Atlantic,Marketplace,39,527.75,93.13,96.21
RD004,Superhero Rubber Duck,Themed,Purple,Large,10.9,2023-08-02,ORD100741,CUST3910,MI,Midwest,Online,29,284.49,31.61,134.88
RD008,Holiday Rubber Duck,Seasonal,Purple,Large,8.17,2024-08-19,ORD100742,CUST2146,NH,Northeast,Marketplace,25,183.82,20.43,81.39
RD001,Classic Rubber Duck,Classic,Blue,Large,4.22,2023-08-15,ORD100743,CUST7855,TN,South,Marketplace,21,75.33,13.29,26.79
RD002,Pirate Rubber Duck,Themed,Blue,Large,6.72,2025-08-30,ORD100744,CUST6084,IL,Midwest,Retail,14,84.67,9.41,32.17
RD008,Holiday Rubber Duck,Seasonal,Orange,Mini,4.15,2025-03-28,ORD100745,CUST9615,SC,South,Wholesale,10,35.28,6.22,15.94
RD008,Holiday Rubber Duck,Seasonal,Pink,Large,16.09,2025-07-23,ORD100746,CUST5873,MO,Midwest,Marketplace,48,772.32,0.0,369.19
RD003,Princess Rubber Duck,Themed,Purple,Large,7.76,2024-01-11,ORD100747,CUST2565,IL,Midwest,Marketplace,40,263.84,46.56,88.63
RD001,Classic Rubber Duck,Classic,Purple,Large,9.74,2023-05-17,ORD100748,CUST4559,NJ,Mid-Atlantic,Marketplace,41,359.41,39.93,113.15
RD007,Jumbo Rubber Duck,Large,Green,Standard,24.89,2024-10-29,ORD100749,CUST3700,OR,West,Wholesale,5,124.45,0.0,52.75
RD004,Superhero Rubber Duck,Themed,Blue,Standard,13.7,2025-03-28,ORD100750,CUST1618,CA,West,Online,5,58.22,10.28,20.87
RD005,Glow Rubber Duck,Specialty,Yellow,Large,23.25,2023-05-20,ORD100751,CUST4969,CT,Northeast,Marketplace,21,415.01,73.24,136.13
RD003,Princess Rubber Duck,Themed,Pink,Mini,21.66,2023-12-29,ORD100752,CUST9759,WI,Midwest,Marketplace,11,238.26,0.0,94.89
RD003,Princess Rubber Duck,Themed,Blue,Mini,20.03,2025-01-03,ORD100753,CUST1564,CT,Northeast,Retail,44,793.19,88.13,362.78
RD008,Holiday Rubber Duck,Seasonal,Green,Mini,21.03,2024-09-23,ORD100754,CUST1076,CT,Northeast,Online,42,883.26,0.0,399.54
RD007,Jumbo Rubber Duck,Large,Yellow,Mini,11.86,2025-05-13,ORD100755,CUST6523,NJ,Mid-Atlantic,Retail,16,180.27,9.49,90.54
RD002,Pirate Rubber Duck,Themed,Green,Large,20.73,2023-04-01,ORD100756,CUST2764,NY,Mid-Atlantic,Wholesale,43,846.82,44.57,284.35
RD006,Mini Rubber Duck,Mini,Blue,Mini,7.97,2023-09-05,ORD100757,CUST2734,NM,West,Wholesale,14,94.84,16.74,18.44
RD006,Mini Rubber Duck,Mini,Blue,Mini,12.43,2025-07-28,ORD100758,CUST5562,NY,Mid-Atlantic,Wholesale,21,261.03,0.0,118.17
RD001,Classic Rubber Duck,Classic,Purple,Large,12.62,2023-07-28,ORD100759,CUST3809,NH,Northeast,Wholesale,50,536.35,94.65,97.32
RD002,Pirate Rubber Duck,Themed,Pink,Mini,24.6,2023-09-30,ORD100760,CUST6209,UT,West,Marketplace,45,940.95,166.05,255.19
RD002,Pirate Rubber Duck,Themed,Orange,Large,16.77,2024-04-21,ORD100761,CUST1217,VA,South,Retail,38,541.67,95.59,193.99
RD001,Classic Rubber Duck,Classic,Orange,Mini,22.82,2024-05-13,ORD100762,CUST1981,HI,West,Retail,20,433.58,22.82,144.0
RD006,Mini Rubber Duck,Mini,Purple,Large,8.23,2024-05-02,ORD100763,CUST8270,WI,Midwest,Wholesale,25,195.46,10.29,69.85
RD003,Princess Rubber Duck,Themed,Purple,Standard,17.51,2025-04-29,ORD100764,CUST1388,FL,South,Retail,49,857.99,0.0,360.17
RD006,Mini Rubber Duck,Mini,Orange,Standard,8.31,2024-03-31,ORD100765,CUST9543,SC,South,Wholesale,4,31.58,1.66,9.96
RD003,Princess Rubber Duck,Themed,Purple,Mini,4.12,2023-04-17,ORD100766,CUST4345,NE,Midwest,Retail,32,131.84,0.0,41.08
RD002,Pirate Rubber Duck,Themed,Purple,Standard,15.52,2025-05-22,ORD100767,CUST6103,MD,Mid-Atlantic,Retail,14,206.42,10.86,81.08
RD004,Superhero Rubber Duck,Themed,Purple,Mini,7.7,2025-07-07,ORD100768,CUST5454,DE,Mid-Atlantic,Marketplace,16,110.88,12.32,46.65
RD002,Pirate Rubber Duck,Themed,Blue,Standard,11.92,2025-06-06,ORD100769,CUST1324,AL,South,Marketplace,31,314.09,55.43,108.76
RD007,Jumbo Rubber Duck,Large,Pink,Standard,16.49,2025-08-07,ORD100770,CUST5640,VT,Northeast,Marketplace,10,156.66,8.24,71.85
RD008,Holiday Rubber Duck,Seasonal,Yellow,Mini,6.86,2024-01-24,ORD100771,CUST9203,VT,Northeast,Wholesale,31,202.03,10.63,98.11
RD008,Holiday Rubber Duck,Seasonal,Purple,Large,23.74,2024-09-22,ORD100772,CUST2167,IA,Midwest,Marketplace,48,1025.57,113.95,403.38
RD001,Classic Rubber Duck,Classic,Purple,Standard,23.56,2024-06-06,ORD100773,CUST9349,MA,Northeast,Marketplace,11,246.2,12.96,80.15
RD006,Mini Rubber Duck,Mini,Pink,Large,12.08,2023-03-12,ORD100774,CUST1462,CT,Northeast,Retail,28,321.33,16.91,148.63
RD005,Glow Rubber Duck,Specialty,Yellow,Mini,23.82,2023-11-27,ORD100775,CUST2512,ID,West,Marketplace,10,214.38,23.82,92.46
RD007,Jumbo Rubber Duck,Large,Pink,Large,14.88,2025-05-24,ORD100776,CUST5951,OR,West,Marketplace,13,164.42,29.02,69.35
RD005,Glow Rubber Duck,Specialty,Purple,Mini,22.25,2024-07-04,ORD100777,CUST7520,KS,Midwest,Wholesale,7,140.17,15.58,38.38
RD001,Classic Rubber Duck,Classic,Purple,Standard,4.02,2024-08-13,ORD100778,CUST3795,DE,Mid-Atlantic,Retail,5,17.09,3.01,5.41
RD006,Mini Rubber Duck,Mini,Green,Large,6.81,2023-08-14,ORD100779,CUST4482,DC,Mid-Atlantic,Retail,32,207.02,10.9,81.57
RD004,Superhero Rubber Duck,Themed,Green,Large,7.83,2025-04-17,ORD100780,CUST2789,CT,Northeast,Retail,49,364.49,19.18,166.96
RD002,Pirate Rubber Duck,Themed,Green,Standard,11.92,2024-04-25,ORD100781,CUST2651,WV,South,Online,18,214.56,0.0,99.65
RD001,Classic Rubber Duck,Classic,Yellow,Standard,24.05,2025-12-05,ORD100782,CUST9520,OK,South,Wholesale,43,1034.15,0.0,543.75
RD008,Holiday Rubber Duck,Seasonal,Pink,Mini,16.68,2024-12-03,ORD100783,CUST6918,MN,Midwest,Marketplace,22,330.26,36.7,102.57
RD007,Jumbo Rubber Duck,Large,Purple,Mini,24.47,2025-04-02,ORD100784,CUST1420,CA,West,Online,22,538.34,0.0,295.67
RD005,Glow Rubber Duck,Specialty,Yellow,Large,13.48,2024-01-20,ORD100785,CUST6278,PA,Mid-Atlantic,Online,44,504.15,88.97,160.89
RD006,Mini Rubber Duck,Mini,Purple,Large,10.83,2025-03-30,ORD100786,CUST2333,CT,Northeast,Wholesale,29,298.37,15.7,109.4
RD007,Jumbo Rubber Duck,Large,Purple,Mini,21.99,2024-02-04,ORD100787,CUST9520,NE,Midwest,Online,7,130.84,23.09,50.26
RD003,Princess Rubber Duck,Themed,Yellow,Standard,10.32,2025-07-02,ORD100788,CUST9858,MI,Midwest,Retail,44,385.97,68.11,162.56
RD004,Superhero Rubber Duck,Themed,Blue,Standard,19.81,2023-03-01,ORD100789,CUST7283,NJ,Mid-Atlantic,Wholesale,43,851.83,0.0,446.05
RD004,Superhero Rubber Duck,Themed,Purple,Large,13.99,2025-12-30,ORD100790,CUST9060,AR,South,Online,43,601.57,0.0,230.78
RD006,Mini Rubber Duck,Mini,Purple,Large,20.08,2025-02-11,ORD100791,CUST7252,MD,Mid-Atlantic,Marketplace,39,783.12,0.0,304.64
RD004,Superhero Rubber Duck,Themed,Purple,Mini,6.42,2024-01-21,ORD100792,CUST7025,PA,Mid-Atlantic,Retail,6,38.52,0.0,20.33
RD006,Mini Rubber Duck,Mini,Green,Standard,19.47,2024-01-24,ORD100793,CUST6237,SD,Midwest,Wholesale,20,389.4,0.0,156.73
RD003,Princess Rubber Duck,Themed,Pink,Mini,16.62,2025-08-01,ORD100794,CUST5863,NM,West,Retail,15,249.3,0.0,112.48
RD008,Holiday Rubber Duck,Seasonal,Orange,Large,16.62,2024-09-24,ORD100795,CUST3022,IN,Midwest,Wholesale,10,166.2,0.0,66.53
RD008,Holiday Rubber Duck,Seasonal,Blue,Large,10.11,2024-11-13,ORD100796,CUST4450,DE,Mid-Atlantic,Retail,25,252.75,0.0,77.02
RD001,Classic Rubber Duck,Classic,Pink,Standard,19.27,2025-03-14,ORD100797,CUST8756,DE,Mid-Atlantic,Wholesale,20,366.13,19.27,97.21
RD007,Jumbo Rubber Duck,Large,Purple,Large,15.07,2024-02-04,ORD100798,CUST7451,MI,Midwest,Online,19,257.7,28.63,79.0
RD003,Princess Rubber Duck,Themed,Orange,Mini,20.61,2023-12-02,ORD100799,CUST8239,OK,South,Marketplace,4,74.2,8.24,27.67
RD005,Glow Rubber Duck,Specialty,Pink,Large,8.57,2023-01-19,ORD100800,CUST2670,NJ,Mid-Atlantic,Retail,48,390.79,20.57,130.06
RD007,Jumbo Rubber Duck,Large,Blue,Mini,21.66,2025-08-28,ORD100801,CUST2922,NE,Midwest,Wholesale,4,86.64,0.0,39.95
RD007,Jumbo Rubber Duck,Large,Green,Standard,19.16,2025-03-23,ORD100802,CUST3826,DC,Mid-Atlantic,Marketplace,16,306.56,0.0,159.5
RD002,Pirate Rubber Duck,Themed,Yellow,Mini,12.01,2023-09-03,ORD100803,CUST2999,NE,Midwest,Marketplace,41,418.55,73.86,151.75
RD004,Superhero Rubber Duck,Themed,Orange,Mini,16.02,2023-07-13,ORD100804,CUST7290,RI,Northeast,Marketplace,37,503.83,88.91,196.54
RD007,Jumbo Rubber Duck,Large,Green,Large,6.62,2024-01-14,ORD100805,CUST1323,KY,South,Marketplace,21,139.02,0.0,51.65
RD008,Holiday Rubber Duck,Seasonal,Purple,Mini,21.57,2024-02-29,ORD100806,CUST3960,RI,Northeast,Retail,35,754.95,0.0,273.01
RD001,Classic Rubber Duck,Classic,Purple,Mini,20.8,2024-02-27,ORD100807,CUST2438,ID,West,Wholesale,8,166.4,0.0,86.16
RD001,Classic Rubber Duck,Classic,Blue,Standard,14.62,2023-01-01,ORD100808,CUST1756,ME,Northeast,Wholesale,24,333.34,17.54,138.33
RD008,Holiday Rubber Duck,Seasonal,Blue,Large,14.29,2025-11-11,ORD100809,CUST2622,MD,Mid-Atlantic,Online,21,270.08,30.01,89.56
RD004,Superhero Rubber Duck,Themed,Orange,Standard,6.97,2024-03-18,ORD100810,CUST5544,NH,Northeast,Retail,14,92.7,4.88,34.1
RD007,Jumbo Rubber Duck,Large,Pink,Large,9.34,2023-06-20,ORD100811,CUST7968,RI,Northeast,Retail,25,221.82,11.68,93.39
RD004,Superhero Rubber Duck,Themed,Orange,Mini,19.38,2025-11-13,ORD100812,CUST7876,CT,Northeast,Retail,41,754.85,39.73,255.37
RD006,Mini Rubber Duck,Mini,Orange,Mini,4.53,2023-09-13,ORD100813,CUST9984,IA,Midwest,Marketplace,39,167.84,8.83,84.91
RD002,Pirate Rubber Duck,Themed,Pink,Mini,5.86,2024-04-07,ORD100814,CUST2604,AR,South,Marketplace,22,116.03,12.89,53.3
RD004,Superhero Rubber Duck,Themed,Orange,Standard,20.43,2024-09-19,ORD100815,CUST2565,MI,Midwest,Wholesale,8,155.27,8.17,60.21
RD005,Glow Rubber Duck,Specialty,Blue,Standard,16.75,2025-03-08,ORD100816,CUST9711,AZ,West,Marketplace,4,63.65,3.35,28.17
RD008,Holiday Rubber Duck,Seasonal,Green,Large,9.43,2023-10-20,ORD100817,CUST5380,WA,West,Online,44,394.17,20.75,139.25
RD006,Mini Rubber Duck,Mini,Green,Large,16.77,2024-12-25,ORD100818,CUST5699,DC,Mid-Atlantic,Wholesale,46,655.71,115.71,273.26
RD007,Jumbo Rubber Duck,Large,Pink,Standard,22.5,2023-06-28,ORD100819,CUST6123,AK,West,Online,15,303.75,33.75,98.24
RD002,Pirate Rubber Duck,Themed,Purple,Standard,9.03,2023-06-23,ORD100820,CUST9074,CT,Northeast,Online,6,51.47,2.71,19.3
RD007,Jumbo Rubber Duck,Large,Purple,Mini,6.85,2024-01-25,ORD100821,CUST7962,AK,West,Wholesale,32,219.2,0.0,98.34
RD004,Superhero Rubber Duck,Themed,Blue,Mini,16.78,2025-12-08,ORD100822,CUST2230,NM,West,Wholesale,39,556.26,98.16,103.95
RD003,Princess Rubber Duck,Themed,Yellow,Standard,23.99,2025-02-03,ORD100823,CUST5092,UT,West,Online,28,570.96,100.76,205.02
RD005,Glow Rubber Duck,Specialty,Blue,Standard,10.15,2025-03-17,ORD100824,CUST9446,MS,South,Online,14,142.1,0.0,51.94
RD008,Holiday Rubber Duck,Seasonal,Yellow,Mini,5.2,2024-12-25,ORD100825,CUST6729,ID,West,Retail,1,4.42,0.78,1.65
RD007,Jumbo Rubber Duck,Large,Blue,Standard,6.12,2025-11-19,ORD100826,CUST3029,VA,South,Marketplace,32,186.05,9.79,93.77
RD001,Classic Rubber Duck,Classic,Green,Mini,9.24,2025-01-16,ORD100827,CUST9788,DC,Mid-Atlantic,Wholesale,31,243.47,42.97,87.77
RD002,Pirate Rubber Duck,Themed,Yellow,Standard,21.62,2025-06-07,ORD100828,CUST4251,NE,Midwest,Online,11,225.93,11.89,97.88
RD004,Superhero Rubber Duck,Themed,Purple,Mini,6.8,2023-11-25,ORD100829,CUST8852,VA,South,Wholesale,27,165.24,18.36,41.26
RD002,Pirate Rubber Duck,Themed,Orange,Large,15.54,2025-03-29,ORD100830,CUST7370,MO,Midwest,Retail,44,649.57,34.19,286.34
RD002,Pirate Rubber Duck,Themed,Yellow,Large,6.64,2024-04-29,ORD100831,CUST6605,ME,Northeast,Marketplace,23,152.72,0.0,54.7
RD001,Classic Rubber Duck,Classic,Orange,Mini,10.07,2024-05-22,ORD100832,CUST9376,MO,Midwest,Retail,32,322.24,0.0,115.93
RD004,Superhero Rubber Duck,Themed,Blue,Standard,6.41,2025-05-28,ORD100833,CUST2688,OK,South,Retail,17,103.52,5.45,36.33
RD004,Superhero Rubber Duck,Themed,Pink,Mini,17.31,2023-03-20,ORD100834,CUST3395,NM,West,Marketplace,15,259.65,0.0,134.22
RD001,Classic Rubber Duck,Classic,Purple,Large,5.9,2024-09-19,ORD100835,CUST4791,NV,West,Retail,4,20.06,3.54,7.04
RD006,Mini Rubber Duck,Mini,Pink,Standard,5.28,2024-07-05,ORD100836,CUST6751,MO,Midwest,Marketplace,28,147.84,0.0,70.07
RD004,Superhero Rubber Duck,Themed,Blue,Standard,7.81,2024-10-20,ORD100837,CUST8734,VA,South,Wholesale,1,7.81,0.0,3.01
RD002,Pirate Rubber Duck,Themed,Yellow,Large,9.29,2023-08-17,ORD100838,CUST1223,IN,Midwest,Retail,32,267.55,29.73,108.93
RD006,Mini Rubber Duck,Mini,Blue,Large,21.0,2024-07-19,ORD100839,CUST7292,LA,South,Online,48,907.2,100.8,393.56
RD002,Pirate Rubber Duck,Themed,Blue,Large,19.58,2024-01-26,ORD100840,CUST8303,DC,Mid-Atlantic,Online,8,156.64,0.0,63.18
RD002,Pirate Rubber Duck,Themed,Orange,Large,11.19,2024-02-18,ORD100841,CUST3517,WY,West,Online,47,447.04,78.89,80.25
RD003,Princess Rubber Duck,Themed,Purple,Large,15.55,2025-07-07,ORD100842,CUST2923,DE,Mid-Atlantic,Marketplace,17,237.91,26.44,59.81
RD002,Pirate Rubber Duck,Themed,Purple,Mini,14.99,2024-07-15,ORD100843,CUST5745,IA,Midwest,Online,33,494.67,0.0,251.42
RD001,Classic Rubber Duck,Classic,Green,Large,21.1,2025-11-09,ORD100844,CUST7393,DC,Mid-Atlantic,Marketplace,32,675.2,0.0,343.42
RD005,Glow Rubber Duck,Specialty,Orange,Standard,4.07,2023-01-19,ORD100845,CUST9254,NJ,Mid-Atlantic,Wholesale,37,143.06,7.53,53.0
RD005,Glow Rubber Duck,Specialty,Orange,Mini,18.86,2023-04-04,ORD100846,CUST5781,PA,Mid-Atlantic,Online,36,678.96,0.0,344.38
RD003,Princess Rubber Duck,Themed,Orange,Mini,9.67,2024-03-06,ORD100847,CUST1022,NC,South,Wholesale,4,36.75,1.93,9.78
RD006,Mini Rubber Duck,Mini,Orange,Standard,23.86,2025-04-16,ORD100848,CUST6318,WV,South,Online,36,773.06,85.9,231.47
RD001,Classic Rubber Duck,Classic,Orange,Large,19.33,2023-02-02,ORD100849,CUST2743,SC,South,Marketplace,18,330.54,17.4,151.7
RD005,Glow Rubber Duck,Specialty,Orange,Large,8.32,2024-02-22,ORD100850,CUST7479,MT,West,Retail,29,229.22,12.06,101.08
RD008,Holiday Rubber Duck,Seasonal,Green,Mini,19.24,2023-07-11,ORD100851,CUST8526,DC,Mid-Atlantic,Retail,24,438.67,23.09,126.73
RD003,Princess Rubber Duck,Themed,Pink,Mini,14.29,2023-02-13,ORD100852,CUST3911,MD,Mid-Atlantic,Marketplace,47,638.05,33.58,227.09
RD004,Superhero Rubber Duck,Themed,Yellow,Large,5.5,2025-04-04,ORD100853,CUST9630,NH,Northeast,Retail,16,74.8,13.2,15.2
RD001,Classic Rubber Duck,Classic,Blue,Mini,11.93,2023-03-31,ORD100854,CUST2369,OR,West,Wholesale,2,23.86,0.0,8.19
RD003,Princess Rubber Duck,Themed,Purple,Mini,20.63,2024-11-24,ORD100855,CUST4314,CA,West,Retail,1,20.63,0.0,8.55
RD008,Holiday Rubber Duck,Seasonal,Yellow,Large,21.11,2024-05-14,ORD100856,CUST5382,ID,West,Online,20,379.98,42.22,139.44
RD001,Classic Rubber Duck,Classic,Yellow,Mini,15.43,2024-04-04,ORD100857,CUST7998,ME,Northeast,Marketplace,7,91.81,16.2,39.38
RD003,Princess Rubber Duck,Themed,Green,Mini,10.01,2023-08-19,ORD100858,CUST2804,AR,South,Retail,44,374.37,66.07,100.55
RD002,Pirate Rubber Duck,Themed,Yellow,Large,5.59,2023-06-23,ORD100859,CUST3475,FL,South,Retail,22,122.98,0.0,56.56
RD007,Jumbo Rubber Duck,Large,Orange,Standard,16.58,2024-09-09,ORD100860,CUST6707,UT,West,Online,44,620.09,109.43,264.41
RD005,Glow Rubber Duck,Specialty,Purple,Mini,11.74,2023-11-01,ORD100861,CUST6247,NE,Midwest,Retail,17,199.58,0.0,70.41
RD007,Jumbo Rubber Duck,Large,Purple,Standard,20.72,2025-05-25,ORD100862,CUST3370,KS,Midwest,Online,31,642.32,0.0,335.1
RD006,Mini Rubber Duck,Mini,Purple,Standard,20.11,2025-09-12,ORD100863,CUST6463,NJ,Mid-Atlantic,Retail,23,416.28,46.25,151.0
RD004,Superhero Rubber Duck,Themed,Green,Mini,15.53,2024-04-16,ORD100864,CUST7911,IA,Midwest,Retail,35,462.02,81.53,145.07
RD002,Pirate Rubber Duck,Themed,Yellow,Mini,4.05,2023-10-01,ORD100865,CUST6723,PA,Mid-Atlantic,Wholesale,2,7.29,0.81,2.51
RD003,Princess Rubber Duck,Themed,Yellow,Large,7.02,2024-04-04,ORD100866,CUST3257,MS,South,Online,36,214.81,37.91,85.77
RD003,Princess Rubber Duck,Themed,Purple,Large,4.54,2023-08-06,ORD100867,CUST2208,KS,Midwest,Marketplace,28,114.41,12.71,55.49
RD003,Princess Rubber Duck,Themed,Blue,Mini,11.66,2025-05-02,ORD100868,CUST8696,NH,Northeast,Retail,6,66.46,3.5,33.63
RD005,Glow Rubber Duck,Specialty,Yellow,Large,19.16,2023-11-16,ORD100869,CUST1526,IA,Midwest,Retail,29,555.64,0.0,265.77
RD003,Princess Rubber Duck,Themed,Orange,Large,21.48,2024-06-12,ORD100870,CUST6014,MA,Northeast,Retail,44,803.35,141.77,247.11
RD007,Jumbo Rubber Duck,Large,Purple,Mini,24.43,2023-09-14,ORD100871,CUST7560,PA,Mid-Atlantic,Online,34,706.03,124.59,129.18
RD004,Superhero Rubber Duck,Themed,Green,Standard,21.26,2025-08-17,ORD100872,CUST7637,IN,Midwest,Marketplace,36,765.36,0.0,264.71
RD003,Princess Rubber Duck,Themed,Pink,Large,17.57,2023-06-09,ORD100873,CUST6496,VT,Northeast,Online,13,205.57,22.84,96.6
RD004,Superhero Rubber Duck,Themed,Blue,Large,15.36,2024-09-25,ORD100874,CUST4305,NC,South,Online,5,72.96,3.84,26.94
RD004,Superhero Rubber Duck,Themed,Yellow,Mini,24.5,2025-09-17,ORD100875,CUST6154,WV,South,Online,37,906.5,0.0,370.82
RD005,Glow Rubber Duck,Specialty,Purple,Standard,19.78,2025-03-11,ORD100876,CUST3122,VT,Northeast,Online,26,488.57,25.71,216.71
RD006,Mini Rubber Duck,Mini,Green,Large,14.57,2025-02-21,ORD100877,CUST1612,KS,Midwest,Wholesale,33,456.77,24.04,237.56
RD003,Princess Rubber Duck,Themed,Blue,Large,13.72,2024-04-19,ORD100878,CUST3307,DC,Mid-Atlantic,Retail,41,562.52,0.0,175.39
RD006,Mini Rubber Duck,Mini,Blue,Mini,11.11,2025-03-04,ORD100879,CUST2228,IN,Midwest,Retail,24,226.64,40.0,103.98
RD008,Holiday Rubber Duck,Seasonal,Pink,Mini,6.99,2025-07-20,ORD100880,CUST5843,ME,Northeast,Retail,20,139.8,0.0,59.45
RD002,Pirate Rubber Duck,Themed,Pink,Standard,11.62,2025-08-01,ORD100881,CUST5194,KY,South,Marketplace,6,69.72,0.0,35.22
RD003,Princess Rubber Duck,Themed,Green,Standard,14.24,2023-09-22,ORD100882,CUST9396,RI,Northeast,Wholesale,24,307.58,34.18,119.53
RD006,Mini Rubber Duck,Mini,Orange,Large,12.67,2023-03-29,ORD100883,CUST1934,CT,Northeast,Retail,29,330.69,36.74,84.75
RD001,Classic Rubber Duck,Classic,Green,Standard,10.09,2024-04-01,ORD100884,CUST2531,NY,Mid-Atlantic,Wholesale,11,94.34,16.65,20.7
RD008,Holiday Rubber Duck,Seasonal,Green,Standard,15.23,2023-08-10,ORD100885,CUST4268,NE,Midwest,Marketplace,30,456.9,0.0,241.49
RD006,Mini Rubber Duck,Mini,Yellow,Standard,11.18,2025-09-02,ORD100886,CUST8447,VT,Northeast,Online,39,370.62,65.4,151.23
RD003,Princess Rubber Duck,Themed,Yellow,Standard,17.43,2025-02-17,ORD100887,CUST8046,IN,Midwest,Marketplace,21,366.03,0.0,110.92
RD004,Superhero Rubber Duck,Themed,Yellow,Mini,22.22,2023-12-27,ORD100888,CUST2134,NH,Northeast,Wholesale,49,925.46,163.32,362.06
RD007,Jumbo Rubber Duck,Large,Blue,Mini,22.34,2024-06-15,ORD100889,CUST2514,VT,Northeast,Marketplace,29,550.68,97.18,174.15
RD006,Mini Rubber Duck,Mini,Purple,Standard,8.16,2023-11-26,ORD100890,CUST6811,NC,South,Marketplace,27,187.27,33.05,61.94
RD001,Classic Rubber Duck,Classic,Pink,Large,22.76,2023-10-24,ORD100891,CUST6185,HI,West,Online,13,295.88,0.0,109.27
RD003,Princess Rubber Duck,Themed,Pink,Large,14.48,2025-04-12,ORD100892,CUST1060,IN,Midwest,Marketplace,21,304.08,0.0,107.03
RD003,Princess Rubber Duck,Themed,Green,Large,24.35,2024-01-20,ORD100893,CUST9947,NE,Midwest,Retail,7,170.45,0.0,84.43
RD007,Jumbo Rubber Duck,Large,Yellow,Standard,8.4,2025-01-15,ORD100894,CUST6029,PA,Mid-Atlantic,Online,13,109.2,0.0,49.95
RD008,Holiday Rubber Duck,Seasonal,Yellow,Mini,12.61,2024-11-18,ORD100895,CUST8517,IA,Midwest,Marketplace,23,246.53,43.5,78.08
RD006,Mini Rubber Duck,Mini,Purple,Standard,16.48,2025-06-14,ORD100896,CUST2625,MD,Mid-Atlantic,Online,35,490.28,86.52,175.7
RD002,Pirate Rubber Duck,Themed,Purple,Standard,4.33,2023-07-24,ORD100897,CUST9247,CT,Northeast,Online,27,116.91,0.0,49.79
RD005,Glow Rubber Duck,Specialty,Yellow,Standard,8.67,2025-08-19,ORD100898,CUST8601,IL,Midwest,Marketplace,30,221.08,39.02,96.59
RD007,Jumbo Rubber Duck,Large,Pink,Standard,20.42,2024-06-25,ORD100899,CUST4957,VT,Northeast,Online,33,606.47,67.39,258.15
RD007,Jumbo Rubber Duck,Large,Blue,Large,4.54,2025-05-30,ORD100900,CUST7412,ME,Northeast,Retail,24,98.06,10.9,39.9
RD007,Jumbo Rubber Duck,Large,Green,Standard,13.0,2023-12-22,ORD100901,CUST9475,RI,Northeast,Retail,41,453.05,79.95,82.97
RD007,Jumbo Rubber Duck,Large,Purple,Standard,18.9,2025-03-13,ORD100902,CUST3605,NY,Mid-Atlantic,Wholesale,9,170.1,0.0,66.7
RD004,Superhero Rubber Duck,Themed,Orange,Standard,4.53,2023-06-11,ORD100903,CUST1414,ME,Northeast,Retail,1,4.3,0.23,2.23
RD008,Holiday Rubber Duck,Seasonal,Purple,Standard,9.02,2024-05-17,ORD100904,CUST5267,NC,South,Online,15,121.77,13.53,54.33
RD005,Glow Rubber Duck,Specialty,Yellow,Mini,17.17,2023-09-09,ORD100905,CUST5627,NH,Northeast,Wholesale,41,703.97,0.0,367.66
RD003,Princess Rubber Duck,Themed,Yellow,Standard,14.37,2025-10-02,ORD100906,CUST2205,ME,Northeast,Marketplace,24,327.64,17.24,138.75
RD002,Pirate Rubber Duck,Themed,Pink,Mini,12.81,2024-01-04,ORD100907,CUST3927,DC,Mid-Atlantic,Online,21,228.66,40.35,53.23
RD002,Pirate Rubber Duck,Themed,Yellow,Mini,14.15,2024-06-05,ORD100908,CUST1484,FL,South,Online,40,566.0,0.0,288.89
RD003,Princess Rubber Duck,Themed,Yellow,Large,6.4,2024-03-26,ORD100909,CUST3073,PA,Mid-Atlantic,Wholesale,14,89.6,0.0,41.94
RD005,Glow Rubber Duck,Specialty,Green,Large,24.01,2025-10-12,ORD100910,CUST7552,IL,Midwest,Retail,23,497.01,55.22,184.03
RD005,Glow Rubber Duck,Specialty,Orange,Large,18.42,2023-07-30,ORD100911,CUST6105,NJ,Mid-Atlantic,Retail,46,762.59,84.73,177.54
RD004,Superhero Rubber Duck,Themed,Orange,Standard,22.53,2023-08-09,ORD100912,CUST8033,IA,Midwest,Retail,28,567.76,63.08,155.21
RD006,Mini Rubber Duck,Mini,Pink,Large,21.2,2025-11-13,ORD100913,CUST7714,AR,South,Wholesale,29,584.06,30.74,170.69
RD006,Mini Rubber Duck,Mini,Blue,Mini,6.4,2025-01-02,ORD100914,CUST4525,OH,Midwest,Wholesale,21,114.24,20.16,27.19
RD006,Mini Rubber Duck,Mini,Green,Large,6.56,2024-03-13,ORD100915,CUST6268,PA,Mid-Atlantic,Retail,21,137.76,0.0,51.08
RD002,Pirate Rubber Duck,Themed,Purple,Large,16.63,2024-07-23,ORD100916,CUST2225,WI,Midwest,Marketplace,34,537.15,28.27,268.16
RD007,Jumbo Rubber Duck,Large,Yellow,Standard,10.71,2025-10-18,ORD100917,CUST7901,TX,South,Online,13,139.23,0.0,48.64
RD002,Pirate Rubber Duck,Themed,Pink,Mini,16.62,2023-02-13,ORD100918,CUST1076,IN,Midwest,Marketplace,38,536.83,94.73,215.3
RD005,Glow Rubber Duck,Specialty,Yellow,Standard,4.77,2023-02-03,ORD100919,CUST2558,DE,Mid-Atlantic,Marketplace,35,166.95,0.0,77.74
RD005,Glow Rubber Duck,Specialty,Green,Large,19.82,2024-10-03,ORD100920,CUST1771,FL,South,Marketplace,26,515.32,0.0,211.74
RD005,Glow Rubber Duck,Specialty,Yellow,Mini,21.81,2023-07-30,ORD100921,CUST1783,MO,Midwest,Online,8,157.03,17.45,37.61
RD003,Princess Rubber Duck,Themed,Blue,Large,22.08,2023-06-30,ORD100922,CUST7043,VT,Northeast,Online,47,882.1,155.66,356.39
RD001,Classic Rubber Duck,Classic,Purple,Large,4.89,2024-11-05,ORD100923,CUST7218,OK,South,Wholesale,4,17.6,1.96,8.43
RD003,Princess Rubber Duck,Themed,Purple,Standard,13.66,2025-04-26,ORD100924,CUST3004,MD,Mid-Atlantic,Retail,9,110.65,12.29,28.84
RD008,Holiday Rubber Duck,Seasonal,Pink,Large,10.75,2024-06-24,ORD100925,CUST2356,WI,Midwest,Wholesale,47,429.46,75.79,173.57
RD004,Superhero Rubber Duck,Themed,Green,Standard,5.63,2024-03-18,ORD100926,CUST4078,DC,Mid-Atlantic,Marketplace,32,180.16,0.0,89.52
RD002,Pirate Rubber Duck,Themed,Purple,Standard,21.08,2024-09-30,ORD100927,CUST3523,SC,South,Online,49,929.63,103.29,268.44
RD003,Princess Rubber Duck,Themed,Yellow,Standard,12.09,2024-01-20,ORD100928,CUST7931,PA,Mid-Atlantic,Retail,29,333.08,17.53,106.93
RD005,Glow Rubber Duck,Specialty,Yellow,Standard,6.13,2024-05-07,ORD100929,CUST4064,NM,West,Wholesale,30,183.9,0.0,66.89
RD001,Classic Rubber Duck,Classic,Pink,Standard,15.14,2023-06-22,ORD100930,CUST4474,NE,Midwest,Retail,23,313.4,34.82,146.4
RD007,Jumbo Rubber Duck,Large,Yellow,Large,14.66,2023-07-20,ORD100931,CUST7267,CO,West,Marketplace,4,49.84,8.8,19.46
RD004,Superhero Rubber Duck,Themed,Orange,Standard,12.45,2025-10-07,ORD100932,CUST2788,SC,South,Online,39,437.0,48.55,154.22
RD004,Superhero Rubber Duck,Themed,Yellow,Standard,6.41,2025-12-25,ORD100933,CUST4710,NH,Northeast,Marketplace,3,17.31,1.92,7.51
RD007,Jumbo Rubber Duck,Large,Blue,Standard,8.61,2023-12-17,ORD100934,CUST5718,MI,Midwest,Wholesale,45,348.7,38.75,126.38
RD001,Classic Rubber Duck,Classic,Blue,Standard,14.56,2024-05-03,ORD100935,CUST2137,NH,Northeast,Retail,45,556.92,98.28,141.02
RD003,Princess Rubber Duck,Themed,Blue,Standard,6.97,2023-02-12,ORD100936,CUST2261,MS,South,Retail,1,5.92,1.05,2.04
RD001,Classic Rubber Duck,Classic,Green,Mini,24.35,2024-05-21,ORD100937,CUST1740,UT,West,Online,38,925.3,0.0,395.96
RD005,Glow Rubber Duck,Specialty,Pink,Large,14.56,2023-07-24,ORD100938,CUST6499,MD,Mid-Atlantic,Marketplace,49,677.77,35.67,218.45
RD008,Holiday Rubber Duck,Seasonal,Pink,Standard,9.39,2023-01-28,ORD100939,CUST6467,TN,South,Marketplace,32,270.43,30.05,107.85
RD002,Pirate Rubber Duck,Themed,Blue,Large,14.9,2025-04-20,ORD100940,CUST3320,AR,South,Wholesale,41,610.9,0.0,313.41
RD008,Holiday Rubber Duck,Seasonal,Blue,Standard,16.12,2023-07-02,ORD100941,CUST2768,NH,Northeast,Wholesale,45,616.59,108.81,224.98
RD008,Holiday Rubber Duck,Seasonal,Orange,Standard,9.56,2025-03-11,ORD100942,CUST5526,WA,West,Wholesale,44,378.58,42.06,95.91
RD004,Superhero Rubber Duck,Themed,Orange,Standard,14.91,2025-07-20,ORD100943,CUST5725,RI,Northeast,Online,22,328.02,0.0,144.87
RD001,Classic Rubber Duck,Classic,Orange,Large,7.08,2024-08-16,ORD100944,CUST3664,NE,Midwest,Wholesale,44,295.94,15.58,115.01
RD008,Holiday Rubber Duck,Seasonal,Orange,Mini,20.79,2024-08-02,ORD100945,CUST1871,WV,South,Marketplace,1,17.67,3.12,8.1
RD005,Glow Rubber Duck,Specialty,Pink,Large,11.39,2024-12-18,ORD100946,CUST3540,MA,Northeast,Online,1,11.39,0.0,5.55
RD005,Glow Rubber Duck,Specialty,Green,Standard,8.12,2023-03-07,ORD100947,CUST5075,DC,Mid-Atlantic,Marketplace,38,308.56,0.0,147.28
RD007,Jumbo Rubber Duck,Large,Purple,Standard,22.74,2025-06-11,ORD100948,CUST3280,MI,Midwest,Retail,20,409.32,45.48,184.96
RD005,Glow Rubber Duck,Specialty,Orange,Mini,15.63,2025-08-02,ORD100949,CUST7159,DE,Mid-Atlantic,Marketplace,20,281.34,31.26,133.98
RD002,Pirate Rubber Duck,Themed,Green,Standard,13.27,2025-05-25,ORD100950,CUST7721,MD,Mid-Atlantic,Marketplace,21,250.8,27.87,92.77
RD001,Classic Rubber Duck,Classic,Blue,Large,24.1,2024-09-11,ORD100951,CUST9391,CA,West,Wholesale,27,650.7,0.0,234.93
RD003,Princess Rubber Duck,Themed,Blue,Standard,22.89,2025-03-15,ORD100952,CUST1097,MT,West,Marketplace,19,434.91,0.0,157.07
RD008,Holiday Rubber Duck,Seasonal,Pink,Large,5.14,2023-07-19,ORD100953,CUST8888,ME,Northeast,Wholesale,42,215.88,0.0,100.74
RD001,Classic Rubber Duck,Classic,Blue,Large,16.27,2025-11-23,ORD100954,CUST9115,CT,Northeast,Retail,33,536.91,0.0,201.13
RD004,Superhero Rubber Duck,Themed,Yellow,Mini,17.18,2024-02-16,ORD100955,CUST1000,PA,Mid-Atlantic,Retail,47,807.46,0.0,281.48
RD002,Pirate Rubber Duck,Themed,Green,Standard,9.18,2025-11-01,ORD100956,CUST1911,OR,West,Online,7,54.62,9.64,25.31
RD005,Glow Rubber Duck,Specialty,Purple,Large,24.63,2025-06-18,ORD100957,CUST3018,MO,Midwest,Marketplace,16,354.67,39.41,96.38
RD003,Princess Rubber Duck,Themed,Green,Standard,6.97,2024-02-15,ORD100958,CUST5751,NH,Northeast,Wholesale,48,317.83,16.73,152.99
RD002,Pirate Rubber Duck,Themed,Green,Standard,11.7,2023-08-08,ORD100959,CUST7960,ID,West,Retail,18,179.01,31.59,63.93
RD001,Classic Rubber Duck,Classic,Purple,Large,6.51,2023-03-11,ORD100960,CUST8282,MS,South,Online,25,162.75,0.0,65.89
RD006,Mini Rubber Duck,Mini,Pink,Large,22.52,2023-11-21,ORD100961,CUST9244,DE,Mid-Atlantic,Retail,30,608.04,67.56,302.48
RD006,Mini Rubber Duck,Mini,Green,Large,14.76,2024-11-25,ORD100962,CUST3294,CO,West,Wholesale,12,168.26,8.86,72.98
RD005,Glow Rubber Duck,Specialty,Orange,Large,23.23,2025-08-24,ORD100963,CUST3955,MI,Midwest,Wholesale,42,829.31,146.35,298.42
RD003,Princess Rubber Duck,Themed,Purple,Mini,24.05,2023-03-02,ORD100964,CUST4796,KY,South,Online,23,470.18,82.97,211.92
RD002,Pirate Rubber Duck,Themed,Yellow,Mini,13.99,2024-04-29,ORD100965,CUST7292,NE,Midwest,Marketplace,49,651.23,34.28,174.57
RD002,Pirate Rubber Duck,Themed,Orange,Large,9.25,2025-02-05,ORD100966,CUST1482,RI,Northeast,Retail,3,27.75,0.0,12.2
RD006,Mini Rubber Duck,Mini,Green,Large,13.43,2025-10-02,ORD100967,CUST5687,CT,Northeast,Retail,9,114.83,6.04,54.52
RD004,Superhero Rubber Duck,Themed,Blue,Mini,21.08,2023-07-17,ORD100968,CUST3302,DE,Mid-Atlantic,Online,13,274.04,0.0,110.84
RD006,Mini Rubber Duck,Mini,Green,Mini,15.47,2025-12-17,ORD100969,CUST4399,SD,Midwest,Marketplace,5,69.61,7.74,31.22
RD006,Mini Rubber Duck,Mini,Yellow,Large,22.88,2025-02-09,ORD100970,CUST2280,KY,South,Retail,9,205.92,0.0,90.66
RD005,Glow Rubber Duck,Specialty,Pink,Standard,14.46,2024-08-16,ORD100971,CUST6863,ME,Northeast,Online,4,52.06,5.78,25.71
RD003,Princess Rubber Duck,Themed,Orange,Large,15.21,2023-04-27,ORD100972,CUST2816,WV,South,Marketplace,16,219.02,24.34,85.22
RD005,Glow Rubber Duck,Specialty,Blue,Mini,11.09,2023-05-02,ORD100973,CUST9963,ME,Northeast,Wholesale,17,179.1,9.43,78.49
RD001,Classic Rubber Duck,Classic,Green,Large,5.52,2023-05-25,ORD100974,CUST2320,DE,Mid-Atlantic,Marketplace,37,204.24,0.0,94.67
RD003,Princess Rubber Duck,Themed,Green,Standard,4.87,2024-12-18,ORD100975,CUST5971,LA,South,Retail,3,12.42,2.19,3.99
RD001,Classic Rubber Duck,Classic,Orange,Standard,20.24,2023-02-07,ORD100976,CUST1854,ME,Northeast,Marketplace,13,223.65,39.47,60.39
RD007,Jumbo Rubber Duck,Large,Orange,Standard,18.72,2023-08-30,ORD100977,CUST6763,DE,Mid-Atlantic,Retail,36,640.22,33.7,317.48
RD006,Mini Rubber Duck,Mini,Yellow,Large,8.99,2023-04-04,ORD100978,CUST5094,OH,Midwest,Online,6,53.94,0.0,26.6
RD002,Pirate Rubber Duck,Themed,Pink,Mini,13.2,2024-05-15,ORD100979,CUST7517,NH,Northeast,Marketplace,19,250.8,0.0,118.24
RD002,Pirate Rubber Duck,Themed,Blue,Standard,9.24,2025-01-01,ORD100980,CUST5959,ME,Northeast,Wholesale,35,307.23,16.17,121.68
RD005,Glow Rubber Duck,Specialty,Purple,Large,22.74,2025-04-21,ORD100981,CUST8966,MD,Mid-Atlantic,Wholesale,21,477.54,0.0,256.2
RD002,Pirate Rubber Duck,Themed,Yellow,Standard,21.66,2024-03-07,ORD100982,CUST3325,NJ,Mid-Atlantic,Online,34,699.62,36.82,312.08
RD004,Superhero Rubber Duck,Themed,Pink,Standard,20.04,2023-03-11,ORD100983,CUST7294,NE,Midwest,Wholesale,8,160.32,0.0,68.18
RD002,Pirate Rubber Duck,Themed,Green,Standard,21.94,2025-02-22,ORD100984,CUST1727,VT,Northeast,Retail,25,466.23,82.27,216.82
RD004,Superhero Rubber Duck,Themed,Orange,Standard,17.85,2023-03-06,ORD100985,CUST1425,IN,Midwest,Wholesale,35,624.75,0.0,240.47
RD005,Glow Rubber Duck,Specialty,Yellow,Large,19.89,2023-04-27,ORD100986,CUST7358,NV,West,Wholesale,22,371.94,65.64,80.32
RD008,Holiday Rubber Duck,Seasonal,Green,Large,19.09,2025-02-19,ORD100987,CUST4903,SD,Midwest,Retail,50,859.05,95.45,390.74
RD001,Classic Rubber Duck,Classic,Pink,Large,18.32,2024-08-28,ORD100988,CUST7465,OK,South,Online,18,329.76,0.0,99.03
RD005,Glow Rubber Duck,Specialty,Pink,Mini,17.83,2024-10-19,ORD100989,CUST8271,GA,South,Marketplace,42,748.86,0.0,388.6
RD001,Classic Rubber Duck,Classic,Green,Mini,13.79,2024-03-22,ORD100990,CUST2303,OH,Midwest,Wholesale,23,269.59,47.58,76.3
RD006,Mini Rubber Duck,Mini,Blue,Mini,7.77,2025-10-10,ORD100991,CUST3858,MA,Northeast,Retail,50,349.65,38.85,149.62
RD001,Classic Rubber Duck,Classic,Orange,Large,17.74,2023-03-27,ORD100992,CUST4734,NY,Mid-Atlantic,Online,12,180.95,31.93,54.29
RD005,Glow Rubber Duck,Specialty,Yellow,Mini,18.24,2024-12-17,ORD100993,CUST9305,VA,South,Marketplace,23,419.52,0.0,167.75
RD002,Pirate Rubber Duck,Themed,Yellow,Large,8.97,2025-05-01,ORD100994,CUST7987,OR,West,Wholesale,21,169.53,18.84,45.72
RD003,Princess Rubber Duck,Themed,Green,Standard,16.74,2025-02-06,ORD100995,CUST1510,VT,Northeast,Retail,24,361.58,40.18,82.85
RD006,Mini Rubber Duck,Mini,Pink,Large,23.53,2024-03-09,ORD100996,CUST9326,VT,Northeast,Wholesale,38,894.14,0.0,468.03
RD004,Superhero Rubber Duck,Themed,Yellow,Mini,4.67,2023-06-10,ORD100997,CUST9249,SD,Midwest,Marketplace,47,208.52,10.97,88.84
RD002,Pirate Rubber Duck,Themed,Orange,Standard,5.07,2024-02-04,ORD100998,CUST4998,HI,West,Wholesale,31,133.59,23.58,50.41
RD004,Superhero Rubber Duck,Themed,Purple,Standard,13.56,2025-06-30,ORD100999,CUST6929,SC,South,Online,48,650.88,0.0,245.21
RD006,Mini Rubber Duck,Mini,Green,Mini,5.6,2025-07-08,ORD101000,CUST3052,MT,West,Retail,24,114.24,20.16,33.42
RD007,Jumbo Rubber Duck,Large,Yellow,Standard,6.89,2023-08-30,ORD101001,CUST7898,NM,West,Retail,17,105.42,11.71,42.71
RD008,Holiday Rubber Duck,Seasonal,Orange,Large,22.39,2024-06-23,ORD101002,CUST8698,NJ,Mid-Atlantic,Online,1,21.27,1.12,10.52
RD003,Princess Rubber Duck,Themed,Green,Standard,4.49,2025-12-20,ORD101003,CUST6805,MA,Northeast,Retail,11,49.39,0.0,25.53
RD007,Jumbo Rubber Duck,Large,Orange,Large,18.94,2024-11-20,ORD101004,CUST2765,NV,West,Online,8,136.37,15.15,34.19
RD002,Pirate Rubber Duck,Themed,Pink,Standard,23.11,2025-06-11,ORD101005,CUST3205,MS,South,Retail,41,805.38,142.13,203.55
RD002,Pirate Rubber Duck,Themed,Blue,Large,16.45,2025-06-17,ORD101006,CUST5576,NY,Mid-Atlantic,Online,24,335.58,59.22,120.48
RD004,Superhero Rubber Duck,Themed,Pink,Mini,11.15,2025-02-25,ORD101007,CUST3346,MS,South,Online,37,350.67,61.88,135.6
RD004,Superhero Rubber Duck,Themed,Blue,Mini,9.83,2024-08-06,ORD101008,CUST5716,ND,Midwest,Wholesale,40,353.88,39.32,167.16
RD008,Holiday Rubber Duck,Seasonal,Blue,Large,22.58,2023-08-06,ORD101009,CUST5565,IL,Midwest,Retail,19,386.12,42.9,87.01
RD002,Pirate Rubber Duck,Themed,Orange,Large,21.6,2023-03-23,ORD101010,CUST4197,MD,Mid-Atlantic,Online,49,1005.48,52.92,521.96
RD008,Holiday Rubber Duck,Seasonal,Blue,Standard,8.26,2025-12-02,ORD101011,CUST5832,VT,Northeast,Online,37,259.78,45.84,66.32
RD002,Pirate Rubber Duck,Themed,Pink,Mini,14.35,2023-08-27,ORD101012,CUST4644,IA,Midwest,Online,6,81.8,4.3,21.68
RD006,Mini Rubber Duck,Mini,Yellow,Standard,11.03,2024-10-06,ORD101013,CUST2645,MD,Mid-Atlantic,Wholesale,30,330.9,0.0,123.52
RD004,Superhero Rubber Duck,Themed,Blue,Mini,21.58,2023-01-17,ORD101014,CUST7163,NM,West,Retail,41,884.78,0.0,276.67
RD004,Superhero Rubber Duck,Themed,Purple,Mini,7.17,2024-02-11,ORD101015,CUST9459,MS,South,Retail,12,73.13,12.91,28.33
RD001,Classic Rubber Duck,Classic,Green,Large,14.29,2023-03-21,ORD101016,CUST5310,MI,Midwest,Marketplace,40,543.02,28.58,184.34
RD004,Superhero Rubber Duck,Themed,Purple,Standard,15.13,2024-08-21,ORD101017,CUST9031,MS,South,Marketplace,12,163.4,18.16,43.54
RD006,Mini Rubber Duck,Mini,Green,Standard,10.19,2024-08-11,ORD101018,CUST6331,ID,West,Retail,15,152.85,0.0,47.27
RD007,Jumbo Rubber Duck,Large,Purple,Mini,13.75,2025-03-26,ORD101019,CUST8925,NH,Northeast,Marketplace,21,288.75,0.0,133.72
RD007,Jumbo Rubber Duck,Large,Yellow,Large,10.1,2025-04-17,ORD101020,CUST6295,NY,Mid-Atlantic,Wholesale,33,316.63,16.67,92.5
RD006,Mini Rubber Duck,Mini,Pink,Standard,20.98,2023-04-22,ORD101021,CUST4587,IA,Midwest,Wholesale,28,499.32,88.12,196.69
RD001,Classic Rubber Duck,Classic,Orange,Large,12.6,2023-08-14,ORD101022,CUST6401,MS,South,Retail,37,442.89,23.31,170.63
RD001,Classic Rubber Duck,Classic,Purple,Mini,5.89,2023-05-10,ORD101023,CUST9497,MA,Northeast,Retail,46,243.85,27.09,60.14
RD006,Mini Rubber Duck,Mini,Pink,Mini,24.68,2024-04-14,ORD101024,CUST7125,NV,West,Wholesale,35,734.23,129.57,159.86
RD007,Jumbo Rubber Duck,Large,Yellow,Large,19.39,2025-12-14,ORD101025,CUST7519,MD,Mid-Atlantic,Marketplace,1,19.39,0.0,6.57
RD001,Classic Rubber Duck,Classic,Green,Large,10.32,2023-09-11,ORD101026,CUST7565,PA,Mid-Atlantic,Retail,15,147.06,7.74,76.09
RD005,Glow Rubber Duck,Specialty,Yellow,Large,5.54,2023-11-07,ORD101027,CUST7408,ME,Northeast,Retail,47,221.32,39.06,102.84
RD005,Glow Rubber Duck,Specialty,Yellow,Standard,14.75,2024-02-20,ORD101028,CUST8723,AL,South,Marketplace,2,26.55,2.95,11.25
RD005,Glow Rubber Duck,Specialty,Orange,Mini,8.66,2025-12-28,ORD101029,CUST7265,MI,Midwest,Online,27,210.44,23.38,76.97
RD008,Holiday Rubber Duck,Seasonal,Green,Mini,20.01,2023-02-20,ORD101030,CUST8325,MN,Midwest,Wholesale,46,920.46,0.0,402.18
RD008,Holiday Rubber Duck,Seasonal,Yellow,Large,17.49,2023-06-21,ORD101031,CUST3773,OR,West,Retail,22,365.54,19.24,114.5
RD008,Holiday Rubber Duck,Seasonal,Yellow,Standard,5.75,2024-04-21,ORD101032,CUST5129,NV,West,Marketplace,26,127.07,22.43,40.23
RD005,Glow Rubber Duck,Specialty,Purple,Mini,7.15,2024-07-03,ORD101033,CUST9007,TX,South,Marketplace,21,127.63,22.52,27.35
RD006,Mini Rubber Duck,Mini,Purple,Mini,13.68,2025-05-21,ORD101034,CUST7155,PA,Mid-Atlantic,Retail,31,424.08,0.0,135.58
RD001,Classic Rubber Duck,Classic,Yellow,Standard,19.7,2023-08-21,ORD101035,CUST9113,MD,Mid-Atlantic,Retail,11,205.86,10.84,84.64
RD008,Holiday Rubber Duck,Seasonal,Green,Standard,22.35,2023-08-29,ORD101036,CUST5441,DC,Mid-Atlantic,Wholesale,27,512.93,90.52,239.98
RD006,Mini Rubber Duck,Mini,Orange,Large,7.47,2025-01-30,ORD101037,CUST5116,NM,West,Marketplace,19,134.83,7.1,42.48
RD008,Holiday Rubber Duck,Seasonal,Yellow,Standard,23.46,2025-08-28,ORD101038,CUST7820,PA,Mid-Atlantic,Retail,47,1047.49,55.13,506.04
RD003,Princess Rubber Duck,Themed,Purple,Mini,24.85,2024-02-13,ORD101039,CUST9810,MI,Midwest,Marketplace,1,22.36,2.49,6.82
RD006,Mini Rubber Duck,Mini,Pink,Large,17.11,2024-04-07,ORD101040,CUST1231,ME,Northeast,Retail,39,633.93,33.36,322.51
RD005,Glow Rubber Duck,Specialty,Pink,Large,23.13,2025-04-05,ORD101041,CUST9864,TX,South,Retail,28,582.88,64.76,231.98
RD002,Pirate Rubber Duck,Themed,Blue,Large,6.15,2023-07-29,ORD101042,CUST7274,WA,West,Wholesale,14,77.49,8.61,34.91
RD005,Glow Rubber Duck,Specialty,Blue,Mini,23.08,2024-04-19,ORD101043,CUST3400,NM,West,Retail,14,306.96,16.16,161.34
RD003,Princess Rubber Duck,Themed,Green,Large,10.78,2025-06-19,ORD101044,CUST8728,OH,Midwest,Wholesale,4,40.96,2.16,16.04
RD005,Glow Rubber Duck,Specialty,Purple,Standard,6.45,2025-02-28,ORD101045,CUST6816,HI,West,Wholesale,36,197.37,34.83,70.98
RD006,Mini Rubber Duck,Mini,Purple,Mini,22.54,2024-07-22,ORD101046,CUST8163,OR,West,Marketplace,14,299.78,15.78,83.19
RD008,Holiday Rubber Duck,Seasonal,Green,Large,6.52,2025-01-18,ORD101047,CUST6668,AR,South,Marketplace,28,164.3,18.26,74.02
RD004,Superhero Rubber Duck,Themed,Blue,Standard,22.39,2023-01-22,ORD101048,CUST6914,MT,West,Retail,13,247.41,43.66,89.2
RD001,Classic Rubber Duck,Classic,Orange,Standard,10.89,2023-01-27,ORD101049,CUST1549,AZ,West,Wholesale,24,235.22,26.14,84.76
RD008,Holiday Rubber Duck,Seasonal,Orange,Mini,24.9,2023-04-28,ORD101050,CUST8713,OH,Midwest,Marketplace,46,1030.86,114.54,436.92
RD008,Holiday Rubber Duck,Seasonal,Orange,Large,19.74,2023-03-01,ORD101051,CUST3509,DE,Mid-Atlantic,Retail,42,829.08,0.0,448.08
RD003,Princess Rubber Duck,Themed,Pink,Mini,21.51,2023-05-08,ORD101052,CUST9914,MA,Northeast,Wholesale,8,172.08,0.0,75.57
RD004,Superhero Rubber Duck,Themed,Orange,Large,4.34,2023-12-13,ORD101053,CUST7000,AK,West,Online,44,171.86,19.1,43.07
RD007,Jumbo Rubber Duck,Large,Blue,Large,18.05,2025-10-24,ORD101054,CUST5368,NE,Midwest,Online,5,85.74,4.51,26.51
RD003,Princess Rubber Duck,Themed,Pink,Standard,9.78,2023-01-07,ORD101055,CUST6745,OH,Midwest,Online,13,108.07,19.07,45.36
RD006,Mini Rubber Duck,Mini,Blue,Large,21.55,2023-07-05,ORD101056,CUST2415,SD,Midwest,Retail,6,109.91,19.39,48.88
RD006,Mini Rubber Duck,Mini,Purple,Standard,24.27,2024-03-21,ORD101057,CUST8542,NM,West,Online,50,1152.82,60.68,367.46
RD004,Superhero Rubber Duck,Themed,Purple,Standard,18.29,2025-02-15,ORD101058,CUST3916,TX,South,Wholesale,13,225.88,11.89,100.43
RD003,Princess Rubber Duck,Themed,Pink,Standard,12.68,2023-12-29,ORD101059,CUST8202,UT,West,Wholesale,13,148.36,16.48,37.77
RD002,Pirate Rubber Duck,Themed,Yellow,Large,16.14,2023-12-16,ORD101060,CUST7318,MN,Midwest,Retail,23,315.54,55.68,71.51
RD004,Superhero Rubber Duck,Themed,Orange,Large,17.56,2025-10-28,ORD101061,CUST5406,MN,Midwest,Online,44,695.38,77.26,307.62
RD004,Superhero Rubber Duck,Themed,Green,Mini,13.81,2024-01-17,ORD101062,CUST8655,SC,South,Wholesale,3,41.43,0.0,17.43
RD006,Mini Rubber Duck,Mini,Yellow,Mini,17.81,2025-01-04,ORD101063,CUST7904,CO,West,Marketplace,3,48.09,5.34,14.68
RD006,Mini Rubber Duck,Mini,Orange,Mini,22.95,2025-08-14,ORD101064,CUST1356,AR,South,Marketplace,12,247.86,27.54,102.84
RD008,Holiday Rubber Duck,Seasonal,Pink,Large,18.57,2024-05-13,ORD101065,CUST7114,WY,West,Wholesale,47,741.87,130.92,245.78
RD008,Holiday Rubber Duck,Seasonal,Orange,Standard,4.83,2024-07-05,ORD101066,CUST1467,WI,Midwest,Retail,15,72.45,0.0,32.22
RD003,Princess Rubber Duck,Themed,Blue,Large,24.26,2023-10-13,ORD101067,CUST6458,KY,South,Online,34,783.6,41.24,216.21
RD002,Pirate Rubber Duck,Themed,Yellow,Large,20.07,2025-08-01,ORD101068,CUST3416,OK,South,Retail,23,392.37,69.24,138.95
RD003,Princess Rubber Duck,Themed,Blue,Large,5.68,2024-05-16,ORD101069,CUST7131,GA,South,Online,16,86.34,4.54,35.53
RD008,Holiday Rubber Duck,Seasonal,Purple,Standard,6.09,2025-08-25,ORD101070,CUST8593,PA,Mid-Atlantic,Retail,36,186.35,32.89,49.39
RD002,Pirate Rubber Duck,Themed,Purple,Large,10.68,2024-08-02,ORD101071,CUST7956,IN,Midwest,Marketplace,9,81.7,14.42,19.86
RD002,Pirate Rubber Duck,Themed,Blue,Standard,18.06,2023-12-31,ORD101072,CUST6935,MS,South,Wholesale,38,686.28,0.0,339.42
RD001,Classic Rubber Duck,Classic,Yellow,Mini,19.78,2024-01-20,ORD101073,CUST5946,WY,West,Marketplace,5,93.95,4.95,46.03
RD002,Pirate Rubber Duck,Themed,Purple,Standard,17.72,2025-03-03,ORD101074,CUST1570,AL,South,Wholesale,28,471.35,24.81,212.73
RD007,Jumbo Rubber Duck,Large,Pink,Large,12.35,2023-06-19,ORD101075,CUST2661,NJ,Mid-Atlantic,Marketplace,34,419.9,0.0,182.14
RD001,Classic Rubber Duck,Classic,Green,Large,6.69,2023-01-24,ORD101076,CUST7581,PA,Mid-Atlantic,Marketplace,33,187.65,33.12,50.42
RD001,Classic Rubber Duck,Classic,Orange,Standard,9.42,2025-07-11,ORD101077,CUST8758,AL,South,Wholesale,41,386.22,0.0,154.14
RD006,Mini Rubber Duck,Mini,Blue,Mini,24.59,2023-06-13,ORD101078,CUST6523,NH,Northeast,Wholesale,35,731.55,129.1,157.0
RD004,Superhero Rubber Duck,Themed,Yellow,Mini,19.27,2024-07-30,ORD101079,CUST9021,WY,West,Marketplace,30,491.38,86.72,224.22
RD006,Mini Rubber Duck,Mini,Yellow,Large,18.4,2024-08-29,ORD101080,CUST5378,RI,Northeast,Retail,17,265.88,46.92,98.73
RD005,Glow Rubber Duck,Specialty,Pink,Large,4.36,2023-08-17,ORD101081,CUST1599,AL,South,Marketplace,21,82.4,9.16,26.64
RD004,Superhero Rubber Duck,Themed,Pink,Standard,15.22,2025-06-01,ORD101082,CUST8504,NY,Mid-Atlantic,Retail,9,130.13,6.85,46.81
RD008,Holiday Rubber Duck,Seasonal,Green,Large,10.85,2023-07-27,ORD101083,CUST2290,ME,Northeast,Wholesale,3,30.92,1.63,11.31
RD005,Glow Rubber Duck,Specialty,Green,Mini,4.46,2023-06-12,ORD101084,CUST4139,IA,Midwest,Wholesale,48,192.67,21.41,57.71
RD005,Glow Rubber Duck,Specialty,Blue,Standard,15.31,2025-08-26,ORD101085,CUST5502,MT,West,Retail,16,244.96,0.0,111.81
RD005,Glow Rubber Duck,Specialty,Yellow,Standard,4.95,2024-07-12,ORD101086,CUST4393,NM,West,Online,26,122.26,6.44,42.52
RD007,Jumbo Rubber Duck,Large,Yellow,Large,9.6,2024-04-05,ORD101087,CUST6318,PA,Mid-Atlantic,Retail,39,336.96,37.44,159.39
RD002,Pirate Rubber Duck,Themed,Orange,Standard,19.28,2024-11-04,ORD101088,CUST8792,AZ,West,Online,39,639.13,112.79,190.25
RD006,Mini Rubber Duck,Mini,Blue,Large,11.26,2025-10-18,ORD101089,CUST3785,FL,South,Marketplace,29,310.21,16.33,125.56
RD005,Glow Rubber Duck,Specialty,Yellow,Mini,17.86,2024-12-08,ORD101090,CUST9676,OH,Midwest,Wholesale,37,660.82,0.0,259.14
RD005,Glow Rubber Duck,Specialty,Orange,Standard,10.61,2023-12-08,ORD101091,CUST8070,OK,South,Marketplace,44,396.81,70.03,183.28
RD001,Classic Rubber Duck,Classic,Green,Large,19.62,2023-09-27,ORD101092,CUST3023,TN,South,Online,16,266.83,47.09,53.27
RD007,Jumbo Rubber Duck,Large,Purple,Standard,24.82,2023-11-22,ORD101093,CUST7693,NJ,Mid-Atlantic,Wholesale,37,826.51,91.83,372.25
RD004,Superhero Rubber Duck,Themed,Orange,Large,9.85,2024-10-12,ORD101094,CUST9724,SD,Midwest,Marketplace,50,443.25,49.25,144.02
RD004,Superhero Rubber Duck,Themed,Green,Standard,19.88,2023-12-30,ORD101095,CUST1054,MO,Midwest,Wholesale,19,321.06,56.66,136.26
RD008,Holiday Rubber Duck,Seasonal,Blue,Large,23.04,2025-04-20,ORD101096,CUST1475,DC,Mid-Atlantic,Retail,25,489.6,86.4,90.11
RD003,Princess Rubber Duck,Themed,Orange,Mini,14.56,2024-10-27,ORD101097,CUST3727,WY,West,Marketplace,6,74.26,13.1,14.3
RD002,Pirate Rubber Duck,Themed,Blue,Standard,19.59,2024-01-31,ORD101098,CUST7046,VA,South,Retail,42,699.36,123.42,215.55
RD003,Princess Rubber Duck,Themed,Blue,Large,23.34,2023-03-05,ORD101099,CUST8555,KS,Midwest,Marketplace,21,465.63,24.51,209.17
RD004,Superhero Rubber Duck,Themed,Orange,Standard,24.77,2023-08-16,ORD101100,CUST3609,ID,West,Retail,12,252.65,44.59,81.72
RD008,Holiday Rubber Duck,Seasonal,Green,Mini,19.71,2025-08-20,ORD101101,CUST7833,ME,Northeast,Wholesale,44,737.15,130.09,158.9
RD002,Pirate Rubber Duck,Themed,Pink,Standard,24.76,2023-05-03,ORD101102,CUST1653,NM,West,Wholesale,46,1138.96,0.0,501.56
RD007,Jumbo Rubber Duck,Large,Orange,Mini,17.63,2024-06-21,ORD101103,CUST3768,NM,West,Wholesale,28,493.64,0.0,258.71
RD007,Jumbo Rubber Duck,Large,Purple,Large,23.16,2024-11-06,ORD101104,CUST2213,NC,South,Marketplace,31,682.06,35.9,311.5
RD008,Holiday Rubber Duck,Seasonal,Purple,Standard,11.18,2025-07-11,ORD101105,CUST5510,PA,Mid-Atlantic,Online,45,427.64,75.46,159.66
RD003,Princess Rubber Duck,Themed,Pink,Large,10.05,2024-08-19,ORD101106,CUST3593,MD,Mid-Atlantic,Wholesale,15,135.67,15.08,46.59
RD008,Holiday Rubber Duck,Seasonal,Green,Standard,10.18,2024-08-21,ORD101107,CUST4734,NE,Midwest,Online,48,464.21,24.43,226.42
RD004,Superhero Rubber Duck,Themed,Purple,Large,7.11,2025-11-07,ORD101108,CUST7649,AZ,West,Marketplace,1,6.4,0.71,2.55
RD003,Princess Rubber Duck,Themed,Green,Large,7.26,2025-02-13,ORD101109,CUST3770,AR,South,Marketplace,33,215.62,23.96,76.46
RD003,Princess Rubber Duck,Themed,Blue,Mini,4.29,2024-02-27,ORD101110,CUST5559,IA,Midwest,Online,5,19.3,2.15,8.44
RD004,Superhero Rubber Duck,Themed,Blue,Large,13.64,2025-12-09,ORD101111,CUST4318,MS,South,Wholesale,41,559.24,0.0,190.14
RD001,Classic Rubber Duck,Classic,Purple,Large,6.07,2025-12-31,ORD101112,CUST2301,NE,Midwest,Online,22,133.54,0.0,64.38
RD008,Holiday Rubber Duck,Seasonal,Blue,Large,9.2,2024-05-16,ORD101113,CUST8472,MT,West,Retail,17,148.58,7.82,51.23
RD001,Classic Rubber Duck,Classic,Blue,Large,15.58,2023-05-11,ORD101114,CUST5960,AZ,West,Online,6,88.81,4.67,29.61
RD004,Superhero Rubber Duck,Themed,Pink,Large,16.29,2023-04-15,ORD101115,CUST2196,NJ,Mid-Atlantic,Retail,38,526.17,92.85,175.76
RD008,Holiday Rubber Duck,Seasonal,Orange,Standard,5.74,2024-03-16,ORD101116,CUST5914,MA,Northeast,Online,13,74.62,0.0,30.92
RD007,Jumbo Rubber Duck,Large,Yellow,Standard,22.61,2025-07-23,ORD101117,CUST7671,CT,Northeast,Wholesale,50,1073.97,56.53,398.8
RD008,Holiday Rubber Duck,Seasonal,Pink,Large,14.64,2024-09-05,ORD101118,CUST5079,PA,Mid-Atlantic,Wholesale,33,434.81,48.31,102.49
RD005,Glow Rubber Duck,Specialty,Green,Mini,10.47,2024-01-09,ORD101119,CUST6229,MT,West,Marketplace,29,303.63,0.0,92.82
RD008,Holiday Rubber Duck,Seasonal,Pink,Large,5.37,2025-06-26,ORD101120,CUST9824,NJ,Mid-Atlantic,Retail,28,135.32,15.04,64.1
RD004,Superhero Rubber Duck,Themed,Green,Mini,8.47,2025-12-22,ORD101121,CUST5916,NH,Northeast,Retail,33,251.56,27.95,103.42
RD003,Princess Rubber Duck,Themed,Pink,Large,8.02,2023-11-18,ORD101122,CUST8762,NC,South,Marketplace,26,198.09,10.43,59.82
RD005,Glow Rubber Duck,Specialty,Purple,Standard,13.9,2024-11-14,ORD101123,CUST6166,PA,Mid-Atlantic,Marketplace,20,250.2,27.8,115.02
RD005,Glow Rubber Duck,Specialty,Yellow,Standard,12.25,2025-04-07,ORD101124,CUST6793,SD,Midwest,Retail,27,330.75,0.0,118.89
RD008,Holiday Rubber Duck,Seasonal,Pink,Standard,21.18,2024-06-08,ORD101125,CUST1387,VA,South,Wholesale,13,261.57,13.77,92.09
RD007,Jumbo Rubber Duck,Large,Green,Standard,15.71,2025-10-27,ORD101126,CUST2750,MN,Midwest,Online,48,716.38,37.7,226.7
RD004,Superhero Rubber Duck,Themed,Purple,Standard,19.17,2023-04-05,ORD101127,CUST8979,PA,Mid-Atlantic,Retail,47,765.84,135.15,145.95
RD005,Glow Rubber Duck,Specialty,Orange,Standard,11.87,2024-07-19,ORD101128,CUST8178,WY,West,Wholesale,7,83.09,0.0,32.41
RD002,Pirate Rubber Duck,Themed,Blue,Mini,22.49,2025-04-27,ORD101129,CUST5896,IN,Midwest,Retail,5,101.21,11.24,23.14
RD002,Pirate Rubber Duck,Themed,Purple,Mini,10.87,2024-08-19,ORD101130,CUST3301,IL,Midwest,Online,35,342.4,38.05,118.25
RD006,Mini Rubber Duck,Mini,Green,Standard,13.35,2024-04-11,ORD101131,CUST6456,OK,South,Retail,14,177.55,9.35,78.43
RD005,Glow Rubber Duck,Specialty,Green,Standard,19.69,2025-04-21,ORD101132,CUST8968,KY,South,Online,2,37.41,1.97,18.52
RD001,Classic Rubber Duck,Classic,Orange,Standard,4.33,2024-10-31,ORD101133,CUST5630,UT,West,Wholesale,28,121.24,0.0,37.59
RD002,Pirate Rubber Duck,Themed,Yellow,Large,5.93,2025-11-17,ORD101134,CUST8675,RI,Northeast,Retail,36,213.48,0.0,89.03
RD002,Pirate Rubber Duck,Themed,Blue,Large,13.77,2023-05-30,ORD101135,CUST6567,WI,Midwest,Marketplace,48,627.91,33.05,223.0
RD007,Jumbo Rubber Duck,Large,Pink,Standard,16.06,2024-04-06,ORD101136,CUST3465,MA,Northeast,Wholesale,1,13.65,2.41,6.35
RD004,Superhero Rubber Duck,Themed,Orange,Standard,20.11,2024-02-15,ORD101137,CUST3500,NM,West,Retail,35,598.27,105.58,166.53
RD003,Princess Rubber Duck,Themed,Yellow,Standard,7.8,2024-12-14,ORD101138,CUST6166,PA,Mid-Atlantic,Retail,2,15.6,0.0,5.54
RD004,Superhero Rubber Duck,Themed,Pink,Mini,7.42,2024-03-20,ORD101139,CUST3249,PA,Mid-Atlantic,Marketplace,18,126.88,6.68,35.51
RD002,Pirate Rubber Duck,Themed,Green,Standard,13.31,2025-07-04,ORD101140,CUST4254,OH,Midwest,Retail,48,606.94,31.94,258.68
RD007,Jumbo Rubber Duck,Large,Yellow,Standard,5.94,2024-03-05,ORD101141,CUST6871,OR,West,Wholesale,12,71.28,0.0,36.3
RD007,Jumbo Rubber Duck,Large,Yellow,Standard,24.68,2025-11-07,ORD101142,CUST1264,NJ,Mid-Atlantic,Online,33,733.0,81.44,269.18
RD007,Jumbo Rubber Duck,Large,Yellow,Standard,24.18,2024-09-26,ORD101143,CUST5926,IA,Midwest,Retail,7,152.33,16.93,60.91
RD002,Pirate Rubber Duck,Themed,Blue,Large,4.32,2024-05-24,ORD101144,CUST1151,MO,Midwest,Retail,18,69.98,7.78,34.11
RD003,Princess Rubber Duck,Themed,Purple,Large,13.86,2024-03-05,ORD101145,CUST5801,DC,Mid-Atlantic,Wholesale,3,41.58,0.0,16.67
RD007,Jumbo Rubber Duck,Large,Pink,Mini,7.61,2024-01-07,ORD101146,CUST3660,DE,Mid-Atlantic,Online,34,245.8,12.94,81.37
RD008,Holiday Rubber Duck,Seasonal,Yellow,Standard,12.47,2023-02-28,ORD101147,CUST1466,PA,Mid-Atlantic,Marketplace,24,269.35,29.93,88.14
RD001,Classic Rubber Duck,Classic,Pink,Mini,4.97,2023-01-31,ORD101148,CUST2509,DE,Mid-Atlantic,Marketplace,25,118.04,6.21,57.21
RD002,Pirate Rubber Duck,Themed,Pink,Standard,13.74,2023-01-02,ORD101149,CUST8692,MA,Northeast,Wholesale,27,315.33,55.65,135.92
RD003,Princess Rubber Duck,Themed,Blue,Mini,15.33,2024-02-06,ORD101150,CUST9433,AR,South,Retail,40,613.2,0.0,264.01
RD003,Princess Rubber Duck,Themed,Blue,Mini,5.72,2023-08-04,ORD101151,CUST5106,DC,Mid-Atlantic,Retail,7,34.03,6.01,13.19
RD005,Glow Rubber Duck,Specialty,Pink,Standard,24.44,2023-09-27,ORD101152,CUST7140,LA,South,Retail,43,945.83,105.09,273.27
RD001,Classic Rubber Duck,Classic,Blue,Mini,5.0,2023-03-11,ORD101153,CUST7500,NE,Midwest,Wholesale,13,61.75,3.25,32.27
RD001,Classic Rubber Duck,Classic,Green,Mini,14.15,2025-04-10,ORD101154,CUST8425,ID,West,Wholesale,23,309.18,16.27,111.57
RD008,Holiday Rubber Duck,Seasonal,Pink,Standard,9.86,2024-01-17,ORD101155,CUST8984,CT,Northeast,Marketplace,50,443.7,49.3,180.28
RD002,Pirate Rubber Duck,Themed,Orange,Mini,14.89,2023-02-22,ORD101156,CUST2549,OK,South,Retail,5,67.0,7.45,25.56
RD008,Holiday Rubber Duck,Seasonal,Green,Standard,15.55,2024-09-20,ORD101157,CUST2359,ME,Northeast,Retail,19,280.68,14.77,83.22
RD007,Jumbo Rubber Duck,Large,Purple,Large,6.97,2024-02-11,ORD101158,CUST6798,NV,West,Retail,44,291.35,15.33,93.85
RD001,Classic Rubber Duck,Classic,Purple,Mini,15.32,2023-07-25,ORD101159,CUST4707,UT,West,Retail,45,654.93,34.47,280.16
RD007,Jumbo Rubber Duck,Large,Green,Standard,5.02,2025-12-04,ORD101160,CUST8667,PA,Mid-Atlantic,Wholesale,26,117.47,13.05,46.02
RD003,Princess Rubber Duck,Themed,Yellow,Standard,5.56,2023-05-17,ORD101161,CUST3298,VA,South,Retail,46,230.18,25.58,101.74
RD008,Holiday Rubber Duck,Seasonal,Blue,Standard,12.21,2024-02-01,ORD101162,CUST2155,NJ,Mid-Atlantic,Retail,11,114.16,20.15,40.59
RD005,Glow Rubber Duck,Specialty,Purple,Standard,6.58,2023-10-19,ORD101163,CUST6365,DE,Mid-Atlantic,Online,48,300.05,15.79,141.67
RD002,Pirate Rubber Duck,Themed,Pink,Mini,15.0,2025-06-16,ORD101164,CUST9867,AZ,West,Marketplace,50,637.5,112.5,256.47
RD003,Princess Rubber Duck,Themed,Yellow,Large,11.16,2024-06-07,ORD101165,CUST8643,CT,Northeast,Marketplace,18,200.88,0.0,91.32
RD003,Princess Rubber Duck,Themed,Blue,Large,8.71,2025-01-12,ORD101166,CUST9102,WI,Midwest,Marketplace,7,60.97,0.0,18.33
RD007,Jumbo Rubber Duck,Large,Pink,Large,6.2,2024-07-18,ORD101167,CUST9320,CT,Northeast,Wholesale,50,279.0,31.0,74.22
RD007,Jumbo Rubber Duck,Large,Blue,Large,5.73,2025-10-10,ORD101168,CUST8106,FL,South,Wholesale,7,34.09,6.02,13.61
RD002,Pirate Rubber Duck,Themed,Yellow,Large,16.73,2025-02-22,ORD101169,CUST2766,ND,Midwest,Online,37,526.16,92.85,153.73
RD002,Pirate Rubber Duck,Themed,Pink,Large,11.56,2023-03-23,ORD101170,CUST8212,NH,Northeast,Marketplace,44,432.34,76.3,99.78
RD001,Classic Rubber Duck,Classic,Yellow,Large,19.62,2024-01-06,ORD101171,CUST6389,NE,Midwest,Online,28,549.36,0.0,272.48
RD005,Glow Rubber Duck,Specialty,Pink,Mini,19.3,2024-12-05,ORD101172,CUST5532,OH,Midwest,Marketplace,17,295.29,32.81,80.52
RD001,Classic Rubber Duck,Classic,Blue,Large,18.67,2023-11-25,ORD101173,CUST9966,MS,South,Wholesale,41,688.92,76.55,197.37
RD007,Jumbo Rubber Duck,Large,Pink,Standard,21.11,2024-04-11,ORD101174,CUST2659,OK,South,Online,32,675.52,0.0,315.17
RD007,Jumbo Rubber Duck,Large,Pink,Standard,14.43,2025-09-21,ORD101175,CUST8172,KY,South,Wholesale,12,147.19,25.97,60.52
RD003,Princess Rubber Duck,Themed,Orange,Large,4.32,2024-08-29,ORD101176,CUST3914,PA,Mid-Atlantic,Marketplace,13,50.54,5.62,12.51
RD002,Pirate Rubber Duck,Themed,Purple,Standard,5.89,2023-10-26,ORD101177,CUST9729,NY,Mid-Atlantic,Wholesale,39,195.25,34.46,42.94
RD007,Jumbo Rubber Duck,Large,Pink,Mini,6.17,2023-06-18,ORD101178,CUST8250,DE,Mid-Atlantic,Online,48,266.54,29.62,87.85
RD004,Superhero Rubber Duck,Themed,Blue,Mini,18.01,2024-03-24,ORD101179,CUST8214,WA,West,Retail,18,324.18,0.0,138.22
RD003,Princess Rubber Duck,Themed,Orange,Large,9.11,2025-04-28,ORD101180,CUST4149,VT,Northeast,Marketplace,2,15.49,2.73,3.47
RD003,Princess Rubber Duck,Themed,Pink,Standard,12.38,2025-01-15,ORD101181,CUST7065,WY,West,Wholesale,37,389.35,68.71,97.7
RD004,Superhero Rubber Duck,Themed,Orange,Large,11.49,2024-05-20,ORD101182,CUST3109,TN,South,Online,45,491.2,25.85,216.95
RD008,Holiday Rubber Duck,Seasonal,Green,Standard,6.19,2024-04-03,ORD101183,CUST1871,UT,West,Marketplace,39,229.34,12.07,77.25
RD008,Holiday Rubber Duck,Seasonal,Pink,Standard,13.15,2023-04-28,ORD101184,CUST3422,SD,Midwest,Online,11,144.65,0.0,59.31
RD006,Mini Rubber Duck,Mini,Green,Large,9.79,2025-10-02,ORD101185,CUST3184,CT,Northeast,Marketplace,17,166.43,0.0,61.84
RD004,Superhero Rubber Duck,Themed,Green,Mini,15.3,2025-11-06,ORD101186,CUST9841,WI,Midwest,Wholesale,44,605.88,67.32,247.31
RD001,Classic Rubber Duck,Classic,Orange,Mini,18.94,2023-05-26,ORD101187,CUST9679,CA,West,Marketplace,23,435.62,0.0,155.23
RD003,Princess Rubber Duck,Themed,Purple,Standard,24.57,2023-03-02,ORD101188,CUST2957,NJ,Mid-Atlantic,Wholesale,50,1167.07,61.43,357.57
RD002,Pirate Rubber Duck,Themed,Purple,Standard,16.04,2025-02-19,ORD101189,CUST3269,MA,Northeast,Wholesale,44,599.9,105.86,140.29
RD003,Princess Rubber Duck,Themed,Yellow,Mini,11.45,2025-10-20,ORD101190,CUST5268,VT,Northeast,Marketplace,46,447.7,79.0,94.93
RD004,Superhero Rubber Duck,Themed,Orange,Standard,24.69,2023-07-12,ORD101191,CUST1334,PA,Mid-Atlantic,Online,41,1012.29,0.0,470.79
RD001,Classic Rubber Duck,Classic,Pink,Mini,7.53,2025-02-26,ORD101192,CUST7141,WV,South,Online,34,256.02,0.0,140.51
RD003,Princess Rubber Duck,Themed,Purple,Mini,17.03,2023-07-18,ORD101193,CUST7130,DC,Mid-Atlantic,Retail,12,194.14,10.22,52.33
RD008,Holiday Rubber Duck,Seasonal,Pink,Standard,7.12,2023-09-04,ORD101194,CUST2765,MD,Mid-Atlantic,Wholesale,29,206.48,0.0,81.45
RD003,Princess Rubber Duck,Themed,Orange,Standard,7.51,2023-11-14,ORD101195,CUST8449,MT,West,Marketplace,7,44.68,7.89,18.48
RD008,Holiday Rubber Duck,Seasonal,Green,Mini,15.63,2024-05-05,ORD101196,CUST7623,CT,Northeast,Online,22,326.67,17.19,140.5
RD006,Mini Rubber Duck,Mini,Purple,Large,21.02,2023-07-06,ORD101197,CUST6251,MA,Northeast,Marketplace,43,903.86,0.0,305.56
RD004,Superhero Rubber Duck,Themed,Green,Standard,6.83,2025-05-23,ORD101198,CUST7177,FL,South,Online,49,317.94,16.73,142.83
RD008,Holiday Rubber Duck,Seasonal,Green,Standard,6.18,2024-09-18,ORD101199,CUST1903,MA,Northeast,Online,36,189.11,33.37,55.08
RD004,Superhero Rubber Duck,Themed,Orange,Mini,22.72,2023-04-09,ORD101200,CUST1773,VT,Northeast,Wholesale,48,1036.03,54.53,370.53
RD007,Jumbo Rubber Duck,Large,Blue,Large,24.24,2025-12-09,ORD101201,CUST7075,PA,Mid-Atlantic,Online,4,82.42,14.54,20.89
RD004,Superhero Rubber Duck,Themed,Green,Mini,23.94,2024-02-21,ORD101202,CUST1255,MA,Northeast,Online,15,323.19,35.91,155.04
RD007,Jumbo Rubber Duck,Large,Blue,Standard,6.43,2024-11-08,ORD101203,CUST4741,DC,Mid-Atlantic,Wholesale,19,122.17,0.0,39.57
RD007,Jumbo Rubber Duck,Large,Purple,Large,6.97,2025-05-15,ORD101204,CUST6074,NH,Northeast,Retail,16,100.37,11.15,25.6
RD005,Glow Rubber Duck,Specialty,Green,Standard,4.2,2024-01-24,ORD101205,CUST1170,KS,Midwest,Marketplace,27,96.39,17.01,37.48
RD001,Classic Rubber Duck,Classic,Blue,Standard,17.91,2023-08-25,ORD101206,CUST2089,IN,Midwest,Retail,15,268.65,0.0,104.93
RD006,Mini Rubber Duck,Mini,Pink,Large,9.38,2024-08-09,ORD101207,CUST5284,DC,Mid-Atlantic,Online,44,350.81,61.91,135.7
RD002,Pirate Rubber Duck,Themed,Yellow,Standard,23.94,2025-11-27,ORD101208,CUST8844,IL,Midwest,Online,36,732.56,129.28,301.47
RD002,Pirate Rubber Duck,Themed,Blue,Standard,21.48,2023-05-19,ORD101209,CUST7076,NY,Mid-Atlantic,Marketplace,12,257.76,0.0,92.63
RD003,Princess Rubber Duck,Themed,Yellow,Large,20.14,2024-10-13,ORD101210,CUST1232,SD,Midwest,Retail,43,822.72,43.3,266.62
RD006,Mini Rubber Duck,Mini,Pink,Large,11.34,2023-11-10,ORD101211,CUST2042,NC,South,Retail,13,147.42,0.0,66.66
RD003,Princess Rubber Duck,Themed,Blue,Large,17.81,2023-05-23,ORD101212,CUST9659,PA,Mid-Atlantic,Wholesale,29,516.49,0.0,171.56
RD003,Princess Rubber Duck,Themed,Orange,Large,24.24,2025-04-19,ORD101213,CUST1286,MD,Mid-Atlantic,Retail,4,96.96,0.0,36.73
RD006,Mini Rubber Duck,Mini,Orange,Mini,7.0,2023-01-08,ORD101214,CUST7349,VA,South,Online,7,46.55,2.45,24.43
RD004,Superhero Rubber Duck,Themed,Pink,Large,15.45,2025-03-01,ORD101215,CUST7336,RI,Northeast,Marketplace,2,26.27,4.63,5.13
RD004,Superhero Rubber Duck,Themed,Green,Large,9.24,2023-11-10,ORD101216,CUST6900,SD,Midwest,Retail,41,322.01,56.83,106.15
RD003,Princess Rubber Duck,Themed,Purple,Mini,19.34,2025-01-23,ORD101217,CUST8073,AR,South,Wholesale,25,435.15,48.35,110.97
RD003,Princess Rubber Duck,Themed,Purple,Standard,12.61,2023-09-14,ORD101218,CUST4409,MA,Northeast,Marketplace,35,419.28,22.07,111.72
RD007,Jumbo Rubber Duck,Large,Pink,Large,19.39,2024-11-22,ORD101219,CUST7535,MO,Midwest,Retail,29,477.96,84.35,159.76
RD004,Superhero Rubber Duck,Themed,Green,Large,18.95,2025-01-14,ORD101220,CUST7688,NJ,Mid-Atlantic,Wholesale,37,666.09,35.06,184.4
RD005,Glow Rubber Duck,Specialty,Yellow,Mini,6.96,2025-04-24,ORD101221,CUST4558,DE,Mid-Atlantic,Wholesale,7,41.41,7.31,15.83
RD003,Princess Rubber Duck,Themed,Orange,Large,13.06,2025-03-01,ORD101222,CUST3823,ND,Midwest,Wholesale,29,378.74,0.0,142.6
RD003,Princess Rubber Duck,Themed,Blue,Large,20.41,2025-08-17,ORD101223,CUST3139,SD,Midwest,Marketplace,13,252.06,13.27,105.38
RD006,Mini Rubber Duck,Mini,Yellow,Mini,16.85,2023-05-14,ORD101224,CUST1142,HI,West,Online,48,808.8,0.0,308.11
RD006,Mini Rubber Duck,Mini,Pink,Mini,23.55,2024-03-12,ORD101225,CUST6946,VT,Northeast,Wholesale,23,514.57,27.08,170.14
RD008,Holiday Rubber Duck,Seasonal,Blue,Mini,18.77,2023-11-24,ORD101226,CUST7802,MN,Midwest,Online,19,320.97,35.66,151.44
RD007,Jumbo Rubber Duck,Large,Yellow,Large,15.59,2024-05-25,ORD101227,CUST3402,MD,Mid-Atlantic,Marketplace,31,434.96,48.33,134.12
RD002,Pirate Rubber Duck,Themed,Orange,Large,22.47,2023-02-10,ORD101228,CUST6937,NH,Northeast,Marketplace,31,592.08,104.49,195.58
RD003,Princess Rubber Duck,Themed,Pink,Mini,24.37,2023-06-24,ORD101229,CUST3903,OH,Midwest,Retail,43,943.12,104.79,239.55
RD005,Glow Rubber Duck,Specialty,Pink,Large,6.32,2024-10-18,ORD101230,CUST2361,IN,Midwest,Wholesale,43,258.17,13.59,70.55
RD008,Holiday Rubber Duck,Seasonal,Blue,Large,22.7,2024-06-01,ORD101231,CUST5591,RI,Northeast,Online,27,582.26,30.64,250.49
RD008,Holiday Rubber Duck,Seasonal,Pink,Mini,5.08,2025-06-05,ORD101232,CUST5470,NC,South,Marketplace,16,73.15,8.13,31.23
RD002,Pirate Rubber Duck,Themed,Pink,Standard,4.65,2023-02-09,ORD101233,CUST4270,TN,South,Marketplace,40,186.0,0.0,68.14
RD007,Jumbo Rubber Duck,Large,Green,Standard,18.59,2025-11-15,ORD101234,CUST6605,OH,Midwest,Retail,18,284.43,50.19,105.77
RD006,Mini Rubber Duck,Mini,Purple,Mini,8.04,2025-07-10,ORD101235,CUST6220,TN,South,Online,19,137.48,15.28,65.56
RD001,Classic Rubber Duck,Classic,Yellow,Mini,9.09,2024-04-30,ORD101236,CUST1158,NY,Mid-Atlantic,Online,12,98.17,10.91,47.31
RD006,Mini Rubber Duck,Mini,Purple,Mini,7.27,2024-11-08,ORD101237,CUST2998,OR,West,Online,41,253.36,44.71,72.21
RD003,Princess Rubber Duck,Themed,Yellow,Standard,23.45,2023-07-07,ORD101238,CUST4818,DC,Mid-Atlantic,Retail,12,281.4,0.0,104.24
RD001,Classic Rubber Duck,Classic,Purple,Standard,10.72,2024-02-09,ORD101239,CUST4048,MA,Northeast,Marketplace,34,346.26,18.22,138.87
RD005,Glow Rubber Duck,Specialty,Pink,Mini,13.28,2024-02-09,ORD101240,CUST9880,CA,West,Retail,33,438.24,0.0,232.32
RD002,Pirate Rubber Duck,Themed,Orange,Standard,7.92,2024-08-30,ORD101241,CUST9301,NH,Northeast,Wholesale,21,158.0,8.32,76.4
RD004,Superhero Rubber Duck,Themed,Pink,Mini,21.3,2024-05-30,ORD101242,CUST2059,WI,Midwest,Online,48,971.28,51.12,375.59
RD002,Pirate Rubber Duck,Themed,Yellow,Large,22.95,2025-07-02,ORD101243,CUST2445,MN,Midwest,Wholesale,4,78.03,13.77,34.89
RD006,Mini Rubber Duck,Mini,Green,Standard,24.14,2024-10-15,ORD101244,CUST8871,NM,West,Wholesale,37,803.86,89.32,239.56
RD008,Holiday Rubber Duck,Seasonal,Yellow,Large,14.26,2023-12-16,ORD101245,CUST6781,OK,South,Marketplace,35,474.15,24.95,221.09
RD008,Holiday Rubber Duck,Seasonal,Green,Mini,23.38,2025-08-09,ORD101246,CUST3327,MN,Midwest,Marketplace,26,516.7,91.18,111.14
RD007,Jumbo Rubber Duck,Large,Green,Large,20.54,2023-01-29,ORD101247,CUST3830,NH,Northeast,Retail,25,487.82,25.68,205.47
RD003,Princess Rubber Duck,Themed,Yellow,Standard,4.33,2024-02-10,ORD101248,CUST7426,NY,Mid-Atlantic,Retail,31,127.52,6.71,58.03
RD005,Glow Rubber Duck,Specialty,Green,Large,8.77,2023-11-24,ORD101249,CUST1979,AZ,West,Wholesale,32,238.54,42.1,81.88
RD002,Pirate Rubber Duck,Themed,Green,Mini,18.82,2025-11-28,ORD101250,CUST7821,VT,Northeast,Marketplace,39,660.58,73.4,304.33
RD001,Classic Rubber Duck,Classic,Orange,Mini,7.32,2025-05-28,ORD101251,CUST3120,AR,South,Wholesale,41,270.11,30.01,83.73
RD006,Mini Rubber Duck,Mini,Yellow,Mini,18.45,2025-08-27,ORD101252,CUST8324,OK,South,Wholesale,9,149.44,16.61,51.25
RD007,Jumbo Rubber Duck,Large,Purple,Standard,23.83,2024-10-02,ORD101253,CUST5596,NJ,Mid-Atlantic,Wholesale,45,1018.73,53.62,292.17
RD006,Mini Rubber Duck,Mini,Blue,Standard,24.26,2024-04-30,ORD101254,CUST8696,NJ,Mid-Atlantic,Online,41,944.93,49.73,321.25
RD006,Mini Rubber Duck,Mini,Green,Large,12.06,2025-10-02,ORD101255,CUST5358,OR,West,Online,10,108.54,12.06,51.82
RD008,Holiday Rubber Duck,Seasonal,Green,Mini,20.61,2023-05-01,ORD101256,CUST4659,IL,Midwest,Online,18,352.43,18.55,151.75
RD006,Mini Rubber Duck,Mini,Green,Standard,17.02,2024-10-17,ORD101257,CUST9786,TX,South,Retail,36,582.08,30.64,186.31
RD004,Superhero Rubber Duck,Themed,Orange,Large,6.52,2024-02-04,ORD101258,CUST5627,WY,West,Retail,47,306.44,0.0,112.2
RD007,Jumbo Rubber Duck,Large,Pink,Mini,21.18,2023-10-23,ORD101259,CUST1472,KS,Midwest,Marketplace,1,19.06,2.12,8.15
RD002,Pirate Rubber Duck,Themed,Orange,Standard,20.28,2023-11-18,ORD101260,CUST6146,MS,South,Online,10,172.38,30.42,49.39
RD005,Glow Rubber Duck,Specialty,Pink,Mini,8.14,2023-09-21,ORD101261,CUST3030,WI,Midwest,Online,39,269.84,47.62,104.38
RD006,Mini Rubber Duck,Mini,Purple,Standard,11.74,2025-06-08,ORD101262,CUST7480,ID,West,Retail,21,209.56,36.98,64.71
RD006,Mini Rubber Duck,Mini,Orange,Mini,4.72,2023-03-22,ORD101263,CUST3160,HI,West,Marketplace,19,80.71,8.97,27.67
RD002,Pirate Rubber Duck,Themed,Yellow,Standard,7.17,2024-04-26,ORD101264,CUST6850,NH,Northeast,Wholesale,34,231.59,12.19,64.59
RD002,Pirate Rubber Duck,Themed,Green,Large,19.76,2025-12-10,ORD101265,CUST7487,MN,Midwest,Retail,32,537.47,94.85,166.75
RD002,Pirate Rubber Duck,Themed,Purple,Large,7.33,2023-04-26,ORD101266,CUST1396,DE,Mid-Atlantic,Online,49,323.25,35.92,141.21
RD004,Superhero Rubber Duck,Themed,Orange,Standard,4.88,2023-10-09,ORD101267,CUST6291,OH,Midwest,Marketplace,49,227.16,11.96,62.77
RD007,Jumbo Rubber Duck,Large,Orange,Mini,20.07,2025-04-29,ORD101268,CUST1657,RI,Northeast,Retail,32,642.24,0.0,245.71
RD001,Classic Rubber Duck,Classic,Orange,Mini,16.23,2025-01-23,ORD101269,CUST7507,NJ,Mid-Atlantic,Retail,1,14.61,1.62,4.46
RD003,Princess Rubber Duck,Themed,Orange,Standard,23.21,2025-02-05,ORD101270,CUST3619,CA,West,Retail,48,1002.67,111.41,427.35
RD005,Glow Rubber Duck,Specialty,Green,Mini,10.86,2024-08-07,ORD101271,CUST8299,SC,South,Marketplace,17,156.93,27.69,68.35
RD004,Superhero Rubber Duck,Themed,Purple,Large,4.86,2024-09-03,ORD101272,CUST4511,NY,Mid-Atlantic,Wholesale,7,32.32,1.7,15.31
RD006,Mini Rubber Duck,Mini,Pink,Mini,17.59,2023-02-18,ORD101273,CUST4545,OH,Midwest,Retail,15,237.46,26.39,104.43
RD006,Mini Rubber Duck,Mini,Orange,Mini,23.87,2025-03-11,ORD101274,CUST9055,DE,Mid-Atlantic,Marketplace,25,537.07,59.68,200.22
RD005,Glow Rubber Duck,Specialty,Pink,Mini,16.93,2023-01-23,ORD101275,CUST5971,NY,Mid-Atlantic,Marketplace,1,16.93,0.0,6.69
RD007,Jumbo Rubber Duck,Large,Purple,Standard,6.03,2025-05-16,ORD101276,CUST2246,WA,West,Wholesale,24,137.48,7.24,48.99
RD007,Jumbo Rubber Duck,Large,Blue,Mini,20.17,2025-07-24,ORD101277,CUST1497,VT,Northeast,Marketplace,8,145.22,16.14,66.89
RD003,Princess Rubber Duck,Themed,Pink,Mini,5.8,2024-07-13,ORD101278,CUST8859,ME,Northeast,Online,16,78.88,13.92,16.94
RD003,Princess Rubber Duck,Themed,Green,Standard,12.34,2025-06-04,ORD101279,CUST3867,NY,Mid-Atlantic,Online,25,308.5,0.0,166.81
RD001,Classic Rubber Duck,Classic,Yellow,Large,18.9,2024-07-01,ORD101280,CUST5455,VT,Northeast,Retail,47,755.06,133.24,310.31
RD004,Superhero Rubber Duck,Themed,Blue,Large,24.9,2025-09-27,ORD101281,CUST1774,OH,Midwest,Wholesale,3,63.5,11.2,19.45
RD006,Mini Rubber Duck,Mini,Purple,Large,11.7,2025-01-30,ORD101282,CUST9859,RI,Northeast,Retail,31,344.56,18.14,147.5
RD006,Mini Rubber Duck,Mini,Pink,Mini,7.64,2024-12-12,ORD101283,CUST9102,AL,South,Marketplace,26,178.78,19.86,66.18
RD006,Mini Rubber Duck,Mini,Green,Large,16.64,2025-08-13,ORD101284,CUST3691,MI,Midwest,Online,9,134.78,14.98,32.77
RD006,Mini Rubber Duck,Mini,Blue,Large,7.04,2023-10-13,ORD101285,CUST7493,NM,West,Online,22,147.14,7.74,44.49
RD007,Jumbo Rubber Duck,Large,Orange,Large,15.41,2024-06-05,ORD101286,CUST3698,RI,Northeast,Retail,34,523.94,0.0,212.79
RD006,Mini Rubber Duck,Mini,Blue,Large,10.83,2025-03-15,ORD101287,CUST6752,MI,Midwest,Marketplace,24,220.93,38.99,69.97
RD002,Pirate Rubber Duck,Themed,Yellow,Standard,17.51,2025-10-30,ORD101288,CUST3365,DC,Mid-Atlantic,Online,10,166.34,8.76,56.19
RD005,Glow Rubber Duck,Specialty,Yellow,Mini,10.35,2024-01-27,ORD101289,CUST1509,DE,Mid-Atlantic,Wholesale,14,144.9,0.0,45.23
RD002,Pirate Rubber Duck,Themed,Yellow,Standard,21.37,2025-07-15,ORD101290,CUST6857,NJ,Mid-Atlantic,Marketplace,44,940.28,0.0,501.4
RD001,Classic Rubber Duck,Classic,Purple,Large,11.2,2025-09-06,ORD101291,CUST1686,AZ,West,Marketplace,24,255.36,13.44,113.99
RD001,Classic Rubber Duck,Classic,Orange,Mini,11.37,2025-02-24,ORD101292,CUST7925,MN,Midwest,Wholesale,17,164.3,28.99,35.71
RD008,Holiday Rubber Duck,Seasonal,Yellow,Mini,4.8,2023-07-08,ORD101293,CUST2540,MA,Northeast,Marketplace,32,153.6,0.0,66.24
RD007,Jumbo Rubber Duck,Large,Blue,Large,16.67,2025-07-13,ORD101294,CUST7727,SC,South,Online,31,516.77,0.0,242.51
RD001,Classic Rubber Duck,Classic,Yellow,Large,22.11,2025-06-29,ORD101295,CUST3969,MD,Mid-Atlantic,Marketplace,50,1105.5,0.0,349.47
RD005,Glow Rubber Duck,Specialty,Purple,Large,20.82,2023-08-29,ORD101296,CUST9046,CO,West,Retail,35,728.7,0.0,354.66
RD008,Holiday Rubber Duck,Seasonal,Yellow,Mini,7.41,2023-11-14,ORD101297,CUST8899,TX,South,Marketplace,19,126.71,14.08,48.33
RD004,Superhero Rubber Duck,Themed,Pink,Mini,20.28,2023-03-31,ORD101298,CUST4660,MA,Northeast,Wholesale,42,809.17,42.59,261.39
RD008,Holiday Rubber Duck,Seasonal,Blue,Large,13.33,2023-10-13,ORD101299,CUST1387,DC,Mid-Atlantic,Marketplace,45,599.85,0.0,314.69
RD008,Holiday Rubber Duck,Seasonal,Green,Standard,18.67,2023-08-06,ORD101300,CUST1549,OK,South,Wholesale,2,33.61,3.73,10.88
RD007,Jumbo Rubber Duck,Large,Green,Standard,12.86,2025-01-02,ORD101301,CUST9308,AK,West,Retail,5,64.3,0.0,31.14
RD003,Princess Rubber Duck,Themed,Purple,Large,7.39,2025-07-02,ORD101302,CUST7116,ME,Northeast,Wholesale,37,259.76,13.67,91.28
RD008,Holiday Rubber Duck,Seasonal,Blue,Mini,7.89,2024-04-20,ORD101303,CUST5920,CT,Northeast,Retail,27,213.03,0.0,87.36
RD007,Jumbo Rubber Duck,Large,Orange,Large,5.25,2024-06-28,ORD101304,CUST1145,VT,Northeast,Wholesale,1,5.25,0.0,2.2
RD003,Princess Rubber Duck,Themed,Green,Mini,22.06,2025-09-06,ORD101305,CUST2622,SC,South,Retail,14,293.4,15.44,103.15
RD007,Jumbo Rubber Duck,Large,Blue,Mini,17.16,2025-11-10,ORD101306,CUST8826,NM,West,Online,5,81.51,4.29,28.59
RD003,Princess Rubber Duck,Themed,Green,Mini,19.81,2024-06-21,ORD101307,CUST8075,DC,Mid-Atlantic,Online,41,730.99,81.22,175.11
RD006,Mini Rubber Duck,Mini,Purple,Mini,8.03,2024-04-05,ORD101308,CUST8853,OH,Midwest,Marketplace,47,339.67,37.74,132.96
RD003,Princess Rubber Duck,Themed,Green,Mini,14.94,2023-03-05,ORD101309,CUST2390,MD,Mid-Atlantic,Retail,32,478.08,0.0,211.22
RD001,Classic Rubber Duck,Classic,Pink,Standard,12.25,2024-10-31,ORD101310,CUST9379,GA,South,Marketplace,30,330.75,36.75,137.49
RD007,Jumbo Rubber Duck,Large,Purple,Standard,15.75,2023-07-06,ORD101311,CUST6610,AK,West,Online,44,658.35,34.65,265.19
RD005,Glow Rubber Duck,Specialty,Blue,Large,22.36,2024-10-25,ORD101312,CUST4133,GA,South,Wholesale,39,828.44,43.6,367.77
RD005,Glow Rubber Duck,Specialty,Purple,Large,14.86,2025-05-18,ORD101313,CUST4085,PA,Mid-Atlantic,Retail,27,361.1,40.12,154.08
RD005,Glow Rubber Duck,Specialty,Orange,Large,18.4,2025-08-05,ORD101314,CUST3841,DC,Mid-Atlantic,Online,46,761.76,84.64,337.62
RD005,Glow Rubber Duck,Specialty,Pink,Mini,16.55,2025-10-14,ORD101315,CUST7416,NJ,Mid-Atlantic,Marketplace,41,610.69,67.86,274.29
RD005,Glow Rubber Duck,Specialty,Yellow,Standard,15.28,2024-06-01,ORD101316,CUST7440,ID,West,Online,10,137.52,15.28,45.61
RD002,Pirate Rubber Duck,Themed,Blue,Standard,23.47,2025-05-11,ORD101317,CUST1835,PA,Mid-Atlantic,Marketplace,30,633.69,70.41,226.88
RD008,Holiday Rubber Duck,Seasonal,Yellow,Standard,13.99,2024-01-06,ORD101318,CUST1892,OR,West,Online,25,314.77,34.98,146.94
RD002,Pirate Rubber Duck,Themed,Blue,Mini,15.51,2025-05-16,ORD101319,CUST1981,WV,South,Online,18,265.22,13.96,84.88
RD002,Pirate Rubber Duck,Themed,Orange,Large,19.1,2024-03-27,ORD101320,CUST5370,KY,South,Wholesale,19,308.46,54.44,123.32
RD004,Superhero Rubber Duck,Themed,Blue,Large,15.62,2025-02-23,ORD101321,CUST1285,NY,Mid-Atlantic,Retail,21,311.62,16.4,149.92
RD002,Pirate Rubber Duck,Themed,Green,Mini,16.89,2024-05-19,ORD101322,CUST4965,AK,West,Marketplace,18,258.42,45.6,112.14
RD003,Princess Rubber Duck,Themed,Orange,Large,9.86,2025-06-10,ORD101323,CUST7335,NJ,Mid-Atlantic,Marketplace,1,9.37,0.49,3.28
RD004,Superhero Rubber Duck,Themed,Orange,Standard,21.78,2025-02-26,ORD101324,CUST1377,NY,Mid-Atlantic,Wholesale,27,499.85,88.21,170.16
RD004,Superhero Rubber Duck,Themed,Orange,Large,20.57,2025-10-19,ORD101325,CUST7355,IA,Midwest,Marketplace,34,629.44,69.94,258.4
RD004,Superhero Rubber Duck,Themed,Blue,Mini,18.76,2025-04-07,ORD101326,CUST6148,NC,South,Wholesale,39,621.89,109.75,261.85
RD007,Jumbo Rubber Duck,Large,Yellow,Large,19.0,2025-08-19,ORD101327,CUST4998,SC,South,Online,15,242.25,42.75,71.22
RD008,Holiday Rubber Duck,Seasonal,Purple,Standard,15.99,2025-06-12,ORD101328,CUST7949,MA,Northeast,Online,24,326.2,57.56,151.54
RD007,Jumbo Rubber Duck,Large,Blue,Large,8.79,2023-12-12,ORD101329,CUST9473,FL,South,Retail,24,189.86,21.1,69.69
RD001,Classic Rubber Duck,Classic,Yellow,Large,5.0,2023-11-22,ORD101330,CUST1820,MN,Midwest,Wholesale,15,75.0,0.0,27.99
RD002,Pirate Rubber Duck,Themed,Blue,Mini,13.51,2024-07-24,ORD101331,CUST7708,AZ,West,Wholesale,19,243.86,12.83,73.26
RD003,Princess Rubber Duck,Themed,Pink,Large,8.86,2023-12-27,ORD101332,CUST8704,OR,West,Marketplace,6,53.16,0.0,21.63
RD003,Princess Rubber Duck,Themed,Pink,Mini,20.95,2023-07-27,ORD101333,CUST9748,NY,Mid-Atlantic,Online,13,272.35,0.0,145.2
RD008,Holiday Rubber Duck,Seasonal,Blue,Mini,11.74,2024-01-18,ORD101334,CUST6332,HI,West,Retail,12,133.84,7.04,51.65
RD005,Glow Rubber Duck,Specialty,Green,Mini,14.51,2023-04-10,ORD101335,CUST3167,CA,West,Retail,4,49.33,8.71,21.25
RD006,Mini Rubber Duck,Mini,Purple,Mini,9.85,2023-08-14,ORD101336,CUST3655,HI,West,Online,16,133.96,23.64,56.14
RD002,Pirate Rubber Duck,Themed,Orange,Large,4.0,2025-03-19,ORD101337,CUST7617,IN,Midwest,Marketplace,30,102.0,18.0,27.67
RD006,Mini Rubber Duck,Mini,Green,Mini,19.08,2025-12-08,ORD101338,CUST9243,WY,West,Marketplace,48,778.46,137.38,194.24
RD003,Princess Rubber Duck,Themed,Green,Standard,5.53,2025-04-24,ORD101339,CUST5907,NH,Northeast,Wholesale,24,119.45,13.27,55.89
RD001,Classic Rubber Duck,Classic,Green,Large,8.16,2023-10-29,ORD101340,CUST3291,MS,South,Wholesale,2,15.5,0.82,6.38
RD007,Jumbo Rubber Duck,Large,Green,Large,4.33,2025-03-28,ORD101341,CUST8621,NJ,Mid-Atlantic,Wholesale,15,55.21,9.74,21.88
RD004,Superhero Rubber Duck,Themed,Pink,Standard,12.72,2023-07-27,ORD101342,CUST1870,IN,Midwest,Wholesale,4,48.34,2.54,13.39
RD008,Holiday Rubber Duck,Seasonal,Orange,Standard,22.3,2025-11-15,ORD101343,CUST1663,NE,Midwest,Marketplace,5,100.35,11.15,40.29
RD002,Pirate Rubber Duck,Themed,Blue,Large,8.05,2023-07-27,ORD101344,CUST5417,FL,South,Online,33,252.37,13.28,132.09
RD001,Classic Rubber Duck,Classic,Orange,Standard,17.23,2024-11-15,ORD101345,CUST6684,NV,West,Wholesale,24,413.52,0.0,181.08
RD005,Glow Rubber Duck,Specialty,Green,Large,20.82,2025-09-25,ORD101346,CUST1592,VA,South,Online,38,791.16,0.0,260.38
RD003,Princess Rubber Duck,Themed,Yellow,Large,17.86,2024-02-07,ORD101347,CUST7289,MN,Midwest,Wholesale,29,466.15,51.79,214.44
RD007,Jumbo Rubber Duck,Large,Green,Mini,4.91,2024-02-01,ORD101348,CUST7994,NY,Mid-Atlantic,Wholesale,1,4.66,0.25,2.21
RD004,Superhero Rubber Duck,Themed,Blue,Standard,7.42,2023-05-16,ORD101349,CUST3713,ME,Northeast,Marketplace,3,20.03,2.23,5.97
RD002,Pirate Rubber Duck,Themed,Orange,Large,13.64,2024-06-12,ORD101350,CUST9977,CT,Northeast,Wholesale,22,270.07,30.01,71.22
RD006,Mini Rubber Duck,Mini,Blue,Mini,18.01,2024-05-17,ORD101351,CUST8108,WA,West,Marketplace,46,745.61,82.85,205.83
RD005,Glow Rubber Duck,Specialty,Pink,Mini,10.3,2024-09-07,ORD101352,CUST3424,TN,South,Retail,47,411.49,72.61,187.44
RD004,Superhero Rubber Duck,Themed,Green,Large,23.0,2025-03-29,ORD101353,CUST6426,DE,Mid-Atlantic,Wholesale,7,144.9,16.1,55.84
RD002,Pirate Rubber Duck,Themed,Green,Standard,17.07,2023-04-27,ORD101354,CUST8080,NJ,Mid-Atlantic,Retail,43,734.01,0.0,261.5
RD007,Jumbo Rubber Duck,Large,Green,Standard,11.0,2025-09-23,ORD101355,CUST4506,OH,Midwest,Marketplace,24,264.0,0.0,124.87
RD007,Jumbo Rubber Duck,Large,Orange,Standard,9.1,2024-10-31,ORD101356,CUST2357,PA,Mid-Atlantic,Online,11,90.09,10.01,41.06
RD002,Pirate Rubber Duck,Themed,Purple,Large,4.17,2023-07-09,ORD101357,CUST3488,CT,Northeast,Online,35,124.06,21.89,40.41
RD001,Classic Rubber Duck,Classic,Purple,Large,4.68,2025-01-01,ORD101358,CUST2433,IN,Midwest,Online,19,80.03,8.89,24.93
RD003,Princess Rubber Duck,Themed,Blue,Mini,6.09,2023-01-01,ORD101359,CUST7403,FL,South,Marketplace,38,231.42,0.0,70.11
RD002,Pirate Rubber Duck,Themed,Blue,Mini,10.11,2024-08-05,ORD101360,CUST8574,KY,South,Wholesale,34,343.74,0.0,117.58
RD003,Princess Rubber Duck,Themed,Purple,Mini,14.41,2024-11-24,ORD101361,CUST8744,OR,West,Marketplace,15,194.53,21.62,95.53
RD006,Mini Rubber Duck,Mini,Pink,Large,10.16,2024-04-26,ORD101362,CUST6351,AZ,West,Retail,46,397.26,70.1,138.11
RD004,Superhero Rubber Duck,Themed,Blue,Mini,18.76,2023-08-30,ORD101363,CUST8355,IN,Midwest,Retail,3,56.28,0.0,30.13
RD003,Princess Rubber Duck,Themed,Green,Standard,20.17,2025-09-13,ORD101364,CUST3008,VT,Northeast,Wholesale,45,816.88,90.77,276.99
RD004,Superhero Rubber Duck,Themed,Yellow,Mini,4.7,2023-05-16,ORD101365,CUST5131,NE,Midwest,Marketplace,11,43.95,7.75,18.21
RD003,Princess Rubber Duck,Themed,Purple,Large,17.81,2024-10-31,ORD101366,CUST7919,MO,Midwest,Wholesale,26,416.75,46.31,156.32
RD003,Princess Rubber Duck,Themed,Blue,Mini,24.03,2024-11-16,ORD101367,CUST3299,NH,Northeast,Retail,27,648.81,0.0,277.87
RD008,Holiday Rubber Duck,Seasonal,Purple,Standard,19.13,2025-01-08,ORD101368,CUST7111,SC,South,Wholesale,27,516.51,0.0,184.54
RD001,Classic Rubber Duck,Classic,Purple,Large,20.19,2024-11-11,ORD101369,CUST9273,MA,Northeast,Wholesale,33,632.96,33.31,297.98
RD007,Jumbo Rubber Duck,Large,Green,Large,16.85,2023-03-22,ORD101370,CUST9964,WY,West,Wholesale,40,640.3,33.7,263.71
RD008,Holiday Rubber Duck,Seasonal,Green,Large,10.97,2025-05-04,ORD101371,CUST4783,VT,Northeast,Wholesale,27,296.19,0.0,127.77
RD004,Superhero Rubber Duck,Themed,Green,Standard,10.3,2024-06-04,ORD101372,CUST1070,WI,Midwest,Retail,42,432.6,0.0,149.6
RD001,Classic Rubber Duck,Classic,Pink,Large,9.01,2023-06-05,ORD101373,CUST9954,DE,Mid-Atlantic,Marketplace,1,7.66,1.35,3.5
RD001,Classic Rubber Duck,Classic,Green,Large,20.68,2023-04-15,ORD101374,CUST4496,AK,West,Wholesale,41,763.09,84.79,218.56
RD002,Pirate Rubber Duck,Themed,Yellow,Large,15.77,2024-02-15,ORD101375,CUST8036,DE,Mid-Atlantic,Online,22,329.59,17.35,126.19
RD006,Mini Rubber Duck,Mini,Purple,Standard,4.42,2024-08-21,ORD101376,CUST7808,DE,Mid-Atlantic,Retail,9,35.8,3.98,16.22
RD007,Jumbo Rubber Duck,Large,Yellow,Mini,7.43,2023-05-21,ORD101377,CUST2989,DC,Mid-Atlantic,Online,7,46.81,5.2,19.38
RD004,Superhero Rubber Duck,Themed,Orange,Standard,24.26,2025-10-21,ORD101378,CUST9368,VT,Northeast,Online,8,164.97,29.11,61.26
RD008,Holiday Rubber Duck,Seasonal,Blue,Large,20.49,2025-03-05,ORD101379,CUST5100,AZ,West,Online,23,471.27,0.0,217.58
RD002,Pirate Rubber Duck,Themed,Yellow,Standard,7.05,2024-12-20,ORD101380,CUST7377,NH,Northeast,Marketplace,11,73.67,3.88,29.49
RD002,Pirate Rubber Duck,Themed,Orange,Large,21.04,2025-09-17,ORD101381,CUST2096,HI,West,Retail,14,279.83,14.73,133.28
RD008,Holiday Rubber Duck,Seasonal,Yellow,Standard,13.6,2023-03-27,ORD101382,CUST4081,HI,West,Online,21,257.04,28.56,114.3
RD006,Mini Rubber Duck,Mini,Pink,Standard,23.6,2023-01-16,ORD101383,CUST2396,CT,Northeast,Retail,42,892.08,99.12,343.07
RD002,Pirate Rubber Duck,Themed,Yellow,Large,15.78,2024-11-28,ORD101384,CUST1532,MT,West,Wholesale,8,119.93,6.31,48.18
RD004,Superhero Rubber Duck,Themed,Pink,Large,21.26,2023-04-23,ORD101385,CUST3243,TN,South,Wholesale,19,403.94,0.0,135.46
RD007,Jumbo Rubber Duck,Large,Yellow,Standard,11.13,2025-01-15,ORD101386,CUST6052,PA,Mid-Atlantic,Wholesale,27,300.51,0.0,92.02
RD007,Jumbo Rubber Duck,Large,Orange,Large,24.6,2023-10-09,ORD101387,CUST2640,ME,Northeast,Wholesale,21,490.77,25.83,166.37
RD002,Pirate Rubber Duck,Themed,Orange,Mini,20.12,2024-03-10,ORD101388,CUST4793,VT,Northeast,Online,21,422.52,0.0,213.1
RD005,Glow Rubber Duck,Specialty,Orange,Large,19.96,2024-08-31,ORD101389,CUST5874,TX,South,Online,49,978.04,0.0,339.48
RD007,Jumbo Rubber Duck,Large,Purple,Mini,23.29,2024-07-05,ORD101390,CUST3242,VT,Northeast,Online,27,628.83,0.0,242.43
RD002,Pirate Rubber Duck,Themed,Green,Large,6.23,2025-01-09,ORD101391,CUST2751,CA,West,Wholesale,31,193.13,0.0,83.57
RD003,Princess Rubber Duck,Themed,Purple,Large,22.79,2024-01-15,ORD101392,CUST2701,MT,West,Online,16,364.64,0.0,170.1
RD008,Holiday Rubber Duck,Seasonal,Purple,Large,18.86,2023-01-11,ORD101393,CUST5477,DC,Mid-Atlantic,Retail,11,197.09,10.37,52.4
RD008,Holiday Rubber Duck,Seasonal,Pink,Standard,5.24,2025-12-16,ORD101394,CUST3231,NV,West,Marketplace,14,62.36,11.0,25.82
RD007,Jumbo Rubber Duck,Large,Purple,Large,9.65,2024-06-06,ORD101395,CUST9153,AZ,West,Online,40,386.0,0.0,144.08
RD002,Pirate Rubber Duck,Themed,Purple,Mini,8.0,2023-09-03,ORD101396,CUST3170,SD,Midwest,Online,17,129.2,6.8,48.4
RD004,Superhero Rubber Duck,Themed,Pink,Mini,4.97,2024-03-22,ORD101397,CUST1046,DC,Mid-Atlantic,Retail,5,21.12,3.73,9.11
RD002,Pirate Rubber Duck,Themed,Pink,Standard,6.24,2023-09-10,ORD101398,CUST7735,MA,Northeast,Marketplace,14,74.26,13.1,31.79
RD005,Glow Rubber Duck,Specialty,Blue,Large,8.22,2024-12-24,ORD101399,CUST4977,NE,Midwest,Marketplace,41,320.17,16.85,151.09
RD008,Holiday Rubber Duck,Seasonal,Yellow,Large,5.02,2023-05-06,ORD101400,CUST8516,AL,South,Wholesale,1,4.27,0.75,1.43
RD004,Superhero Rubber Duck,Themed,Yellow,Standard,22.5,2025-05-22,ORD101401,CUST9676,MI,Midwest,Online,10,202.5,22.5,85.54
RD008,Holiday Rubber Duck,Seasonal,Green,Standard,17.52,2024-07-18,ORD101402,CUST5417,GA,South,Retail,29,482.68,25.4,166.6
RD008,Holiday Rubber Duck,Seasonal,Blue,Large,22.99,2025-02-26,ORD101403,CUST9350,DE,Mid-Atlantic,Retail,2,43.68,2.3,15.57
RD002,Pirate Rubber Duck,Themed,Pink,Large,11.78,2025-11-23,ORD101404,CUST7614,LA,South,Online,17,200.26,0.0,96.53
RD002,Pirate Rubber Duck,Themed,Blue,Large,9.06,2025-12-21,ORD101405,CUST9143,OR,West,Online,19,154.93,17.21,42.62
RD003,Princess Rubber Duck,Themed,Green,Mini,20.13,2023-01-03,ORD101406,CUST4069,VT,Northeast,Online,50,855.53,150.97,259.69
RD005,Glow Rubber Duck,Specialty,Yellow,Standard,18.61,2024-12-31,ORD101407,CUST8730,WI,Midwest,Retail,18,318.23,16.75,114.83
RD004,Superhero Rubber Duck,Themed,Pink,Standard,22.0,2025-12-26,ORD101408,CUST4728,VA,South,Marketplace,23,430.1,75.9,106.4
RD001,Classic Rubber Duck,Classic,Blue,Standard,15.86,2023-03-31,ORD101409,CUST7756,ME,Northeast,Online,9,135.6,7.14,56.71
RD002,Pirate Rubber Duck,Themed,Yellow,Standard,19.08,2023-07-18,ORD101410,CUST1191,ID,West,Marketplace,15,271.89,14.31,127.47
RD002,Pirate Rubber Duck,Themed,Orange,Mini,16.35,2024-04-29,ORD101411,CUST2532,AR,South,Wholesale,29,450.44,23.71,225.99
RD004,Superhero Rubber Duck,Themed,Green,Mini,18.46,2023-01-14,ORD101412,CUST7747,MA,Northeast,Wholesale,35,613.8,32.3,216.89
RD002,Pirate Rubber Duck,Themed,Pink,Standard,16.23,2024-12-15,ORD101413,CUST3691,RI,Northeast,Online,37,540.46,60.05,270.22
RD002,Pirate Rubber Duck,Themed,Purple,Mini,18.0,2024-04-24,ORD101414,CUST3939,CA,West,Retail,13,222.3,11.7,68.89
RD004,Superhero Rubber Duck,Themed,Yellow,Mini,10.18,2023-10-03,ORD101415,CUST4345,NJ,Mid-Atlantic,Wholesale,4,34.61,6.11,13.99
RD005,Glow Rubber Duck,Specialty,Pink,Mini,18.44,2023-12-17,ORD101416,CUST9733,IN,Midwest,Retail,11,172.41,30.43,61.96
RD007,Jumbo Rubber Duck,Large,Green,Mini,20.04,2023-08-11,ORD101417,CUST3722,ME,Northeast,Wholesale,14,280.56,0.0,143.52
RD006,Mini Rubber Duck,Mini,Blue,Large,21.39,2025-05-20,ORD101418,CUST8292,IN,Midwest,Wholesale,39,792.5,41.71,218.23
RD006,Mini Rubber Duck,Mini,Green,Large,8.49,2024-08-28,ORD101419,CUST8616,KY,South,Online,47,399.03,0.0,199.89
RD002,Pirate Rubber Duck,Themed,Purple,Large,8.81,2025-03-19,ORD101420,CUST3215,NY,Mid-Atlantic,Online,45,396.45,0.0,162.54
RD003,Princess Rubber Duck,Themed,Blue,Large,20.77,2023-06-01,ORD101421,CUST2369,NV,West,Wholesale,16,332.32,0.0,140.54
RD002,Pirate Rubber Duck,Themed,Blue,Mini,10.96,2025-10-01,ORD101422,CUST4612,GA,South,Online,9,93.71,4.93,48.24
RD003,Princess Rubber Duck,Themed,Green,Mini,5.49,2024-10-21,ORD101423,CUST5527,ID,West,Wholesale,47,258.03,0.0,94.33
RD001,Classic Rubber Duck,Classic,Yellow,Standard,20.37,2023-03-04,ORD101424,CUST3702,ME,Northeast,Online,50,1018.5,0.0,340.46
RD002,Pirate Rubber Duck,Themed,Yellow,Large,24.0,2025-01-30,ORD101425,CUST1423,DE,Mid-Atlantic,Retail,7,142.8,25.2,34.29
RD006,Mini Rubber Duck,Mini,Blue,Mini,18.11,2024-06-18,ORD101426,CUST9941,AL,South,Retail,33,537.87,59.76,156.5
RD008,Holiday Rubber Duck,Seasonal,Orange,Large,14.96,2024-08-14,ORD101427,CUST1695,MS,South,Wholesale,50,748.0,0.0,383.24
RD007,Jumbo Rubber Duck,Large,Yellow,Large,14.64,2023-04-11,ORD101428,CUST5280,OH,Midwest,Retail,30,439.2,0.0,236.71
RD007,Jumbo Rubber Duck,Large,Green,Large,11.16,2025-04-09,ORD101429,CUST3014,AR,South,Retail,24,241.06,26.78,85.04
RD007,Jumbo Rubber Duck,Large,Pink,Mini,14.74,2025-01-19,ORD101430,CUST7149,PA,Mid-Atlantic,Online,21,278.59,30.95,88.12
RD001,Classic Rubber Duck,Classic,Orange,Standard,12.53,2025-07-31,ORD101431,CUST1278,OH,Midwest,Retail,16,170.41,30.07,50.02
RD003,Princess Rubber Duck,Themed,Orange,Mini,9.61,2024-06-01,ORD101432,CUST9671,ME,Northeast,Online,4,38.44,0.0,12.83
RD005,Glow Rubber Duck,Specialty,Orange,Mini,17.51,2024-05-24,ORD101433,CUST7194,TX,South,Retail,36,535.81,94.55,173.6
RD002,Pirate Rubber Duck,Themed,Orange,Large,9.08,2025-03-30,ORD101434,CUST5835,WI,Midwest,Retail,44,399.52,0.0,205.6
RD005,Glow Rubber Duck,Specialty,Pink,Large,7.32,2023-09-25,ORD101435,CUST9656,WI,Midwest,Marketplace,16,99.55,17.57,24.7
RD004,Superhero Rubber Duck,Themed,Green,Standard,24.17,2023-03-25,ORD101436,CUST7387,VT,Northeast,Retail,17,410.89,0.0,178.54
RD006,Mini Rubber Duck,Mini,Purple,Large,10.09,2024-04-14,ORD101437,CUST7046,OK,South,Wholesale,3,28.76,1.51,12.09
RD003,Princess Rubber Duck,Themed,Green,Standard,24.13,2025-08-20,ORD101438,CUST7736,SC,South,Wholesale,47,1134.11,0.0,434.18
RD005,Glow Rubber Duck,Specialty,Pink,Mini,24.15,2023-08-12,ORD101439,CUST9207,WY,West,Retail,34,821.1,0.0,293.13
RD005,Glow Rubber Duck,Specialty,Yellow,Standard,24.41,2024-11-27,ORD101440,CUST1942,LA,South,Wholesale,30,732.3,0.0,279.43
RD004,Superhero Rubber Duck,Themed,Pink,Large,8.38,2025-12-13,ORD101441,CUST6162,NJ,Mid-Atlantic,Online,49,369.56,41.06,164.83
RD007,Jumbo Rubber Duck,Large,Orange,Standard,20.91,2025-07-20,ORD101442,CUST3027,NJ,Mid-Atlantic,Online,6,125.46,0.0,46.69
RD004,Superhero Rubber Duck,Themed,Green,Large,5.91,2023-10-03,ORD101443,CUST6292,MD,Mid-Atlantic,Retail,44,247.04,13.0,98.0
RD001,Classic Rubber Duck,Classic,Green,Mini,19.18,2024-11-01,ORD101444,CUST8564,OH,Midwest,Marketplace,6,97.82,17.26,24.21
RD001,Classic Rubber Duck,Classic,Green,Mini,8.37,2024-11-16,ORD101445,CUST3095,NH,Northeast,Online,2,16.74,0.0,6.75
RD004,Superhero Rubber Duck,Themed,Orange,Mini,13.91,2024-08-03,ORD101446,CUST7807,MN,Midwest,Online,45,532.06,93.89,209.09
RD004,Superhero Rubber Duck,Themed,Pink,Large,16.79,2023-06-06,ORD101447,CUST2161,MN,Midwest,Online,23,366.86,19.31,107.56
RD005,Glow Rubber Duck,Specialty,Yellow,Large,10.13,2024-12-03,ORD101448,CUST3282,RI,Northeast,Marketplace,15,129.16,22.79,40.65
RD004,Superhero Rubber Duck,Themed,Pink,Standard,7.3,2025-07-13,ORD101449,CUST6532,DC,Mid-Atlantic,Marketplace,14,97.09,5.11,49.22
RD002,Pirate Rubber Duck,Themed,Purple,Mini,23.6,2025-04-14,ORD101450,CUST7010,VT,Northeast,Online,45,955.8,106.2,443.37
RD006,Mini Rubber Duck,Mini,Orange,Large,23.64,2023-04-05,ORD101451,CUST2572,DE,Mid-Atlantic,Online,28,562.63,99.29,104.86
RD003,Princess Rubber Duck,Themed,Pink,Standard,23.71,2024-02-21,ORD101452,CUST7518,OH,Midwest,Online,13,308.23,0.0,129.44
RD001,Classic Rubber Duck,Classic,Yellow,Mini,18.37,2024-03-11,ORD101453,CUST4581,IN,Midwest,Wholesale,5,82.66,9.19,19.74
RD006,Mini Rubber Duck,Mini,Green,Large,21.16,2023-08-11,ORD101454,CUST8950,VA,South,Marketplace,33,663.37,34.91,272.99
RD003,Princess Rubber Duck,Themed,Yellow,Mini,24.65,2023-03-24,ORD101455,CUST5980,NV,West,Online,17,377.14,41.91,110.03
RD008,Holiday Rubber Duck,Seasonal,Blue,Large,10.26,2024-03-10,ORD101456,CUST7132,PA,Mid-Atlantic,Online,31,302.16,15.9,126.63
RD001,Classic Rubber Duck,Classic,Orange,Standard,11.77,2023-04-08,ORD101457,CUST2062,CT,Northeast,Wholesale,45,529.65,0.0,211.11
RD005,Glow Rubber Duck,Specialty,Green,Large,23.62,2023-12-06,ORD101458,CUST7893,WA,West,Marketplace,46,923.54,162.98,165.18
RD005,Glow Rubber Duck,Specialty,Pink,Mini,16.69,2025-12-05,ORD101459,CUST9769,NM,West,Wholesale,39,553.27,97.64,245.77
RD007,Jumbo Rubber Duck,Large,Pink,Large,7.08,2025-10-21,ORD101460,CUST4185,NV,West,Retail,37,261.96,0.0,124.8
RD004,Superhero Rubber Duck,Themed,Green,Large,21.61,2025-05-30,ORD101461,CUST1897,NH,Northeast,Marketplace,15,291.74,32.41,82.62
RD001,Classic Rubber Duck,Classic,Yellow,Large,7.25,2025-05-05,ORD101462,CUST8241,ID,West,Retail,41,297.25,0.0,129.51
RD004,Superhero Rubber Duck,Themed,Pink,Large,23.79,2024-03-27,ORD101463,CUST6927,TN,South,Retail,47,1062.22,55.91,413.71
RD003,Princess Rubber Duck,Themed,Purple,Mini,4.36,2025-04-14,ORD101464,CUST3334,HI,West,Marketplace,19,82.84,0.0,26.98
RD006,Mini Rubber Duck,Mini,Orange,Large,20.89,2025-01-04,ORD101465,CUST3402,RI,Northeast,Marketplace,10,177.56,31.34,52.72
RD005,Glow Rubber Duck,Specialty,Blue,Mini,12.02,2023-05-30,ORD101466,CUST8895,RI,Northeast,Marketplace,25,270.45,30.05,104.65
RD002,Pirate Rubber Duck,Themed,Pink,Mini,20.94,2023-09-04,ORD101467,CUST5375,NJ,Mid-Atlantic,Marketplace,21,395.77,43.97,90.1
RD003,Princess Rubber Duck,Themed,Yellow,Mini,20.71,2023-03-25,ORD101468,CUST8838,MD,Mid-Atlantic,Retail,20,372.78,41.42,121.56
RD001,Classic Rubber Duck,Classic,Yellow,Mini,21.89,2025-03-08,ORD101469,CUST2913,CT,Northeast,Marketplace,28,520.98,91.94,106.13
RD004,Superhero Rubber Duck,Themed,Yellow,Mini,18.02,2023-02-22,ORD101470,CUST7147,ME,Northeast,Online,40,648.72,72.08,175.95
RD005,Glow Rubber Duck,Specialty,Blue,Large,17.22,2025-04-15,ORD101471,CUST9549,VT,Northeast,Retail,5,77.49,8.61,37.58
RD008,Holiday Rubber Duck,Seasonal,Pink,Mini,7.01,2024-07-27,ORD101472,CUST9114,NE,Midwest,Marketplace,47,296.52,32.95,130.1
RD008,Holiday Rubber Duck,Seasonal,Green,Large,12.2,2025-04-05,ORD101473,CUST3130,AZ,West,Retail,4,41.48,7.32,8.72
RD006,Mini Rubber Duck,Mini,Green,Mini,20.76,2025-08-29,ORD101474,CUST3637,RI,Northeast,Online,48,847.01,149.47,217.98
RD005,Glow Rubber Duck,Specialty,Blue,Mini,23.66,2024-02-04,ORD101475,CUST8436,MA,Northeast,Retail,44,936.94,104.1,450.99
RD002,Pirate Rubber Duck,Themed,Yellow,Standard,11.51,2025-04-01,ORD101476,CUST9924,PA,Mid-Atlantic,Online,11,120.28,6.33,52.39
RD008,Holiday Rubber Duck,Seasonal,Yellow,Standard,21.83,2023-12-01,ORD101477,CUST2845,NH,Northeast,Retail,11,240.13,0.0,127.35
RD007,Jumbo Rubber Duck,Large,Green,Mini,24.56,2024-12-07,ORD101478,CUST4119,MD,Mid-Atlantic,Retail,21,489.97,25.79,197.57
RD008,Holiday Rubber Duck,Seasonal,Orange,Standard,15.44,2023-12-12,ORD101479,CUST1782,CT,Northeast,Retail,20,277.92,30.88,93.21
RD007,Jumbo Rubber Duck,Large,Blue,Standard,4.89,2023-04-19,ORD101480,CUST4356,TN,South,Wholesale,7,29.1,5.13,11.34
RD002,Pirate Rubber Duck,Themed,Purple,Large,15.21,2025-10-20,ORD101481,CUST3790,MO,Midwest,Retail,10,129.28,22.82,32.66
RD002,Pirate Rubber Duck,Themed,Pink,Large,17.41,2024-02-01,ORD101482,CUST7879,NH,Northeast,Retail,32,529.26,27.86,264.3
RD006,Mini Rubber Duck,Mini,Orange,Mini,18.41,2024-04-19,ORD101483,CUST2883,KS,Midwest,Retail,29,507.2,26.69,165.79
RD006,Mini Rubber Duck,Mini,Green,Large,11.1,2023-02-16,ORD101484,CUST9922,OH,Midwest,Marketplace,37,349.1,61.6,65.74
RD007,Jumbo Rubber Duck,Large,Blue,Standard,14.03,2025-10-13,ORD101485,CUST9491,MA,Northeast,Retail,4,47.7,8.42,10.37
RD001,Classic Rubber Duck,Classic,Blue,Mini,4.04,2023-12-17,ORD101486,CUST6722,OK,South,Wholesale,35,134.33,7.07,67.72
RD003,Princess Rubber Duck,Themed,Orange,Standard,18.24,2024-11-17,ORD101487,CUST2718,MA,Northeast,Wholesale,43,705.89,78.43,350.04
RD007,Jumbo Rubber Duck,Large,Pink,Large,19.37,2023-10-12,ORD101488,CUST7519,WA,West,Marketplace,34,625.65,32.93,317.31
RD001,Classic Rubber Duck,Classic,Orange,Mini,15.21,2024-08-14,ORD101489,CUST3594,WY,West,Retail,44,602.32,66.92,261.81
RD001,Classic Rubber Duck,Classic,Purple,Large,4.7,2025-06-06,ORD101490,CUST5108,OK,South,Wholesale,39,174.13,9.17,61.29
RD003,Princess Rubber Duck,Themed,Pink,Standard,11.08,2024-08-03,ORD101491,CUST9940,KY,South,Marketplace,48,531.84,0.0,206.45
RD001,Classic Rubber Duck,Classic,Green,Standard,11.49,2025-04-02,ORD101492,CUST8825,MI,Midwest,Retail,12,130.99,6.89,38.09
RD003,Princess Rubber Duck,Themed,Purple,Large,13.48,2023-05-11,ORD101493,CUST8559,RI,Northeast,Marketplace,25,337.0,0.0,104.17
RD008,Holiday Rubber Duck,Seasonal,Blue,Standard,7.14,2023-11-12,ORD101494,CUST9456,ND,Midwest,Retail,40,242.76,42.84,78.13
RD008,Holiday Rubber Duck,Seasonal,Purple,Large,15.16,2024-01-17,ORD101495,CUST4890,CT,Northeast,Wholesale,44,667.04,0.0,300.4
RD001,Classic Rubber Duck,Classic,Purple,Standard,17.92,2024-11-10,ORD101496,CUST1627,VA,South,Online,24,365.57,64.51,131.08
RD002,Pirate Rubber Duck,Themed,Pink,Mini,22.89,2024-07-03,ORD101497,CUST9578,PA,Mid-Atlantic,Marketplace,12,247.21,27.47,65.06
RD008,Holiday Rubber Duck,Seasonal,Purple,Mini,8.11,2024-05-20,ORD101498,CUST9727,CO,West,Wholesale,23,167.88,18.65,75.28
RD007,Jumbo Rubber Duck,Large,Pink,Mini,15.46,2023-12-03,ORD101499,CUST6371,NJ,Mid-Atlantic,Retail,37,572.02,0.0,265.96
RD006,Mini Rubber Duck,Mini,Green,Large,23.18,2023-12-18,ORD101500,CUST4631,IN,Midwest,Retail,22,433.47,76.49,182.61
RD006,Mini Rubber Duck,Mini,Yellow,Large,20.41,2025-10-30,ORD101501,CUST7409,WY,West,Wholesale,24,489.84,0.0,242.04
RD006,Mini Rubber Duck,Mini,Yellow,Large,14.27,2024-10-26,ORD101502,CUST6250,CT,Northeast,Marketplace,17,206.2,36.39,39.45
RD005,Glow Rubber Duck,Specialty,Orange,Mini,4.15,2025-11-15,ORD101503,CUST2854,SC,South,Marketplace,20,83.0,0.0,27.44
RD008,Holiday Rubber Duck,Seasonal,Yellow,Mini,8.17,2024-07-05,ORD101504,CUST6967,NY,Mid-Atlantic,Retail,46,338.24,37.58,114.44
RD007,Jumbo Rubber Duck,Large,Blue,Mini,10.82,2024-11-02,ORD101505,CUST4548,WV,South,Retail,30,324.6,0.0,152.01
RD006,Mini Rubber Duck,Mini,Green,Standard,21.16,2025-05-22,ORD101506,CUST1750,NV,West,Online,31,655.96,0.0,321.72
RD005,Glow Rubber Duck,Specialty,Yellow,Standard,22.14,2023-06-28,ORD101507,CUST3905,DC,Mid-Atlantic,Marketplace,7,139.48,15.5,32.92
RD007,Jumbo Rubber Duck,Large,Green,Mini,23.9,2023-09-27,ORD101508,CUST5451,MT,West,Wholesale,8,162.52,28.68,49.64
RD003,Princess Rubber Duck,Themed,Pink,Large,15.05,2023-10-08,ORD101509,CUST8014,MD,Mid-Atlantic,Marketplace,50,677.25,75.25,262.96
RD001,Classic Rubber Duck,Classic,Orange,Standard,20.22,2025-07-10,ORD101510,CUST5579,TX,South,Wholesale,33,567.17,100.09,134.74
RD003,Princess Rubber Duck,Themed,Orange,Large,18.82,2024-07-26,ORD101511,CUST6562,DE,Mid-Atlantic,Marketplace,33,558.95,62.11,126.82
RD006,Mini Rubber Duck,Mini,Pink,Large,18.96,2023-09-21,ORD101512,CUST2944,OK,South,Online,40,682.56,75.84,307.57
RD007,Jumbo Rubber Duck,Large,Pink,Large,6.85,2024-09-20,ORD101513,CUST4761,VA,South,Retail,1,6.85,0.0,3.69
RD002,Pirate Rubber Duck,Themed,Blue,Mini,17.49,2023-05-22,ORD101514,CUST6308,NJ,Mid-Atlantic,Wholesale,8,125.93,13.99,32.59
RD008,Holiday Rubber Duck,Seasonal,Purple,Mini,8.28,2024-01-09,ORD101515,CUST5651,RI,Northeast,Wholesale,41,288.56,50.92,88.64
RD005,Glow Rubber Duck,Specialty,Green,Standard,16.95,2024-03-30,ORD101516,CUST8226,MT,West,Wholesale,25,360.19,63.56,154.24
RD007,Jumbo Rubber Duck,Large,Blue,Mini,4.12,2024-08-12,ORD101517,CUST9615,DC,Mid-Atlantic,Retail,24,93.94,4.94,26.72
RD003,Princess Rubber Duck,Themed,Blue,Mini,21.13,2023-05-09,ORD101518,CUST3346,HI,West,Online,48,963.53,50.71,458.84
RD005,Glow Rubber Duck,Specialty,Blue,Standard,5.23,2025-11-30,ORD101519,CUST5299,OR,West,Marketplace,48,251.04,0.0,82.5
RD003,Princess Rubber Duck,Themed,Green,Large,15.6,2025-08-23,ORD101520,CUST2426,DC,Mid-Atlantic,Marketplace,23,358.8,0.0,149.57
RD003,Princess Rubber Duck,Themed,Orange,Large,14.07,2025-01-13,ORD101521,CUST5352,PA,Mid-Atlantic,Marketplace,21,265.92,29.55,77.79
RD003,Princess Rubber Duck,Themed,Orange,Large,22.11,2023-07-04,ORD101522,CUST8431,IN,Midwest,Marketplace,3,59.7,6.63,27.49
RD004,Superhero Rubber Duck,Themed,Blue,Mini,5.11,2025-08-18,ORD101523,CUST8490,MA,Northeast,Retail,12,52.12,9.2,9.8
RD004,Superhero Rubber Duck,Themed,Pink,Mini,19.28,2023-03-01,ORD101524,CUST3826,KS,Midwest,Retail,37,677.69,35.67,186.06
RD004,Superhero Rubber Duck,Themed,Purple,Standard,24.05,2023-06-04,ORD101525,CUST4871,IN,Midwest,Retail,47,960.8,169.55,226.24
RD004,Superhero Rubber Duck,Themed,Pink,Large,17.71,2024-02-21,ORD101526,CUST6047,PA,Mid-Atlantic,Wholesale,45,757.1,39.85,241.2
RD007,Jumbo Rubber Duck,Large,Pink,Mini,19.21,2025-03-16,ORD101527,CUST1320,MA,Northeast,Wholesale,30,489.85,86.45,198.98
RD005,Glow Rubber Duck,Specialty,Blue,Standard,21.02,2023-08-27,ORD101528,CUST8189,KY,South,Online,50,893.35,157.65,259.8
RD003,Princess Rubber Duck,Themed,Orange,Standard,13.23,2025-08-17,ORD101529,CUST2843,WA,West,Retail,11,145.53,0.0,67.99
RD008,Holiday Rubber Duck,Seasonal,Purple,Mini,16.16,2023-02-27,ORD101530,CUST3207,NC,South,Wholesale,36,552.67,29.09,271.87
RD007,Jumbo Rubber Duck,Large,Orange,Large,7.95,2025-09-28,ORD101531,CUST8628,RI,Northeast,Marketplace,3,23.85,0.0,11.54
RD006,Mini Rubber Duck,Mini,Blue,Mini,19.53,2025-01-01,ORD101532,CUST9765,DC,Mid-Atlantic,Marketplace,46,808.54,89.84,254.39
RD001,Classic Rubber Duck,Classic,Orange,Large,4.35,2023-06-17,ORD101533,CUST6254,NH,Northeast,Online,20,82.65,4.35,23.43
RD008,Holiday Rubber Duck,Seasonal,Yellow,Mini,21.53,2023-07-11,ORD101534,CUST3743,VT,Northeast,Wholesale,11,224.99,11.84,66.79
RD001,Classic Rubber Duck,Classic,Yellow,Large,8.17,2024-02-07,ORD101535,CUST7808,VT,Northeast,Marketplace,18,139.71,7.35,71.45
RD002,Pirate Rubber Duck,Themed,Purple,Mini,16.45,2023-04-10,ORD101536,CUST3486,DC,Mid-Atlantic,Online,6,98.7,0.0,50.7
RD004,Superhero Rubber Duck,Themed,Yellow,Mini,22.19,2023-10-13,ORD101537,CUST2462,NY,Mid-Atlantic,Online,45,848.77,149.78,297.04
RD002,Pirate Rubber Duck,Themed,Green,Mini,6.18,2023-03-07,ORD101538,CUST6618,IA,Midwest,Marketplace,12,74.16,0.0,38.55
RD004,Superhero Rubber Duck,Themed,Green,Standard,19.67,2024-01-30,ORD101539,CUST6526,MD,Mid-Atlantic,Retail,14,275.38,0.0,131.25
RD001,Classic Rubber Duck,Classic,Blue,Standard,17.65,2023-08-01,ORD101540,CUST3885,DE,Mid-Atlantic,Online,43,683.06,75.89,194.17
RD002,Pirate Rubber Duck,Themed,Pink,Mini,20.58,2023-10-15,ORD101541,CUST6351,VA,South,Retail,44,769.69,135.83,220.64
RD003,Princess Rubber Duck,Themed,Pink,Large,11.88,2025-01-21,ORD101542,CUST7234,AZ,West,Online,2,22.57,1.19,7.72
RD001,Classic Rubber Duck,Classic,Yellow,Mini,18.0,2025-10-13,ORD101543,CUST4749,DC,Mid-Atlantic,Marketplace,39,631.8,70.2,293.4
RD002,Pirate Rubber Duck,Themed,Pink,Mini,8.0,2025-03-04,ORD101544,CUST4473,PA,Mid-Atlantic,Online,23,165.6,18.4,57.98
RD005,Glow Rubber Duck,Specialty,Green,Mini,20.34,2023-04-21,ORD101545,CUST6928,CT,Northeast,Retail,2,38.65,2.03,10.27
RD008,Holiday Rubber Duck,Seasonal,Green,Large,14.38,2023-05-06,ORD101546,CUST2398,MD,Mid-Atlantic,Marketplace,4,54.64,2.88,20.14
RD007,Jumbo Rubber Duck,Large,Purple,Mini,12.65,2025-12-23,ORD101547,CUST6609,CA,West,Wholesale,9,108.16,5.69,32.45
RD005,Glow Rubber Duck,Specialty,Yellow,Mini,17.26,2024-08-07,ORD101548,CUST1960,DC,Mid-Atlantic,Online,1,16.4,0.86,5.61
RD001,Classic Rubber Duck,Classic,Pink,Standard,23.06,2025-07-13,ORD101549,CUST6050,UT,West,Online,26,509.63,89.93,155.23
RD006,Mini Rubber Duck,Mini,Blue,Standard,18.21,2023-12-20,ORD101550,CUST8857,SD,Midwest,Online,23,376.95,41.88,158.63
RD003,Princess Rubber Duck,Themed,Orange,Mini,13.11,2023-08-31,ORD101551,CUST1634,MS,South,Retail,8,104.88,0.0,43.13
RD001,Classic Rubber Duck,Classic,Green,Mini,8.82,2023-07-04,ORD101552,CUST7943,ND,Midwest,Online,29,217.41,38.37,84.65
RD001,Classic Rubber Duck,Classic,Orange,Mini,21.05,2023-10-31,ORD101553,CUST2772,OR,West,Wholesale,43,814.63,90.52,305.99
RD001,Classic Rubber Duck,Classic,Yellow,Standard,8.1,2024-05-19,ORD101554,CUST4755,MI,Midwest,Wholesale,3,20.66,3.64,6.97
RD002,Pirate Rubber Duck,Themed,Green,Mini,11.57,2024-02-13,ORD101555,CUST2871,VT,Northeast,Retail,34,354.04,39.34,128.63
RD001,Classic Rubber Duck,Classic,Orange,Standard,13.13,2025-05-29,ORD101556,CUST9129,RI,Northeast,Online,23,271.79,30.2,102.16
RD004,Superhero Rubber Duck,Themed,Green,Standard,4.1,2023-11-17,ORD101557,CUST8167,RI,Northeast,Marketplace,13,50.63,2.67,18.56
RD007,Jumbo Rubber Duck,Large,Yellow,Mini,11.41,2025-08-30,ORD101558,CUST1943,NY,Mid-Atlantic,Wholesale,5,54.2,2.85,16.68
RD007,Jumbo Rubber Duck,Large,Yellow,Standard,6.09,2023-08-27,ORD101559,CUST8956,IA,Midwest,Marketplace,22,133.98,0.0,48.4
RD002,Pirate Rubber Duck,Themed,Purple,Large,4.4,2023-05-20,ORD101560,CUST5416,VA,South,Online,42,166.32,18.48,56.11
RD006,Mini Rubber Duck,Mini,Pink,Large,24.94,2023-03-28,ORD101561,CUST9222,DC,Mid-Atlantic,Online,5,112.23,12.47,31.66
RD005,Glow Rubber Duck,Specialty,Blue,Standard,23.5,2023-05-14,ORD101562,CUST8192,ID,West,Online,26,519.35,91.65,146.81
RD007,Jumbo Rubber Duck,Large,Yellow,Mini,15.68,2025-02-21,ORD101563,CUST4543,SD,Midwest,Marketplace,19,297.92,0.0,133.25
RD005,Glow Rubber Duck,Specialty,Pink,Standard,14.07,2023-12-23,ORD101564,CUST3998,MA,Northeast,Retail,18,240.6,12.66,111.86
RD005,Glow Rubber Duck,Specialty,Purple,Standard,23.14,2023-05-18,ORD101565,CUST3705,WY,West,Marketplace,40,786.76,138.84,183.5
RD003,Princess Rubber Duck,Themed,Yellow,Mini,13.8,2023-12-18,ORD101566,CUST7729,NH,Northeast,Online,33,387.09,68.31,88.82
RD003,Princess Rubber Duck,Themed,Blue,Standard,20.86,2023-06-21,ORD101567,CUST9404,CT,Northeast,Marketplace,41,769.73,85.53,364.53
RD003,Princess Rubber Duck,Themed,Yellow,Mini,24.49,2025-11-06,ORD101568,CUST9955,ME,Northeast,Marketplace,2,44.08,4.9,10.68
RD005,Glow Rubber Duck,Specialty,Orange,Large,6.89,2024-12-30,ORD101569,CUST4819,TN,South,Marketplace,49,337.61,0.0,147.6
RD006,Mini Rubber Duck,Mini,Green,Standard,15.31,2023-04-06,ORD101570,CUST6246,OH,Midwest,Marketplace,4,61.24,0.0,29.71
RD002,Pirate Rubber Duck,Themed,Purple,Large,11.98,2023-07-07,ORD101571,CUST2376,NJ,Mid-Atlantic,Retail,6,64.69,7.19,21.64
RD008,Holiday Rubber Duck,Seasonal,Blue,Standard,20.61,2025-10-30,ORD101572,CUST7424,AZ,West,Marketplace,39,683.22,120.57,209.05
RD001,Classic Rubber Duck,Classic,Orange,Standard,16.36,2023-07-01,ORD101573,CUST2843,VA,South,Wholesale,15,245.4,0.0,119.1
RD007,Jumbo Rubber Duck,Large,Purple,Large,22.88,2024-08-04,ORD101574,CUST4672,MA,Northeast,Wholesale,42,912.91,48.05,437.95
RD007,Jumbo Rubber Duck,Large,Orange,Standard,20.35,2023-04-03,ORD101575,CUST5637,WV,South,Marketplace,30,518.92,91.58,216.46
RD007,Jumbo Rubber Duck,Large,Orange,Standard,19.12,2025-07-16,ORD101576,CUST3485,NV,West,Online,40,650.08,114.72,301.02
RD008,Holiday Rubber Duck,Seasonal,Orange,Mini,15.77,2024-12-29,ORD101577,CUST7662,NH,Northeast,Wholesale,7,93.83,16.56,40.23
RD003,Princess Rubber Duck,Themed,Orange,Large,24.31,2025-03-30,ORD101578,CUST9221,RI,Northeast,Retail,50,1154.72,60.78,526.94
RD001,Classic Rubber Duck,Classic,Green,Large,24.68,2025-12-15,ORD101579,CUST2116,IN,Midwest,Marketplace,26,545.43,96.25,232.4
RD001,Classic Rubber Duck,Classic,Orange,Large,5.86,2023-08-20,ORD101580,CUST5067,OR,West,Wholesale,5,27.83,1.47,7.33
RD003,Princess Rubber Duck,Themed,Yellow,Standard,12.54,2025-04-14,ORD101581,CUST4056,DC,Mid-Atlantic,Retail,15,178.7,9.4,71.71
RD001,Classic Rubber Duck,Classic,Blue,Standard,15.67,2023-02-14,ORD101582,CUST5561,FL,South,Wholesale,7,93.24,16.45,34.76
RD008,Holiday Rubber Duck,Seasonal,Blue,Large,6.61,2023-03-06,ORD101583,CUST5737,PA,Mid-Atlantic,Wholesale,7,39.33,6.94,14.83
RD001,Classic Rubber Duck,Classic,Purple,Mini,12.43,2025-09-18,ORD101584,CUST9450,CO,West,Retail,5,52.83,9.32,13.12
RD005,Glow Rubber Duck,Specialty,Green,Standard,16.03,2023-01-06,ORD101585,CUST3383,MT,West,Online,35,561.05,0.0,231.9
RD005,Glow Rubber Duck,Specialty,Orange,Mini,9.68,2024-10-30,ORD101586,CUST7463,MA,Northeast,Marketplace,34,329.12,0.0,116.24
RD005,Glow Rubber Duck,Specialty,Purple,Large,16.94,2025-03-21,ORD101587,CUST8214,CO,West,Wholesale,35,563.25,29.65,192.85
RD007,Jumbo Rubber Duck,Large,Pink,Large,18.45,2024-06-18,ORD101588,CUST1807,AZ,West,Online,6,99.63,11.07,40.4
RD002,Pirate Rubber Duck,Themed,Pink,Mini,19.16,2025-09-05,ORD101589,CUST7250,WA,West,Online,44,800.89,42.15,409.17
RD006,Mini Rubber Duck,Mini,Blue,Standard,13.95,2025-03-19,ORD101590,CUST6150,ME,Northeast,Retail,28,390.6,0.0,192.66
RD007,Jumbo Rubber Duck,Large,Green,Standard,14.8,2023-04-25,ORD101591,CUST1125,NY,Mid-Atlantic,Online,17,226.44,25.16,89.8
RD001,Classic Rubber Duck,Classic,Blue,Mini,17.67,2024-05-27,ORD101592,CUST5805,NM,West,Marketplace,20,335.73,17.67,150.31
RD007,Jumbo Rubber Duck,Large,Yellow,Standard,22.95,2025-04-20,ORD101593,CUST8140,OK,South,Wholesale,36,702.27,123.93,241.39
RD003,Princess Rubber Duck,Themed,Orange,Mini,10.6,2024-11-27,ORD101594,CUST8382,VT,Northeast,Wholesale,24,216.24,38.16,53.66
RD006,Mini Rubber Duck,Mini,Pink,Standard,20.4,2024-05-11,ORD101595,CUST7626,NJ,Mid-Atlantic,Marketplace,39,795.6,0.0,353.02
RD003,Princess Rubber Duck,Themed,Orange,Large,11.06,2024-11-15,ORD101596,CUST6685,DE,Mid-Atlantic,Retail,19,210.14,0.0,109.88
RD001,Classic Rubber Duck,Classic,Blue,Mini,23.56,2023-08-31,ORD101597,CUST5818,CT,Northeast,Retail,28,626.7,32.98,188.74
RD008,Holiday Rubber Duck,Seasonal,Orange,Mini,18.56,2024-10-09,ORD101598,CUST7392,MO,Midwest,Online,31,517.82,57.54,201.19
RD002,Pirate Rubber Duck,Themed,Pink,Large,9.89,2025-10-27,ORD101599,CUST9471,NH,Northeast,Marketplace,7,69.23,0.0,31.63
RD001,Classic Rubber Duck,Classic,Orange,Mini,4.31,2025-10-09,ORD101600,CUST4209,RI,Northeast,Online,31,113.57,20.04,37.37
RD003,Princess Rubber Duck,Themed,Pink,Standard,22.52,2023-01-28,ORD101601,CUST3210,WY,West,Marketplace,23,440.27,77.69,86.67
RD005,Glow Rubber Duck,Specialty,Yellow,Mini,21.04,2023-12-04,ORD101602,CUST9663,DC,Mid-Atlantic,Wholesale,5,99.94,5.26,33.39
RD004,Superhero Rubber Duck,Themed,Yellow,Standard,8.78,2025-12-26,ORD101603,CUST6740,MN,Midwest,Retail,23,171.65,30.29,37.04
RD006,Mini Rubber Duck,Mini,Orange,Standard,7.66,2024-04-21,ORD101604,CUST5148,TN,South,Wholesale,9,68.94,0.0,26.34
RD005,Glow Rubber Duck,Specialty,Pink,Large,18.18,2025-01-22,ORD101605,CUST8654,ME,Northeast,Wholesale,28,458.14,50.9,190.19
RD003,Princess Rubber Duck,Themed,Pink,Large,6.33,2025-07-05,ORD101606,CUST9048,NY,Mid-Atlantic,Online,13,78.18,4.11,21.92
RD008,Holiday Rubber Duck,Seasonal,Green,Mini,20.04,2023-12-07,ORD101607,CUST1503,IA,Midwest,Retail,16,288.58,32.06,92.58
RD007,Jumbo Rubber Duck,Large,Yellow,Large,22.84,2023-05-05,ORD101608,CUST7341,NY,Mid-Atlantic,Retail,23,525.32,0.0,202.9
RD001,Classic Rubber Duck,Classic,Pink,Large,19.0,2024-04-15,ORD101609,CUST9934,FL,South,Retail,13,247.0,0.0,111.98
RD005,Glow Rubber Duck,Specialty,Orange,Mini,10.94,2023-08-01,ORD101610,CUST7493,NV,West,Marketplace,15,147.69,16.41,73.36
RD008,Holiday Rubber Duck,Seasonal,Pink,Standard,14.79,2023-12-19,ORD101611,CUST5167,AZ,West,Wholesale,5,62.86,11.09,23.2
RD005,Glow Rubber Duck,Specialty,Purple,Mini,5.11,2025-01-10,ORD101612,CUST8784,AL,South,Retail,35,169.91,8.94,52.79
RD008,Holiday Rubber Duck,Seasonal,Blue,Large,4.32,2023-09-10,ORD101613,CUST8479,OR,West,Wholesale,44,171.07,19.01,74.09
RD007,Jumbo Rubber Duck,Large,Pink,Standard,16.15,2023-05-05,ORD101614,CUST8884,WY,West,Retail,38,583.02,30.68,171.1
RD008,Holiday Rubber Duck,Seasonal,Yellow,Mini,21.62,2024-04-21,ORD101615,CUST9854,VT,Northeast,Marketplace,44,903.72,47.56,415.29
RD005,Glow Rubber Duck,Specialty,Orange,Mini,6.77,2023-11-30,ORD101616,CUST4903,PA,Mid-Atlantic,Online,14,90.04,4.74,33.35
RD003,Princess Rubber Duck,Themed,Orange,Mini,17.84,2023-11-18,ORD101617,CUST3824,CT,Northeast,Online,32,570.88,0.0,258.05
RD004,Superhero Rubber Duck,Themed,Yellow,Mini,6.53,2023-12-26,ORD101618,CUST2032,NJ,Mid-Atlantic,Marketplace,8,52.24,0.0,26.31
RD008,Holiday Rubber Duck,Seasonal,Yellow,Large,6.4,2023-09-07,ORD101619,CUST2369,IA,Midwest,Wholesale,2,10.88,1.92,2.83
RD004,Superhero Rubber Duck,Themed,Orange,Standard,20.72,2024-04-26,ORD101620,CUST6231,AL,South,Retail,19,393.68,0.0,126.25
RD002,Pirate Rubber Duck,Themed,Blue,Standard,19.85,2023-10-11,ORD101621,CUST6068,MT,West,Marketplace,31,553.81,61.54,212.12
RD006,Mini Rubber Duck,Mini,Blue,Mini,4.07,2025-04-07,ORD101622,CUST7063,ME,Northeast,Wholesale,47,191.29,0.0,83.35
RD006,Mini Rubber Duck,Mini,Green,Standard,13.18,2023-04-05,ORD101623,CUST7388,CO,West,Marketplace,5,59.31,6.59,29.33
RD005,Glow Rubber Duck,Specialty,Yellow,Large,4.26,2024-09-04,ORD101624,CUST2479,ME,Northeast,Retail,42,152.08,26.84,30.59
RD005,Glow Rubber Duck,Specialty,Orange,Standard,15.36,2024-07-04,ORD101625,CUST1687,MA,Northeast,Online,7,91.39,16.13,26.5
RD006,Mini Rubber Duck,Mini,Green,Large,8.08,2023-10-16,ORD101626,CUST7639,HI,West,Retail,27,207.25,10.91,93.03
RD007,Jumbo Rubber Duck,Large,Purple,Large,20.47,2025-12-01,ORD101627,CUST2938,ID,West,Marketplace,34,661.18,34.8,254.04
RD008,Holiday Rubber Duck,Seasonal,Yellow,Large,11.64,2025-07-17,ORD101628,CUST8446,OR,West,Marketplace,24,237.46,41.9,99.13
RD001,Classic Rubber Duck,Classic,Green,Large,6.65,2025-01-04,ORD101629,CUST9552,NV,West,Retail,6,37.9,2.0,15.64
RD007,Jumbo Rubber Duck,Large,Blue,Mini,24.52,2025-01-24,ORD101630,CUST8552,VT,Northeast,Wholesale,36,882.72,0.0,317.55
RD006,Mini Rubber Duck,Mini,Purple,Mini,24.39,2024-08-18,ORD101631,CUST3260,UT,West,Marketplace,8,165.85,29.27,54.31
RD005,Glow Rubber Duck,Specialty,Pink,Mini,7.87,2023-10-24,ORD101632,CUST7599,SD,Midwest,Retail,5,39.35,0.0,16.31
RD007,Jumbo Rubber Duck,Large,Green,Mini,7.41,2023-06-02,ORD101633,CUST5330,NC,South,Wholesale,39,245.64,43.35,91.44
RD005,Glow Rubber Duck,Specialty,Pink,Standard,21.28,2023-04-03,ORD101634,CUST9286,NY,Mid-Atlantic,Retail,23,440.5,48.94,174.63
RD001,Classic Rubber Duck,Classic,Purple,Mini,6.64,2023-02-06,ORD101635,CUST2038,WA,West,Marketplace,24,135.46,23.9,30.66
RD004,Superhero Rubber Duck,Themed,Pink,Standard,9.77,2023-10-06,ORD101636,CUST3910,AL,South,Retail,4,33.22,5.86,13.96
RD006,Mini Rubber Duck,Mini,Purple,Standard,5.22,2024-06-20,ORD101637,CUST4938,VA,South,Online,32,158.69,8.35,76.8
RD003,Princess Rubber Duck,Themed,Yellow,Standard,12.17,2023-05-15,ORD101638,CUST1966,MI,Midwest,Online,35,383.36,42.59,191.02
RD002,Pirate Rubber Duck,Themed,Purple,Mini,24.46,2023-08-12,ORD101639,CUST6160,UT,West,Retail,40,929.48,48.92,282.8
RD007,Jumbo Rubber Duck,Large,Yellow,Large,22.47,2025-06-21,ORD101640,CUST3230,CT,Northeast,Retail,48,970.7,107.86,424.03
RD001,Classic Rubber Duck,Classic,Green,Standard,5.48,2023-01-10,ORD101641,CUST2419,MA,Northeast,Wholesale,28,138.1,15.34,42.95
RD006,Mini Rubber Duck,Mini,Green,Standard,21.02,2024-03-12,ORD101642,CUST3154,SC,South,Wholesale,10,178.67,31.53,62.37
RD005,Glow Rubber Duck,Specialty,Blue,Standard,12.67,2025-11-20,ORD101643,CUST4312,MI,Midwest,Wholesale,47,595.49,0.0,184.7
RD002,Pirate Rubber Duck,Themed,Pink,Large,20.23,2023-11-11,ORD101644,CUST7607,DC,Mid-Atlantic,Retail,3,54.62,6.07,22.27
RD003,Princess Rubber Duck,Themed,Blue,Standard,22.73,2025-12-09,ORD101645,CUST3480,MA,Northeast,Marketplace,14,286.4,31.82,108.37
RD001,Classic Rubber Duck,Classic,Blue,Large,24.55,2025-07-06,ORD101646,CUST9977,WI,Midwest,Retail,28,687.4,0.0,249.98
RD005,Glow Rubber Duck,Specialty,Blue,Standard,14.56,2024-10-13,ORD101647,CUST5881,TN,South,Marketplace,36,471.74,52.42,109.06
RD003,Princess Rubber Duck,Themed,Purple,Mini,10.94,2024-07-20,ORD101648,CUST7446,CA,West,Wholesale,4,37.2,6.56,8.58
RD008,Holiday Rubber Duck,Seasonal,Purple,Mini,11.39,2024-01-10,ORD101649,CUST1557,UT,West,Wholesale,24,232.36,41.0,98.45
RD006,Mini Rubber Duck,Mini,Blue,Mini,14.35,2023-07-28,ORD101650,CUST2365,ME,Northeast,Online,45,581.17,64.58,172.63
RD008,Holiday Rubber Duck,Seasonal,Purple,Standard,5.98,2024-08-27,ORD101651,CUST7374,CO,West,Online,44,263.12,0.0,135.35
RD003,Princess Rubber Duck,Themed,Pink,Large,4.49,2024-10-07,ORD101652,CUST2362,DC,Mid-Atlantic,Retail,46,185.89,20.65,45.47
RD001,Classic Rubber Duck,Classic,Yellow,Mini,6.83,2025-01-01,ORD101653,CUST3587,CT,Northeast,Marketplace,29,178.26,19.81,50.26
RD001,Classic Rubber Duck,Classic,Purple,Large,6.32,2024-12-11,ORD101654,CUST5253,VT,Northeast,Marketplace,14,84.06,4.42,24.19
RD006,Mini Rubber Duck,Mini,Blue,Standard,9.92,2024-01-27,ORD101655,CUST1811,MA,Northeast,Wholesale,32,317.44,0.0,113.88
RD006,Mini Rubber Duck,Mini,Pink,Large,17.98,2025-03-15,ORD101656,CUST4542,NH,Northeast,Wholesale,5,89.9,0.0,49.23
RD001,Classic Rubber Duck,Classic,Yellow,Mini,22.83,2023-09-16,ORD101657,CUST8019,DC,Mid-Atlantic,Online,8,182.64,0.0,87.78
RD005,Glow Rubber Duck,Specialty,Orange,Large,15.39,2024-11-20,ORD101658,CUST3855,ME,Northeast,Wholesale,41,630.99,0.0,196.33
RD006,Mini Rubber Duck,Mini,Yellow,Mini,18.4,2025-03-05,ORD101659,CUST1971,PA,Mid-Atlantic,Marketplace,22,384.56,20.24,197.77
RD008,Holiday Rubber Duck,Seasonal,Yellow,Large,4.26,2023-05-01,ORD101660,CUST7338,WY,West,Marketplace,2,7.24,1.28,2.19
RD008,Holiday Rubber Duck,Seasonal,Purple,Mini,20.33,2023-09-14,ORD101661,CUST4175,VA,South,Wholesale,16,276.49,48.79,89.38
RD005,Glow Rubber Duck,Specialty,Green,Standard,24.22,2025-03-15,ORD101662,CUST7176,AK,West,Retail,24,552.22,29.06,287.66
RD006,Mini Rubber Duck,Mini,Green,Mini,8.57,2023-05-30,ORD101663,CUST7217,VA,South,Wholesale,41,316.23,35.14,85.34
RD005,Glow Rubber Duck,Specialty,Orange,Mini,7.85,2024-01-12,ORD101664,CUST4060,DE,Mid-Atlantic,Retail,7,46.71,8.24,14.6
RD004,Superhero Rubber Duck,Themed,Orange,Mini,10.94,2023-03-07,ORD101665,CUST7910,PA,Mid-Atlantic,Online,7,76.58,0.0,41.83
RD006,Mini Rubber Duck,Mini,Yellow,Mini,17.37,2024-05-12,ORD101666,CUST2911,NY,Mid-Atlantic,Online,35,516.76,91.19,165.6
RD007,Jumbo Rubber Duck,Large,Green,Standard,8.61,2024-11-16,ORD101667,CUST9897,MO,Midwest,Marketplace,9,77.49,0.0,37.16
RD006,Mini Rubber Duck,Mini,Yellow,Mini,5.83,2025-03-20,ORD101668,CUST4936,WA,West,Marketplace,38,188.31,33.23,71.35
RD003,Princess Rubber Duck,Themed,Pink,Standard,6.96,2023-06-09,ORD101669,CUST8591,CT,Northeast,Online,24,150.34,16.7,53.43
RD003,Princess Rubber Duck,Themed,Blue,Mini,6.4,2023-01-13,ORD101670,CUST8068,MA,Northeast,Retail,23,139.84,7.36,65.3
RD002,Pirate Rubber Duck,Themed,Yellow,Large,17.86,2025-12-10,ORD101671,CUST9009,AK,West,Online,5,80.37,8.93,19.94
RD006,Mini Rubber Duck,Mini,Orange,Standard,13.1,2024-03-09,ORD101672,CUST6444,OR,West,Online,50,655.0,0.0,277.86
RD006,Mini Rubber Duck,Mini,Green,Large,13.73,2023-07-12,ORD101673,CUST9466,AK,West,Online,31,404.35,21.28,137.91
RD001,Classic Rubber Duck,Classic,Orange,Mini,14.04,2025-02-07,ORD101674,CUST9331,SC,South,Marketplace,49,653.56,34.4,332.43
RD003,Princess Rubber Duck,Themed,Blue,Mini,10.96,2025-11-18,ORD101675,CUST8811,AZ,West,Retail,20,219.2,0.0,84.54
RD001,Classic Rubber Duck,Classic,Blue,Large,15.57,2024-04-13,ORD101676,CUST3547,NH,Northeast,Online,40,560.52,62.28,196.7
RD005,Glow Rubber Duck,Specialty,Purple,Mini,9.84,2025-12-10,ORD101677,CUST2081,VT,Northeast,Marketplace,18,168.26,8.86,56.18
RD006,Mini Rubber Duck,Mini,Blue,Mini,18.91,2023-01-27,ORD101678,CUST4405,WY,West,Online,45,850.95,0.0,324.82
RD005,Glow Rubber Duck,Specialty,Purple,Mini,21.89,2023-09-18,ORD101679,CUST4992,NJ,Mid-Atlantic,Wholesale,9,167.46,29.55,54.28
RD004,Superhero Rubber Duck,Themed,Pink,Standard,14.56,2025-04-13,ORD101680,CUST4228,NH,Northeast,Online,27,353.81,39.31,89.8
RD001,Classic Rubber Duck,Classic,Green,Large,20.64,2024-12-29,ORD101681,CUST2572,LA,South,Retail,15,263.16,46.44,88.47
RD003,Princess Rubber Duck,Themed,Green,Standard,4.47,2023-06-01,ORD101682,CUST7195,CT,Northeast,Online,11,49.17,0.0,21.93
RD003,Princess Rubber Duck,Themed,Pink,Mini,24.06,2023-03-01,ORD101683,CUST9867,AK,West,Wholesale,14,336.84,0.0,105.76
RD002,Pirate Rubber Duck,Themed,Yellow,Standard,12.22,2024-02-20,ORD101684,CUST8976,CO,West,Online,10,122.2,0.0,42.73
RD001,Classic Rubber Duck,Classic,Green,Mini,15.69,2025-03-16,ORD101685,CUST7277,AL,South,Retail,24,320.08,56.48,71.42
RD007,Jumbo Rubber Duck,Large,Orange,Standard,15.97,2024-09-12,ORD101686,CUST5173,NY,Mid-Atlantic,Wholesale,26,373.7,41.52,149.31
RD001,Classic Rubber Duck,Classic,Purple,Mini,12.21,2024-01-22,ORD101687,CUST7829,IA,Midwest,Wholesale,13,142.86,15.87,47.44
RD001,Classic Rubber Duck,Classic,Green,Mini,16.68,2023-12-12,ORD101688,CUST8108,AR,South,Online,11,155.96,27.52,64.69
RD002,Pirate Rubber Duck,Themed,Purple,Large,9.36,2024-12-04,ORD101689,CUST6252,NC,South,Wholesale,27,240.08,12.64,68.25
RD003,Princess Rubber Duck,Themed,Orange,Large,14.8,2025-10-06,ORD101690,CUST2607,CT,Northeast,Marketplace,33,488.4,0.0,203.44
RD003,Princess Rubber Duck,Themed,Pink,Mini,10.52,2025-02-17,ORD101691,CUST4293,DC,Mid-Atlantic,Wholesale,46,483.92,0.0,186.55
RD004,Superhero Rubber Duck,Themed,Pink,Large,24.27,2024-01-18,ORD101692,CUST1943,DC,Mid-Atlantic,Wholesale,19,391.96,69.17,72.15
RD004,Superhero Rubber Duck,Themed,Yellow,Mini,9.47,2024-05-08,ORD101693,CUST6993,NJ,Mid-Atlantic,Marketplace,13,123.11,0.0,42.81
RD007,Jumbo Rubber Duck,Large,Purple,Large,24.57,2025-03-10,ORD101694,CUST5400,VT,Northeast,Marketplace,18,398.03,44.23,103.53
RD006,Mini Rubber Duck,Mini,Blue,Standard,16.31,2024-11-18,ORD101695,CUST4930,IA,Midwest,Marketplace,47,689.91,76.66,206.64
RD006,Mini Rubber Duck,Mini,Green,Mini,24.8,2025-10-26,ORD101696,CUST8059,ID,West,Retail,18,379.44,66.96,135.41
RD005,Glow Rubber Duck,Specialty,Orange,Standard,7.71,2023-01-17,ORD101697,CUST6019,NY,Mid-Atlantic,Online,19,131.84,14.65,65.11
RD006,Mini Rubber Duck,Mini,Pink,Standard,16.5,2025-03-24,ORD101698,CUST3977,DE,Mid-Atlantic,Online,21,311.85,34.65,106.05
RD004,Superhero Rubber Duck,Themed,Pink,Mini,22.26,2023-09-01,ORD101699,CUST7304,MA,Northeast,Online,18,380.65,20.03,176.34
RD005,Glow Rubber Duck,Specialty,Green,Mini,24.02,2023-11-19,ORD101700,CUST5931,CT,Northeast,Wholesale,42,958.4,50.44,441.92
RD005,Glow Rubber Duck,Specialty,Blue,Mini,20.99,2025-07-26,ORD101701,CUST1296,DC,Mid-Atlantic,Online,29,517.4,91.31,210.0
RD002,Pirate Rubber Duck,Themed,Pink,Large,21.25,2023-06-12,ORD101702,CUST9994,ND,Midwest,Marketplace,11,222.06,11.69,62.41
RD002,Pirate Rubber Duck,Themed,Purple,Mini,10.68,2024-07-26,ORD101703,CUST8093,AZ,West,Marketplace,14,134.57,14.95,36.8
RD005,Glow Rubber Duck,Specialty,Blue,Large,18.28,2025-10-15,ORD101704,CUST3680,TX,South,Online,44,683.67,120.65,311.95
RD007,Jumbo Rubber Duck,Large,Orange,Standard,21.22,2023-09-28,ORD101705,CUST7558,LA,South,Wholesale,15,270.56,47.74,90.5
RD007,Jumbo Rubber Duck,Large,Purple,Large,13.82,2023-04-06,ORD101706,CUST6850,NJ,Mid-Atlantic,Retail,8,99.5,11.06,24.57
RD008,Holiday Rubber Duck,Seasonal,Yellow,Mini,4.51,2023-04-04,ORD101707,CUST3490,OR,West,Marketplace,24,97.42,10.82,31.15
RD003,Princess Rubber Duck,Themed,Yellow,Standard,10.48,2024-02-04,ORD101708,CUST1433,NY,Mid-Atlantic,Wholesale,21,187.07,33.01,51.58
RD004,Superhero Rubber Duck,Themed,Purple,Large,20.62,2025-12-19,ORD101709,CUST2422,AK,West,Marketplace,50,979.45,51.55,318.82
RD003,Princess Rubber Duck,Themed,Orange,Standard,6.54,2023-11-12,ORD101710,CUST3883,NH,Northeast,Online,25,147.15,16.35,59.23
RD003,Princess Rubber Duck,Themed,Orange,Standard,17.24,2025-02-03,ORD101711,CUST4493,AK,West,Retail,32,524.1,27.58,228.4
RD003,Princess Rubber Duck,Themed,Orange,Large,17.43,2024-01-25,ORD101712,CUST3855,NJ,Mid-Atlantic,Online,50,740.78,130.72,299.18
RD005,Glow Rubber Duck,Specialty,Blue,Mini,13.94,2024-04-06,ORD101713,CUST7934,TX,South,Marketplace,45,595.94,31.36,191.04
RD002,Pirate Rubber Duck,Themed,Orange,Standard,24.4,2023-04-11,ORD101714,CUST1746,UT,West,Retail,31,642.94,113.46,285.23
RD007,Jumbo Rubber Duck,Large,Green,Mini,20.54,2024-02-14,ORD101715,CUST2616,ID,West,Online,8,156.1,8.22,48.07
RD008,Holiday Rubber Duck,Seasonal,Purple,Mini,12.31,2024-01-10,ORD101716,CUST9077,NH,Northeast,Marketplace,23,268.97,14.16,78.36
RD005,Glow Rubber Duck,Specialty,Blue,Mini,20.36,2024-06-21,ORD101717,CUST4437,AZ,West,Retail,31,599.6,31.56,264.4
RD003,Princess Rubber Duck,Themed,Pink,Mini,23.3,2024-08-21,ORD101718,CUST6670,NJ,Mid-Atlantic,Retail,33,768.9,0.0,300.88
RD003,Princess Rubber Duck,Themed,Blue,Standard,24.12,2024-11-22,ORD101719,CUST1807,DC,Mid-Atlantic,Marketplace,26,627.12,0.0,285.81
RD004,Superhero Rubber Duck,Themed,Green,Large,5.39,2024-07-10,ORD101720,CUST9057,IL,Midwest,Wholesale,42,226.38,0.0,94.42
RD002,Pirate Rubber Duck,Themed,Yellow,Large,14.19,2024-09-16,ORD101721,CUST6307,NY,Mid-Atlantic,Retail,21,283.09,14.9,85.17
RD001,Classic Rubber Duck,Classic,Pink,Large,20.26,2025-11-07,ORD101722,CUST7542,NH,Northeast,Retail,12,206.65,36.47,57.06
RD008,Holiday Rubber Duck,Seasonal,Pink,Standard,5.32,2023-04-03,ORD101723,CUST5119,AL,South,Online,47,225.04,25.0,63.09
RD003,Princess Rubber Duck,Themed,Pink,Standard,5.81,2024-12-01,ORD101724,CUST5450,VT,Northeast,Online,47,245.76,27.31,117.96
RD002,Pirate Rubber Duck,Themed,Pink,Mini,11.89,2025-10-14,ORD101725,CUST1986,AK,West,Marketplace,14,149.81,16.65,56.14
RD001,Classic Rubber Duck,Classic,Orange,Large,9.32,2023-05-26,ORD101726,CUST9128,NY,Mid-Atlantic,Online,28,247.91,13.05,86.98
RD003,Princess Rubber Duck,Themed,Orange,Standard,10.45,2025-05-30,ORD101727,CUST8581,NH,Northeast,Marketplace,13,129.06,6.79,42.39
RD007,Jumbo Rubber Duck,Large,Green,Standard,24.04,2025-05-23,ORD101728,CUST4790,RI,Northeast,Online,31,707.98,37.26,358.8
RD003,Princess Rubber Duck,Themed,Purple,Large,17.68,2024-11-25,ORD101729,CUST9690,DE,Mid-Atlantic,Marketplace,44,777.92,0.0,338.32
RD007,Jumbo Rubber Duck,Large,Purple,Standard,21.64,2023-07-07,ORD101730,CUST6387,SC,South,Wholesale,14,272.66,30.3,120.95
RD004,Superhero Rubber Duck,Themed,Blue,Mini,18.1,2023-09-13,ORD101731,CUST3597,RI,Northeast,Online,38,619.02,68.78,278.27
RD002,Pirate Rubber Duck,Themed,Pink,Large,4.48,2024-07-11,ORD101732,CUST8472,TX,South,Wholesale,23,87.58,15.46,20.41
RD008,Holiday Rubber Duck,Seasonal,Green,Standard,5.04,2025-08-08,ORD101733,CUST6065,CT,Northeast,Marketplace,9,38.56,6.8,7.17
RD008,Holiday Rubber Duck,Seasonal,Green,Mini,16.01,2023-07-02,ORD101734,CUST7318,WI,Midwest,Wholesale,38,517.12,91.26,102.91
RD007,Jumbo Rubber Duck,Large,Pink,Large,22.01,2024-12-23,ORD101735,CUST4614,VT,Northeast,Marketplace,3,66.03,0.0,29.6
RD004,Superhero Rubber Duck,Themed,Green,Mini,19.51,2025-08-09,ORD101736,CUST2800,RI,Northeast,Wholesale,18,298.5,52.68,86.35
RD003,Princess Rubber Duck,Themed,Orange,Standard,11.97,2025-01-29,ORD101737,CUST1130,AK,West,Retail,21,238.8,12.57,122.57
RD006,Mini Rubber Duck,Mini,Green,Standard,7.38,2024-02-27,ORD101738,CUST4846,WV,South,Online,11,69.0,12.18,24.08
RD006,Mini Rubber Duck,Mini,Pink,Standard,23.23,2024-12-15,ORD101739,CUST8120,AZ,West,Retail,40,836.28,92.92,276.04
RD005,Glow Rubber Duck,Specialty,Yellow,Standard,9.49,2024-06-11,ORD101740,CUST2987,OK,South,Marketplace,19,171.29,9.02,76.29
RD004,Superhero Rubber Duck,Themed,Blue,Large,21.5,2024-08-06,ORD101741,CUST5417,NV,West,Marketplace,17,328.95,36.55,111.63
RD005,Glow Rubber Duck,Specialty,Orange,Standard,19.93,2023-04-08,ORD101742,CUST9200,RI,Northeast,Marketplace,43,814.14,42.85,397.19
RD003,Princess Rubber Duck,Themed,Yellow,Mini,14.01,2023-11-19,ORD101743,CUST8299,AK,West,Retail,14,176.53,19.61,83.38
RD001,Classic Rubber Duck,Classic,Orange,Standard,22.06,2024-09-09,ORD101744,CUST4157,NY,Mid-Atlantic,Wholesale,49,1080.94,0.0,465.09
RD007,Jumbo Rubber Duck,Large,Yellow,Mini,13.91,2023-09-15,ORD101745,CUST1166,FL,South,Online,38,502.15,26.43,150.76
RD005,Glow Rubber Duck,Specialty,Purple,Large,13.08,2023-10-31,ORD101746,CUST4660,KY,South,Online,20,222.36,39.24,43.89
RD001,Classic Rubber Duck,Classic,Purple,Standard,22.36,2024-02-22,ORD101747,CUST6461,DC,Mid-Atlantic,Marketplace,7,148.69,7.83,47.78
RD006,Mini Rubber Duck,Mini,Yellow,Large,16.48,2025-08-23,ORD101748,CUST8049,AK,West,Online,13,192.82,21.42,65.22
RD004,Superhero Rubber Duck,Themed,Green,Standard,18.81,2024-11-01,ORD101749,CUST4625,VT,Northeast,Online,36,609.44,67.72,272.7
RD002,Pirate Rubber Duck,Themed,Blue,Standard,15.56,2024-01-11,ORD101750,CUST3581,MD,Mid-Atlantic,Retail,4,59.13,3.11,26.51
RD001,Classic Rubber Duck,Classic,Purple,Mini,10.5,2024-03-01,ORD101751,CUST1306,NJ,Mid-Atlantic,Wholesale,19,189.52,9.98,86.52
RD004,Superhero Rubber Duck,Themed,Yellow,Large,16.16,2023-02-27,ORD101752,CUST6141,KS,Midwest,Retail,33,453.29,79.99,109.13
RD005,Glow Rubber Duck,Specialty,Green,Standard,24.13,2025-09-24,ORD101753,CUST2055,SD,Midwest,Marketplace,10,241.3,0.0,93.71
RD005,Glow Rubber Duck,Specialty,Yellow,Mini,10.33,2025-01-20,ORD101754,CUST3653,NY,Mid-Atlantic,Wholesale,21,216.93,0.0,110.9
RD007,Jumbo Rubber Duck,Large,Blue,Mini,7.79,2023-11-23,ORD101755,CUST3186,MN,Midwest,Retail,49,343.54,38.17,102.12
RD004,Superhero Rubber Duck,Themed,Blue,Mini,4.33,2023-08-09,ORD101756,CUST1163,NH,Northeast,Retail,22,80.97,14.29,24.44
RD001,Classic Rubber Duck,Classic,Purple,Standard,9.32,2023-09-09,ORD101757,CUST8475,NJ,Mid-Atlantic,Wholesale,30,237.66,41.94,107.11
RD001,Classic Rubber Duck,Classic,Blue,Large,6.97,2024-10-07,ORD101758,CUST1928,IA,Midwest,Retail,31,194.46,21.61,56.67
RD005,Glow Rubber Duck,Specialty,Green,Mini,5.17,2024-06-13,ORD101759,CUST4850,SC,South,Online,12,58.94,3.1,19.63
RD004,Superhero Rubber Duck,Themed,Green,Mini,23.27,2024-08-29,ORD101760,CUST1268,LA,South,Online,9,209.43,0.0,108.53
RD008,Holiday Rubber Duck,Seasonal,Yellow,Standard,17.89,2025-02-03,ORD101761,CUST7776,NJ,Mid-Atlantic,Wholesale,9,144.91,16.1,70.36
RD008,Holiday Rubber Duck,Seasonal,Green,Mini,17.48,2024-06-17,ORD101762,CUST3996,MA,Northeast,Wholesale,45,668.61,117.99,251.49
RD001,Classic Rubber Duck,Classic,Purple,Mini,17.43,2025-08-18,ORD101763,CUST6562,MN,Midwest,Online,15,222.23,39.22,94.51
RD003,Princess Rubber Duck,Themed,Pink,Large,16.56,2025-12-29,ORD101764,CUST5173,PA,Mid-Atlantic,Retail,38,566.35,62.93,222.56
RD004,Superhero Rubber Duck,Themed,Blue,Mini,17.16,2023-07-24,ORD101765,CUST2408,IL,Midwest,Online,29,497.64,0.0,174.87
RD002,Pirate Rubber Duck,Themed,Purple,Large,24.28,2025-05-01,ORD101766,CUST1819,ID,West,Online,3,69.2,3.64,23.73
RD008,Holiday Rubber Duck,Seasonal,Yellow,Large,10.11,2024-12-22,ORD101767,CUST5125,MA,Northeast,Wholesale,3,28.81,1.52,10.63
RD003,Princess Rubber Duck,Themed,Blue,Mini,19.43,2023-12-20,ORD101768,CUST9064,UT,West,Marketplace,49,952.07,0.0,406.06
RD005,Glow Rubber Duck,Specialty,Blue,Mini,15.7,2024-08-15,ORD101769,CUST2851,NJ,Mid-Atlantic,Marketplace,12,178.98,9.42,93.19
RD003,Princess Rubber Duck,Themed,Blue,Large,10.72,2024-01-29,ORD101770,CUST1024,NE,Midwest,Retail,17,154.9,27.34,34.17
RD004,Superhero Rubber Duck,Themed,Green,Large,10.33,2025-11-28,ORD101771,CUST6416,GA,South,Online,2,18.59,2.07,6.7
RD005,Glow Rubber Duck,Specialty,Orange,Large,20.88,2025-02-12,ORD101772,CUST6723,OH,Midwest,Online,1,18.79,2.09,6.19
RD006,Mini Rubber Duck,Mini,Blue,Large,13.4,2024-03-04,ORD101773,CUST6186,DC,Mid-Atlantic,Marketplace,17,216.41,11.39,91.28
RD004,Superhero Rubber Duck,Themed,Blue,Standard,13.49,2023-12-16,ORD101774,CUST3516,NC,South,Online,32,366.93,64.75,138.26
RD007,Jumbo Rubber Duck,Large,Yellow,Large,11.33,2023-10-02,ORD101775,CUST7043,MA,Northeast,Retail,6,64.58,3.4,20.23
RD003,Princess Rubber Duck,Themed,Orange,Standard,6.45,2023-11-07,ORD101776,CUST6174,AZ,West,Marketplace,21,115.13,20.32,46.78
RD004,Superhero Rubber Duck,Themed,Orange,Large,13.72,2023-12-19,ORD101777,CUST5860,IL,Midwest,Retail,47,612.6,32.24,218.32
RD001,Classic Rubber Duck,Classic,Purple,Large,5.59,2023-02-25,ORD101778,CUST6564,IA,Midwest,Online,43,216.33,24.04,70.7
RD004,Superhero Rubber Duck,Themed,Blue,Large,6.24,2025-12-30,ORD101779,CUST3572,DC,Mid-Atlantic,Online,42,262.08,0.0,141.29
RD002,Pirate Rubber Duck,Themed,Orange,Large,5.97,2024-08-29,ORD101780,CUST2845,NJ,Mid-Atlantic,Wholesale,12,71.64,0.0,32.74
RD003,Princess Rubber Duck,Themed,Yellow,Large,12.75,2023-01-18,ORD101781,CUST2797,ND,Midwest,Wholesale,32,346.8,61.2,132.81
RD005,Glow Rubber Duck,Specialty,Yellow,Standard,5.22,2023-01-02,ORD101782,CUST3910,MT,West,Marketplace,20,93.96,10.44,27.4
RD008,Holiday Rubber Duck,Seasonal,Purple,Standard,9.13,2025-03-05,ORD101783,CUST5616,ID,West,Marketplace,21,172.56,19.17,49.09
RD005,Glow Rubber Duck,Specialty,Yellow,Large,13.13,2024-01-05,ORD101784,CUST3308,RI,Northeast,Marketplace,9,112.26,5.91,50.33
RD003,Princess Rubber Duck,Themed,Pink,Mini,8.05,2023-04-04,ORD101785,CUST5144,NY,Mid-Atlantic,Retail,2,14.49,1.61,4.47
RD002,Pirate Rubber Duck,Themed,Blue,Standard,14.19,2025-07-03,ORD101786,CUST5549,LA,South,Online,33,468.27,0.0,247.01
RD003,Princess Rubber Duck,Themed,Green,Standard,8.17,2025-06-03,ORD101787,CUST1343,AK,West,Retail,48,392.16,0.0,210.1
RD001,Classic Rubber Duck,Classic,Orange,Standard,11.29,2024-02-01,ORD101788,CUST4089,ME,Northeast,Online,13,139.43,7.34,53.6
RD001,Classic Rubber Duck,Classic,Blue,Large,4.96,2025-12-20,ORD101789,CUST1031,AR,South,Wholesale,12,53.57,5.95,23.15
RD003,Princess Rubber Duck,Themed,Orange,Large,7.58,2025-03-26,ORD101790,CUST8081,SD,Midwest,Retail,50,379.0,0.0,202.8
RD008,Holiday Rubber Duck,Seasonal,Orange,Standard,22.0,2025-10-24,ORD101791,CUST4339,IL,Midwest,Retail,12,250.8,13.2,73.79
RD008,Holiday Rubber Duck,Seasonal,Blue,Standard,5.74,2025-04-04,ORD101792,CUST8452,KS,Midwest,Online,22,126.28,0.0,41.57
RD004,Superhero Rubber Duck,Themed,Blue,Mini,10.39,2023-06-02,ORD101793,CUST9287,ND,Midwest,Retail,50,519.5,0.0,285.62
RD004,Superhero Rubber Duck,Themed,Green,Large,16.77,2024-01-18,ORD101794,CUST2037,DC,Mid-Atlantic,Marketplace,7,111.52,5.87,48.44
RD006,Mini Rubber Duck,Mini,Green,Large,24.0,2023-03-30,ORD101795,CUST7065,MA,Northeast,Retail,31,632.4,111.6,225.87
RD001,Classic Rubber Duck,Classic,Orange,Mini,6.1,2023-06-03,ORD101796,CUST8652,MT,West,Marketplace,42,230.58,25.62,99.45
RD007,Jumbo Rubber Duck,Large,Orange,Large,23.27,2025-05-08,ORD101797,CUST5046,MA,Northeast,Wholesale,45,1047.15,0.0,483.69
RD006,Mini Rubber Duck,Mini,Pink,Large,19.41,2025-02-10,ORD101798,CUST7541,IN,Midwest,Marketplace,2,36.88,1.94,12.6
RD003,Princess Rubber Duck,Themed,Pink,Large,16.06,2024-02-23,ORD101799,CUST9310,UT,West,Retail,7,106.8,5.62,47.11
RD006,Mini Rubber Duck,Mini,Green,Large,16.64,2023-01-19,ORD101800,CUST5880,SC,South,Retail,43,608.19,107.33,173.82
RD001,Classic Rubber Duck,Classic,Yellow,Standard,17.17,2024-09-15,ORD101801,CUST7493,WI,Midwest,Marketplace,10,145.94,25.76,50.52
RD001,Classic Rubber Duck,Classic,Pink,Large,15.61,2025-10-16,ORD101802,CUST6766,CA,West,Wholesale,39,517.47,91.32,196.79
RD007,Jumbo Rubber Duck,Large,Blue,Standard,24.02,2025-08-04,ORD101803,CUST8509,WV,South,Wholesale,13,281.03,31.23,131.73
RD004,Superhero Rubber Duck,Themed,Orange,Large,16.2,2024-08-22,ORD101804,CUST1458,KS,Midwest,Wholesale,35,567.0,0.0,170.49
RD005,Glow Rubber Duck,Specialty,Blue,Mini,20.63,2024-10-31,ORD101805,CUST1514,VA,South,Retail,11,192.89,34.04,41.08
RD007,Jumbo Rubber Duck,Large,Yellow,Large,4.81,2023-05-06,ORD101806,CUST3935,DE,Mid-Atlantic,Wholesale,26,112.55,12.51,38.99
RD005,Glow Rubber Duck,Specialty,Purple,Mini,6.18,2024-01-25,ORD101807,CUST6404,TN,South,Marketplace,15,92.7,0.0,38.09
RD005,Glow Rubber Duck,Specialty,Orange,Standard,8.97,2023-08-06,ORD101808,CUST7815,MT,West,Retail,39,297.36,52.47,117.03
RD001,Classic Rubber Duck,Classic,Purple,Standard,20.54,2023-04-05,ORD101809,CUST7395,DE,Mid-Atlantic,Marketplace,1,20.54,0.0,11.29
RD002,Pirate Rubber Duck,Themed,Green,Standard,16.52,2025-01-02,ORD101810,CUST2590,HI,West,Wholesale,42,659.15,34.69,343.92
RD004,Superhero Rubber Duck,Themed,Orange,Standard,17.95,2023-04-17,ORD101811,CUST1319,ND,Midwest,Online,19,289.89,51.16,98.15
RD008,Holiday Rubber Duck,Seasonal,Green,Standard,22.43,2024-02-22,ORD101812,CUST3013,DE,Mid-Atlantic,Online,3,67.29,0.0,35.11
RD004,Superhero Rubber Duck,Themed,Green,Standard,10.35,2023-03-30,ORD101813,CUST5493,GA,South,Wholesale,17,167.15,8.8,61.52
RD007,Jumbo Rubber Duck,Large,Green,Mini,21.18,2023-03-21,ORD101814,CUST3065,CO,West,Online,24,482.9,25.42,215.92
RD006,Mini Rubber Duck,Mini,Blue,Mini,16.53,2025-05-21,ORD101815,CUST3962,KY,South,Online,31,486.81,25.62,215.81
RD001,Classic Rubber Duck,Classic,Pink,Standard,8.51,2023-03-02,ORD101816,CUST6034,SC,South,Marketplace,41,314.02,34.89,118.67
RD007,Jumbo Rubber Duck,Large,Pink,Mini,10.05,2025-06-14,ORD101817,CUST2579,TN,South,Retail,21,189.94,21.11,63.45
RD004,Superhero Rubber Duck,Themed,Blue,Mini,14.26,2024-12-13,ORD101818,CUST3723,VA,South,Online,6,81.28,4.28,36.63
RD001,Classic Rubber Duck,Classic,Purple,Standard,6.67,2023-05-20,ORD101819,CUST4880,DE,Mid-Atlantic,Retail,12,80.04,0.0,25.4
RD008,Holiday Rubber Duck,Seasonal,Purple,Large,12.93,2024-10-19,ORD101820,CUST6263,IN,Midwest,Wholesale,18,221.1,11.64,80.44
RD003,Princess Rubber Duck,Themed,Yellow,Standard,18.03,2024-10-02,ORD101821,CUST2894,MD,Mid-Atlantic,Wholesale,11,178.5,19.83,82.31
RD008,Holiday Rubber Duck,Seasonal,Orange,Large,5.75,2023-04-17,ORD101822,CUST1772,KY,South,Wholesale,5,28.75,0.0,13.4
RD005,Glow Rubber Duck,Specialty,Pink,Large,9.41,2024-04-16,ORD101823,CUST4519,OR,West,Wholesale,30,254.07,28.23,108.03
RD003,Princess Rubber Duck,Themed,Yellow,Standard,22.34,2025-08-02,ORD101824,CUST5919,MS,South,Marketplace,47,944.98,105.0,443.05
RD004,Superhero Rubber Duck,Themed,Green,Large,21.79,2024-04-18,ORD101825,CUST9754,GA,South,Online,39,807.32,42.49,417.12
RD004,Superhero Rubber Duck,Themed,Purple,Mini,15.12,2023-05-21,ORD101826,CUST4926,NY,Mid-Atlantic,Retail,27,408.24,0.0,135.35
RD007,Jumbo Rubber Duck,Large,Pink,Mini,13.95,2023-05-20,ORD101827,CUST8862,RI,Northeast,Marketplace,35,463.84,24.41,145.0
RD004,Superhero Rubber Duck,Themed,Pink,Mini,21.36,2023-05-09,ORD101828,CUST3002,VT,Northeast,Marketplace,28,568.18,29.9,251.8
RD005,Glow Rubber Duck,Specialty,Orange,Mini,21.46,2025-09-15,ORD101829,CUST2663,MN,Midwest,Online,14,270.4,30.04,80.45
RD006,Mini Rubber Duck,Mini,Yellow,Large,14.04,2025-10-13,ORD101830,CUST8851,NE,Midwest,Marketplace,19,240.08,26.68,62.06
RD007,Jumbo Rubber Duck,Large,Blue,Standard,20.98,2024-04-04,ORD101831,CUST3237,MD,Mid-Atlantic,Wholesale,38,797.24,0.0,241.78
RD007,Jumbo Rubber Duck,Large,Purple,Mini,24.4,2023-03-01,ORD101832,CUST2837,WI,Midwest,Online,22,536.8,0.0,213.43
RD006,Mini Rubber Duck,Mini,Blue,Mini,16.12,2024-11-28,ORD101833,CUST2392,IL,Midwest,Marketplace,35,535.99,28.21,164.65
RD005,Glow Rubber Duck,Specialty,Orange,Standard,17.65,2025-11-19,ORD101834,CUST8500,NC,South,Wholesale,25,397.13,44.12,117.36
RD008,Holiday Rubber Duck,Seasonal,Orange,Mini,23.12,2024-12-14,ORD101835,CUST9492,MD,Mid-Atlantic,Online,24,471.65,83.23,176.37
RD001,Classic Rubber Duck,Classic,Blue,Standard,5.49,2023-06-01,ORD101836,CUST9664,NJ,Mid-Atlantic,Retail,48,223.99,39.53,57.24
RD008,Holiday Rubber Duck,Seasonal,Pink,Mini,4.29,2024-06-21,ORD101837,CUST5356,MA,Northeast,Retail,22,84.94,9.44,20.86
RD007,Jumbo Rubber Duck,Large,Purple,Mini,14.97,2024-03-21,ORD101838,CUST4439,IN,Midwest,Wholesale,26,389.22,0.0,205.99
RD007,Jumbo Rubber Duck,Large,Orange,Mini,20.27,2025-10-03,ORD101839,CUST5507,OR,West,Wholesale,37,712.49,37.5,260.67
RD001,Classic Rubber Duck,Classic,Green,Large,20.68,2025-06-30,ORD101840,CUST1769,CT,Northeast,Wholesale,43,844.78,44.46,259.35
RD006,Mini Rubber Duck,Mini,Yellow,Large,22.08,2025-02-04,ORD101841,CUST6129,MD,Mid-Atlantic,Online,28,587.33,30.91,274.96
RD008,Holiday Rubber Duck,Seasonal,Yellow,Large,10.68,2023-09-06,ORD101842,CUST4950,CT,Northeast,Online,9,81.7,14.42,37.97
RD001,Classic Rubber Duck,Classic,Pink,Mini,6.63,2024-10-07,ORD101843,CUST4987,MD,Mid-Atlantic,Marketplace,37,208.51,36.8,79.27
RD001,Classic Rubber Duck,Classic,Yellow,Standard,18.48,2023-09-09,ORD101844,CUST6369,CA,West,Online,21,388.08,0.0,130.44
RD003,Princess Rubber Duck,Themed,Purple,Large,19.0,2024-12-03,ORD101845,CUST9129,SC,South,Retail,14,226.1,39.9,101.77
RD007,Jumbo Rubber Duck,Large,Purple,Large,23.21,2025-11-09,ORD101846,CUST7569,IN,Midwest,Retail,6,132.3,6.96,45.6
RD004,Superhero Rubber Duck,Themed,Green,Mini,20.76,2024-10-20,ORD101847,CUST7008,SC,South,Wholesale,4,83.04,0.0,32.66
RD008,Holiday Rubber Duck,Seasonal,Orange,Mini,17.65,2025-09-25,ORD101848,CUST6850,NY,Mid-Atlantic,Wholesale,25,375.06,66.19,150.09
RD002,Pirate Rubber Duck,Themed,Blue,Standard,10.08,2025-11-06,ORD101849,CUST8965,MA,Northeast,Retail,26,262.08,0.0,100.9
RD008,Holiday Rubber Duck,Seasonal,Blue,Standard,15.43,2024-12-03,ORD101850,CUST3901,NH,Northeast,Online,27,354.12,62.49,123.96
RD007,Jumbo Rubber Duck,Large,Orange,Large,5.43,2023-08-03,ORD101851,CUST8566,GA,South,Wholesale,46,212.31,37.47,95.13
RD004,Superhero Rubber Duck,Themed,Yellow,Standard,22.31,2024-06-27,ORD101852,CUST3038,TN,South,Online,41,823.24,91.47,317.96
RD004,Superhero Rubber Duck,Themed,Green,Standard,4.02,2023-10-20,ORD101853,CUST4416,MT,West,Marketplace,32,122.21,6.43,64.06
RD003,Princess Rubber Duck,Themed,Orange,Mini,9.52,2025-12-19,ORD101854,CUST6193,OR,West,Retail,17,145.66,16.18,54.49
RD001,Classic Rubber Duck,Classic,Purple,Large,16.07,2024-06-16,ORD101855,CUST1058,CO,West,Retail,3,40.98,7.23,13.32
RD003,Princess Rubber Duck,Themed,Pink,Mini,20.02,2024-10-17,ORD101856,CUST4885,MT,West,Wholesale,18,306.31,54.05,75.21
RD008,Holiday Rubber Duck,Seasonal,Orange,Large,6.58,2025-05-20,ORD101857,CUST2963,DE,Mid-Atlantic,Online,18,112.52,5.92,58.59
RD007,Jumbo Rubber Duck,Large,Orange,Large,19.13,2024-03-02,ORD101858,CUST9564,OK,South,Online,3,54.52,2.87,24.32
RD008,Holiday Rubber Duck,Seasonal,Purple,Mini,13.86,2024-03-31,ORD101859,CUST4513,MD,Mid-Atlantic,Marketplace,42,523.91,58.21,121.99
RD005,Glow Rubber Duck,Specialty,Orange,Mini,4.28,2023-01-18,ORD101860,CUST2846,MO,Midwest,Wholesale,17,72.76,0.0,35.79
RD004,Superhero Rubber Duck,Themed,Blue,Standard,22.33,2025-03-21,ORD101861,CUST5333,NM,West,Retail,2,42.43,2.23,16.25
RD001,Classic Rubber Duck,Classic,Purple,Large,17.75,2023-03-13,ORD101862,CUST6834,WV,South,Marketplace,11,185.49,9.76,53.97
RD008,Holiday Rubber Duck,Seasonal,Purple,Large,9.63,2025-10-10,ORD101863,CUST5458,NY,Mid-Atlantic,Online,18,173.34,0.0,94.48
RD004,Superhero Rubber Duck,Themed,Yellow,Large,11.79,2023-06-04,ORD101864,CUST8908,PA,Mid-Atlantic,Wholesale,50,560.02,29.48,170.92
RD002,Pirate Rubber Duck,Themed,Blue,Large,19.75,2025-08-30,ORD101865,CUST7386,NJ,Mid-Atlantic,Wholesale,35,587.56,103.69,271.63
RD007,Jumbo Rubber Duck,Large,Blue,Standard,7.72,2023-10-23,ORD101866,CUST1229,NJ,Mid-Atlantic,Wholesale,6,39.37,6.95,8.78
RD004,Superhero Rubber Duck,Themed,Green,Large,6.08,2024-09-17,ORD101867,CUST8071,DE,Mid-Atlantic,Online,35,212.8,0.0,115.15
RD007,Jumbo Rubber Duck,Large,Yellow,Mini,13.96,2023-12-14,ORD101868,CUST1575,NY,Mid-Atlantic,Online,10,118.66,20.94,40.18
RD006,Mini Rubber Duck,Mini,Blue,Standard,22.75,2025-01-08,ORD101869,CUST9908,DE,Mid-Atlantic,Online,27,583.54,30.71,296.37
RD001,Classic Rubber Duck,Classic,Blue,Mini,13.98,2025-10-10,ORD101870,CUST6464,MS,South,Online,21,293.58,0.0,157.07
RD001,Classic Rubber Duck,Classic,Purple,Standard,16.91,2023-03-12,ORD101871,CUST3812,IL,Midwest,Retail,6,96.39,5.07,31.64
RD002,Pirate Rubber Duck,Themed,Yellow,Large,15.34,2025-08-25,ORD101872,CUST7387,NH,Northeast,Marketplace,25,383.5,0.0,139.67
RD003,Princess Rubber Duck,Themed,Purple,Standard,4.51,2024-07-26,ORD101873,CUST2832,NY,Mid-Atlantic,Marketplace,17,69.0,7.67,17.82
RD002,Pirate Rubber Duck,Themed,Pink,Standard,15.48,2025-07-20,ORD101874,CUST5012,WA,West,Marketplace,5,65.79,11.61,14.82
RD001,Classic Rubber Duck,Classic,Yellow,Large,19.94,2023-10-23,ORD101875,CUST7509,NJ,Mid-Atlantic,Online,19,359.92,18.94,172.04
RD003,Princess Rubber Duck,Themed,Purple,Large,8.5,2023-10-18,ORD101876,CUST1278,NC,South,Wholesale,38,290.7,32.3,84.36
RD005,Glow Rubber Duck,Specialty,Green,Large,22.54,2024-01-10,ORD101877,CUST6785,MO,Midwest,Wholesale,25,563.5,0.0,280.59
RD002,Pirate Rubber Duck,Themed,Purple,Large,13.87,2024-09-06,ORD101878,CUST1394,NJ,Mid-Atlantic,Retail,6,70.74,12.48,20.75
RD005,Glow Rubber Duck,Specialty,Blue,Mini,18.52,2023-03-17,ORD101879,CUST2741,TX,South,Online,38,633.38,70.38,296.99
RD006,Mini Rubber Duck,Mini,Purple,Standard,23.36,2025-04-08,ORD101880,CUST9779,WY,West,Marketplace,6,133.15,7.01,41.86
RD005,Glow Rubber Duck,Specialty,Green,Mini,12.98,2025-08-07,ORD101881,CUST1158,ND,Midwest,Wholesale,33,364.09,64.25,157.75
RD005,Glow Rubber Duck,Specialty,Orange,Mini,4.49,2023-07-01,ORD101882,CUST1532,WI,Midwest,Marketplace,48,204.74,10.78,84.14
RD005,Glow Rubber Duck,Specialty,Orange,Large,6.73,2025-04-06,ORD101883,CUST9668,WY,West,Retail,28,169.6,18.84,82.75
RD007,Jumbo Rubber Duck,Large,Orange,Standard,17.12,2024-07-24,ORD101884,CUST9353,AK,West,Marketplace,13,200.3,22.26,45.64
RD005,Glow Rubber Duck,Specialty,Green,Standard,14.58,2025-12-16,ORD101885,CUST5494,OH,Midwest,Marketplace,8,110.81,5.83,41.58
RD003,Princess Rubber Duck,Themed,Purple,Large,21.96,2024-02-13,ORD101886,CUST9055,DC,Mid-Atlantic,Retail,11,241.56,0.0,72.6
RD001,Classic Rubber Duck,Classic,Yellow,Large,4.02,2023-02-12,ORD101887,CUST9503,FL,South,Marketplace,14,53.47,2.81,28.12
RD004,Superhero Rubber Duck,Themed,Orange,Mini,18.99,2023-08-16,ORD101888,CUST1055,LA,South,Online,26,419.68,74.06,167.96
RD002,Pirate Rubber Duck,Themed,Green,Large,12.52,2023-07-09,ORD101889,CUST3494,WV,South,Retail,1,12.52,0.0,5.07
RD003,Princess Rubber Duck,Themed,Green,Mini,23.6,2023-04-02,ORD101890,CUST9876,IL,Midwest,Wholesale,48,962.88,169.92,243.55
RD005,Glow Rubber Duck,Specialty,Green,Mini,23.79,2024-06-12,ORD101891,CUST1665,OR,West,Online,36,727.97,128.47,239.79
RD001,Classic Rubber Duck,Classic,Yellow,Large,14.81,2023-09-01,ORD101892,CUST5002,WY,West,Marketplace,44,619.06,32.58,285.25
RD002,Pirate Rubber Duck,Themed,Purple,Standard,22.52,2025-01-26,ORD101893,CUST6402,RI,Northeast,Retail,21,472.92,0.0,181.82
RD005,Glow Rubber Duck,Specialty,Pink,Mini,7.96,2024-02-21,ORD101894,CUST5550,NY,Mid-Atlantic,Marketplace,17,135.32,0.0,72.11
RD007,Jumbo Rubber Duck,Large,Green,Standard,10.74,2024-07-13,ORD101895,CUST8235,MA,Northeast,Retail,37,357.64,39.74,150.67
RD001,Classic Rubber Duck,Classic,Purple,Large,15.55,2023-07-07,ORD101896,CUST3493,ME,Northeast,Retail,18,279.9,0.0,97.26
RD004,Superhero Rubber Duck,Themed,Green,Mini,16.52,2023-11-02,ORD101897,CUST1551,ID,West,Wholesale,50,743.4,82.6,171.78
RD002,Pirate Rubber Duck,Themed,Purple,Mini,18.46,2025-01-04,ORD101898,CUST7743,WI,Midwest,Wholesale,9,141.22,24.92,57.01
RD003,Princess Rubber Duck,Themed,Orange,Mini,24.9,2023-11-23,ORD101899,CUST3285,PA,Mid-Atlantic,Wholesale,2,49.8,0.0,23.72
RD002,Pirate Rubber Duck,Themed,Pink,Large,18.41,2024-11-01,ORD101900,CUST1293,OR,West,Wholesale,5,87.45,4.6,27.93
RD007,Jumbo Rubber Duck,Large,Green,Standard,5.27,2024-06-25,ORD101901,CUST1385,ME,Northeast,Online,39,195.25,10.28,91.51
RD002,Pirate Rubber Duck,Themed,Purple,Large,9.08,2023-07-03,ORD101902,CUST3879,MD,Mid-Atlantic,Retail,10,77.18,13.62,34.35
RD003,Princess Rubber Duck,Themed,Blue,Mini,24.78,2023-07-03,ORD101903,CUST5333,AK,West,Wholesale,41,863.58,152.4,388.95
RD001,Classic Rubber Duck,Classic,Pink,Standard,13.01,2024-06-13,ORD101904,CUST1753,KS,Midwest,Wholesale,49,573.74,63.75,251.11
RD003,Princess Rubber Duck,Themed,Yellow,Large,12.79,2023-02-21,ORD101905,CUST2443,DE,Mid-Atlantic,Wholesale,15,172.67,19.18,67.98
RD004,Superhero Rubber Duck,Themed,Green,Mini,14.47,2024-09-25,ORD101906,CUST5251,VT,Northeast,Retail,48,659.83,34.73,179.88
RD006,Mini Rubber Duck,Mini,Yellow,Large,5.73,2024-10-12,ORD101907,CUST3067,CO,West,Marketplace,27,146.97,7.74,71.04
RD003,Princess Rubber Duck,Themed,Pink,Large,24.71,2025-03-04,ORD101908,CUST7556,MO,Midwest,Retail,33,693.12,122.31,153.45
RD003,Princess Rubber Duck,Themed,Orange,Standard,24.07,2025-04-17,ORD101909,CUST9366,WV,South,Wholesale,40,818.38,144.42,172.37
RD005,Glow Rubber Duck,Specialty,Pink,Mini,21.42,2024-03-01,ORD101910,CUST1598,MO,Midwest,Marketplace,43,875.01,46.05,327.4
RD002,Pirate Rubber Duck,Themed,Blue,Standard,14.5,2023-09-15,ORD101911,CUST5454,AZ,West,Retail,31,404.55,44.95,92.87
RD005,Glow Rubber Duck,Specialty,Blue,Mini,19.24,2023-08-15,ORD101912,CUST6509,VT,Northeast,Marketplace,48,784.99,138.53,242.96
RD005,Glow Rubber Duck,Specialty,Yellow,Standard,19.77,2023-12-19,ORD101913,CUST5528,AK,West,Wholesale,11,195.72,21.75,83.9
RD002,Pirate Rubber Duck,Themed,Orange,Mini,18.07,2023-06-14,ORD101914,CUST8595,ME,Northeast,Retail,40,614.38,108.42,149.24
RD001,Classic Rubber Duck,Classic,Blue,Large,10.43,2025-10-26,ORD101915,CUST2061,IL,Midwest,Wholesale,22,206.51,22.95,74.55
RD007,Jumbo Rubber Duck,Large,Pink,Mini,24.84,2023-02-07,ORD101916,CUST2650,CA,West,Online,26,581.26,64.58,150.78
RD003,Princess Rubber Duck,Themed,Yellow,Large,21.11,2024-07-25,ORD101917,CUST4055,NH,Northeast,Retail,24,455.98,50.66,203.16
RD001,Classic Rubber Duck,Classic,Green,Mini,12.42,2024-05-05,ORD101918,CUST2646,CT,Northeast,Marketplace,20,211.14,37.26,99.1
RD001,Classic Rubber Duck,Classic,Orange,Large,7.42,2025-07-03,ORD101919,CUST1810,NH,Northeast,Online,45,317.2,16.7,158.18
RD002,Pirate Rubber Duck,Themed,Yellow,Mini,23.7,2025-08-30,ORD101920,CUST2752,VA,South,Marketplace,14,298.62,33.18,73.08
RD002,Pirate Rubber Duck,Themed,Purple,Standard,19.99,2023-08-03,ORD101921,CUST3549,ID,West,Wholesale,36,611.69,107.95,279.65
RD001,Classic Rubber Duck,Classic,Orange,Standard,6.06,2025-08-13,ORD101922,CUST6974,AZ,West,Online,42,229.07,25.45,60.74
RD002,Pirate Rubber Duck,Themed,Purple,Mini,24.11,2023-12-06,ORD101923,CUST1370,NH,Northeast,Marketplace,22,503.9,26.52,220.43
RD003,Princess Rubber Duck,Themed,Orange,Mini,18.19,2025-08-16,ORD101924,CUST4714,MT,West,Marketplace,29,527.51,0.0,227.93
RD002,Pirate Rubber Duck,Themed,Blue,Mini,12.95,2025-08-20,ORD101925,CUST4322,MI,Midwest,Marketplace,36,466.2,0.0,165.59
RD005,Glow Rubber Duck,Specialty,Yellow,Standard,20.26,2024-04-09,ORD101926,CUST7868,MO,Midwest,Online,35,673.64,35.46,268.54
RD001,Classic Rubber Duck,Classic,Orange,Mini,15.48,2025-08-11,ORD101927,CUST1241,PA,Mid-Atlantic,Retail,44,613.01,68.11,172.94
RD005,Glow Rubber Duck,Specialty,Blue,Mini,20.76,2024-01-17,ORD101928,CUST7401,SC,South,Online,9,177.5,9.34,52.49
RD007,Jumbo Rubber Duck,Large,Green,Large,20.02,2024-06-15,ORD101929,CUST8735,NM,West,Online,36,648.65,72.07,171.73
RD007,Jumbo Rubber Duck,Large,Blue,Large,18.33,2023-08-31,ORD101930,CUST6974,NE,Midwest,Retail,5,77.9,13.75,22.46
RD002,Pirate Rubber Duck,Themed,Yellow,Mini,19.44,2025-03-06,ORD101931,CUST8869,VA,South,Online,27,472.39,52.49,128.14
RD004,Superhero Rubber Duck,Themed,Pink,Mini,4.96,2023-11-17,ORD101932,CUST2843,PA,Mid-Atlantic,Retail,42,187.49,20.83,47.25
RD003,Princess Rubber Duck,Themed,Pink,Mini,21.95,2023-01-21,ORD101933,CUST7964,TN,South,Online,33,724.35,0.0,358.48
RD001,Classic Rubber Duck,Classic,Green,Standard,8.79,2023-05-26,ORD101934,CUST6975,TX,South,Marketplace,10,87.9,0.0,40.25
RD005,Glow Rubber Duck,Specialty,Yellow,Mini,20.67,2023-07-05,ORD101935,CUST6338,KS,Midwest,Online,15,279.04,31.01,121.48
RD002,Pirate Rubber Duck,Themed,Yellow,Standard,12.82,2025-05-19,ORD101936,CUST8740,MS,South,Retail,50,608.95,32.05,241.88
RD006,Mini Rubber Duck,Mini,Green,Standard,20.05,2023-06-06,ORD101937,CUST6398,LA,South,Online,8,152.38,8.02,58.31
RD003,Princess Rubber Duck,Themed,Pink,Standard,11.8,2024-11-30,ORD101938,CUST3535,MD,Mid-Atlantic,Marketplace,37,371.11,65.49,119.33
RD001,Classic Rubber Duck,Classic,Pink,Standard,7.37,2024-08-28,ORD101939,CUST7058,ID,West,Wholesale,47,294.43,51.96,136.92
RD007,Jumbo Rubber Duck,Large,Green,Mini,6.96,2023-02-25,ORD101940,CUST2001,MO,Midwest,Marketplace,23,160.08,0.0,70.37
RD002,Pirate Rubber Duck,Themed,Green,Large,20.91,2024-04-15,ORD101941,CUST2002,AL,South,Retail,49,870.9,153.69,273.68
RD002,Pirate Rubber Duck,Themed,Pink,Mini,10.43,2025-06-24,ORD101942,CUST5943,MN,Midwest,Wholesale,15,156.45,0.0,55.68
RD008,Holiday Rubber Duck,Seasonal,Purple,Large,5.04,2025-03-18,ORD101943,CUST7599,DE,Mid-Atlantic,Retail,37,177.16,9.32,77.75
RD008,Holiday Rubber Duck,Seasonal,Pink,Mini,14.83,2025-05-27,ORD101944,CUST1168,MD,Mid-Atlantic,Marketplace,20,296.6,0.0,129.86
RD007,Jumbo Rubber Duck,Large,Purple,Large,14.03,2024-03-02,ORD101945,CUST7568,NJ,Mid-Atlantic,Marketplace,5,66.64,3.51,18.53
RD007,Jumbo Rubber Duck,Large,Orange,Mini,16.67,2025-08-31,ORD101946,CUST7659,PA,Mid-Atlantic,Online,14,198.37,35.01,51.22
RD005,Glow Rubber Duck,Specialty,Pink,Mini,24.86,2024-11-16,ORD101947,CUST5255,MT,West,Online,38,897.45,47.23,430.69
RD006,Mini Rubber Duck,Mini,Purple,Mini,15.01,2025-05-06,ORD101948,CUST6363,CT,Northeast,Marketplace,39,556.12,29.27,223.29
RD007,Jumbo Rubber Duck,Large,Purple,Standard,4.18,2023-04-29,ORD101949,CUST9195,OK,South,Marketplace,13,48.91,5.43,18.87
RD008,Holiday Rubber Duck,Seasonal,Blue,Large,9.34,2023-02-26,ORD101950,CUST5254,FL,South,Retail,28,261.52,0.0,105.48
RD003,Princess Rubber Duck,Themed,Blue,Mini,22.06,2024-02-27,ORD101951,CUST3884,IL,Midwest,Retail,48,1005.94,52.94,408.88
RD003,Princess Rubber Duck,Themed,Green,Large,6.22,2025-09-30,ORD101952,CUST2977,MI,Midwest,Marketplace,5,26.44,4.66,5.99
RD002,Pirate Rubber Duck,Themed,Yellow,Standard,5.19,2025-01-31,ORD101953,CUST5394,IN,Midwest,Marketplace,19,93.68,4.93,34.1
RD004,Superhero Rubber Duck,Themed,Blue,Large,7.68,2023-01-17,ORD101954,CUST3935,VT,Northeast,Retail,7,45.7,8.06,8.67
RD001,Classic Rubber Duck,Classic,Blue,Large,12.67,2024-06-29,ORD101955,CUST7512,DC,Mid-Atlantic,Wholesale,37,468.79,0.0,246.62
RD008,Holiday Rubber Duck,Seasonal,Blue,Mini,12.86,2023-02-09,ORD101956,CUST7554,ME,Northeast,Retail,2,25.72,0.0,11.25
RD008,Holiday Rubber Duck,Seasonal,Blue,Standard,18.38,2024-03-03,ORD101957,CUST8517,VT,Northeast,Retail,3,49.63,5.51,16.78
RD005,Glow Rubber Duck,Specialty,Green,Standard,16.12,2024-07-24,ORD101958,CUST4959,AL,South,Online,8,109.62,19.34,46.43
RD004,Superhero Rubber Duck,Themed,Pink,Large,19.56,2023-11-17,ORD101959,CUST6325,CA,West,Online,49,862.6,95.84,368.98
RD004,Superhero Rubber Duck,Themed,Blue,Large,6.66,2025-10-07,ORD101960,CUST2425,NV,West,Retail,45,284.72,14.98,75.58
RD002,Pirate Rubber Duck,Themed,Yellow,Mini,11.3,2025-05-29,ORD101961,CUST8052,IL,Midwest,Marketplace,4,40.68,4.52,9.32
RD008,Holiday Rubber Duck,Seasonal,Pink,Mini,10.94,2024-09-14,ORD101962,CUST9015,NE,Midwest,Wholesale,11,102.29,18.05,22.17
RD006,Mini Rubber Duck,Mini,Green,Large,19.17,2023-01-06,ORD101963,CUST9112,MA,Northeast,Wholesale,33,537.72,94.89,205.39
RD007,Jumbo Rubber Duck,Large,Orange,Mini,4.93,2023-12-18,ORD101964,CUST3718,NH,Northeast,Retail,1,4.93,0.0,2.02
RD002,Pirate Rubber Duck,Themed,Pink,Large,21.32,2024-07-26,ORD101965,CUST1566,OK,South,Retail,20,405.08,21.32,147.14
RD003,Princess Rubber Duck,Themed,Blue,Standard,24.09,2023-12-10,ORD101966,CUST2101,PA,Mid-Atlantic,Online,16,366.17,19.27,176.02
RD003,Princess Rubber Duck,Themed,Pink,Standard,20.9,2024-04-08,ORD101967,CUST6383,AR,South,Online,23,480.7,0.0,250.74
RD004,Superhero Rubber Duck,Themed,Orange,Mini,14.58,2024-03-02,ORD101968,CUST5023,SD,Midwest,Retail,36,472.39,52.49,144.98
RD003,Princess Rubber Duck,Themed,Pink,Large,9.16,2023-02-24,ORD101969,CUST9820,TX,South,Retail,11,85.65,15.11,36.98
RD002,Pirate Rubber Duck,Themed,Green,Standard,19.8,2023-04-28,ORD101970,CUST7435,PA,Mid-Atlantic,Wholesale,6,112.86,5.94,33.27
RD003,Princess Rubber Duck,Themed,Green,Standard,6.99,2025-09-12,ORD101971,CUST7089,ME,Northeast,Wholesale,32,190.13,33.55,78.4
RD003,Princess Rubber Duck,Themed,Green,Standard,12.05,2024-02-21,ORD101972,CUST2602,ME,Northeast,Retail,39,422.95,47.0,136.17
RD003,Princess Rubber Duck,Themed,Purple,Standard,5.59,2024-04-20,ORD101973,CUST3098,MO,Midwest,Marketplace,15,83.85,0.0,36.02
RD005,Glow Rubber Duck,Specialty,Blue,Large,7.16,2023-07-30,ORD101974,CUST1416,MN,Midwest,Marketplace,33,200.84,35.44,79.64
RD002,Pirate Rubber Duck,Themed,Pink,Standard,4.55,2025-12-27,ORD101975,CUST3251,IL,Midwest,Wholesale,37,159.93,8.42,56.4
RD001,Classic Rubber Duck,Classic,Pink,Mini,18.8,2024-11-10,ORD101976,CUST6206,NJ,Mid-Atlantic,Online,5,84.6,9.4,26.06
RD005,Glow Rubber Duck,Specialty,Orange,Standard,20.2,2023-04-12,ORD101977,CUST8948,DC,Mid-Atlantic,Marketplace,7,141.4,0.0,67.18
RD003,Princess Rubber Duck,Themed,Blue,Mini,16.7,2024-05-29,ORD101978,CUST2530,MS,South,Retail,9,135.27,15.03,41.62
RD005,Glow Rubber Duck,Specialty,Pink,Large,23.56,2023-01-16,ORD101979,CUST8915,LA,South,Marketplace,8,179.06,9.42,59.57
RD001,Classic Rubber Duck,Classic,Blue,Large,17.3,2024-04-25,ORD101980,CUST8045,MO,Midwest,Wholesale,37,608.09,32.01,166.16
RD002,Pirate Rubber Duck,Themed,Green,Standard,16.96,2024-08-16,ORD101981,CUST1939,TX,South,Wholesale,4,64.45,3.39,28.15
RD006,Mini Rubber Duck,Mini,Purple,Standard,8.02,2024-10-18,ORD101982,CUST8828,MT,West,Retail,48,365.71,19.25,98.87
RD007,Jumbo Rubber Duck,Large,Pink,Standard,19.52,2023-12-11,ORD101983,CUST4550,NY,Mid-Atlantic,Wholesale,18,298.66,52.7,98.19
RD006,Mini Rubber Duck,Mini,Yellow,Mini,12.22,2024-12-18,ORD101984,CUST9737,RI,Northeast,Retail,36,417.92,22.0,200.97
RD006,Mini Rubber Duck,Mini,Blue,Large,19.89,2025-04-22,ORD101985,CUST5127,IN,Midwest,Retail,20,338.13,59.67,142.0
RD001,Classic Rubber Duck,Classic,Orange,Mini,20.64,2023-12-25,ORD101986,CUST1220,NH,Northeast,Marketplace,16,297.22,33.02,141.41
RD007,Jumbo Rubber Duck,Large,Pink,Mini,13.3,2024-06-21,ORD101987,CUST6919,DC,Mid-Atlantic,Marketplace,9,101.75,17.95,35.96
RD004,Superhero Rubber Duck,Themed,Orange,Mini,14.01,2024-04-19,ORD101988,CUST1817,NY,Mid-Atlantic,Online,19,266.19,0.0,145.16
RD004,Superhero Rubber Duck,Themed,Green,Mini,20.01,2024-09-02,ORD101989,CUST2422,PA,Mid-Atlantic,Retail,35,665.33,35.02,326.63
RD007,Jumbo Rubber Duck,Large,Pink,Standard,4.97,2023-03-18,ORD101990,CUST5603,CT,Northeast,Marketplace,2,9.44,0.5,3.82
RD002,Pirate Rubber Duck,Themed,Purple,Large,13.94,2024-03-23,ORD101991,CUST6799,OH,Midwest,Online,28,370.8,19.52,157.01
RD001,Classic Rubber Duck,Classic,Green,Standard,8.78,2023-07-04,ORD101992,CUST3402,UT,West,Retail,12,100.09,5.27,45.53
RD002,Pirate Rubber Duck,Themed,Pink,Large,20.51,2024-06-14,ORD101993,CUST2526,NJ,Mid-Atlantic,Marketplace,8,164.08,0.0,63.87
RD005,Glow Rubber Duck,Specialty,Yellow,Large,19.01,2024-08-12,ORD101994,CUST4221,NJ,Mid-Atlantic,Marketplace,25,427.72,47.53,181.06
RD003,Princess Rubber Duck,Themed,Yellow,Standard,17.82,2025-05-10,ORD101995,CUST4414,MO,Midwest,Wholesale,25,400.95,44.55,147.39
RD005,Glow Rubber Duck,Specialty,Pink,Standard,24.46,2025-08-27,ORD101996,CUST2639,MD,Mid-Atlantic,Marketplace,18,374.24,66.04,87.08
RD001,Classic Rubber Duck,Classic,Yellow,Mini,17.0,2024-01-10,ORD101997,CUST5702,MA,Northeast,Retail,37,597.55,31.45,287.38
RD008,Holiday Rubber Duck,Seasonal,Pink,Standard,20.19,2024-07-04,ORD101998,CUST6492,GA,South,Retail,5,85.81,15.14,36.14
RD007,Jumbo Rubber Duck,Large,Orange,Standard,13.41,2024-08-23,ORD101999,CUST4692,AZ,West,Marketplace,49,657.09,0.0,334.21
RD003,Princess Rubber Duck,Themed,Green,Large,15.91,2025-11-22,ORD102000,CUST5361,ND,Midwest,Online,18,243.42,42.96,102.17
RD001,Classic Rubber Duck,Classic,Green,Large,11.11,2024-10-02,ORD102001,CUST5389,RI,Northeast,Retail,33,329.97,36.66,107.63
RD002,Pirate Rubber Duck,Themed,Orange,Mini,9.84,2023-03-08,ORD102002,CUST8814,KS,Midwest,Online,21,206.64,0.0,70.5
RD005,Glow Rubber Duck,Specialty,Blue,Standard,10.39,2024-08-24,ORD102003,CUST9277,OH,Midwest,Wholesale,42,370.92,65.46,94.14
RD005,Glow Rubber Duck,Specialty,Purple,Standard,5.07,2025-07-13,ORD102004,CUST7809,DE,Mid-Atlantic,Wholesale,47,202.55,35.74,90.41
RD007,Jumbo Rubber Duck,Large,Pink,Large,18.26,2023-05-18,ORD102005,CUST5864,IN,Midwest,Online,25,433.67,22.83,182.12
RD006,Mini Rubber Duck,Mini,Purple,Mini,16.78,2025-08-31,ORD102006,CUST2802,AK,West,Online,3,50.34,0.0,25.81
RD005,Glow Rubber Duck,Specialty,Pink,Standard,18.64,2024-04-28,ORD102007,CUST8018,VA,South,Online,42,665.45,117.43,309.15
RD006,Mini Rubber Duck,Mini,Blue,Mini,18.81,2025-11-08,ORD102008,CUST1443,NH,Northeast,Marketplace,29,490.94,54.55,120.71
RD008,Holiday Rubber Duck,Seasonal,Orange,Mini,8.42,2023-09-04,ORD102009,CUST3998,NE,Midwest,Retail,26,186.08,32.84,49.21
RD007,Jumbo Rubber Duck,Large,Orange,Standard,23.13,2023-02-03,ORD102010,CUST9324,MO,Midwest,Marketplace,42,874.31,97.15,248.67
RD006,Mini Rubber Duck,Mini,Orange,Standard,19.95,2024-02-25,ORD102011,CUST4348,MD,Mid-Atlantic,Wholesale,44,877.8,0.0,397.82
RD003,Princess Rubber Duck,Themed,Purple,Standard,16.97,2023-02-19,ORD102012,CUST6286,AK,West,Online,33,476.01,84.0,85.77
RD005,Glow Rubber Duck,Specialty,Purple,Mini,6.91,2025-05-15,ORD102013,CUST9930,WA,West,Marketplace,8,46.99,8.29,21.3
RD008,Holiday Rubber Duck,Seasonal,Blue,Large,12.2,2025-04-03,ORD102014,CUST1242,MA,Northeast,Marketplace,12,146.4,0.0,52.61
RD004,Superhero Rubber Duck,Themed,Green,Mini,7.71,2023-11-24,ORD102015,CUST3521,WY,West,Marketplace,33,254.43,0.0,97.13
RD006,Mini Rubber Duck,Mini,Orange,Standard,13.73,2024-09-22,ORD102016,CUST3811,NJ,Mid-Atlantic,Marketplace,30,411.9,0.0,171.57
RD005,Glow Rubber Duck,Specialty,Purple,Mini,8.32,2023-06-28,ORD102017,CUST6354,NY,Mid-Atlantic,Wholesale,45,355.68,18.72,96.18
RD001,Classic Rubber Duck,Classic,Orange,Mini,11.52,2025-02-18,ORD102018,CUST2040,VT,Northeast,Wholesale,37,362.3,63.94,122.58
RD008,Holiday Rubber Duck,Seasonal,Blue,Large,11.72,2024-07-10,ORD102019,CUST9398,NY,Mid-Atlantic,Wholesale,39,434.23,22.85,119.01
RD004,Superhero Rubber Duck,Themed,Green,Standard,7.07,2023-08-17,ORD102020,CUST9224,CT,Northeast,Online,45,318.15,0.0,137.93
RD007,Jumbo Rubber Duck,Large,Orange,Mini,9.68,2025-12-16,ORD102021,CUST2686,NE,Midwest,Marketplace,15,145.2,0.0,67.38
RD005,Glow Rubber Duck,Specialty,Green,Mini,17.81,2024-02-14,ORD102022,CUST2874,AK,West,Marketplace,42,748.02,0.0,349.97
RD001,Classic Rubber Duck,Classic,Blue,Mini,12.65,2023-04-09,ORD102023,CUST9407,WA,West,Online,20,253.0,0.0,110.92
RD002,Pirate Rubber Duck,Themed,Orange,Mini,12.43,2025-04-29,ORD102024,CUST5849,IN,Midwest,Wholesale,34,401.49,21.13,147.85
RD006,Mini Rubber Duck,Mini,Orange,Mini,21.85,2024-11-25,ORD102025,CUST8650,CT,Northeast,Wholesale,30,622.73,32.77,243.14
RD002,Pirate Rubber Duck,Themed,Yellow,Mini,15.33,2025-02-27,ORD102026,CUST8737,MA,Northeast,Marketplace,28,429.24,0.0,158.9
RD007,Jumbo Rubber Duck,Large,Orange,Mini,15.7,2024-05-06,ORD102027,CUST8475,NY,Mid-Atlantic,Online,34,507.11,26.69,154.71
RD003,Princess Rubber Duck,Themed,Orange,Standard,18.11,2024-10-29,ORD102028,CUST4012,IL,Midwest,Wholesale,17,277.08,30.79,117.81
RD006,Mini Rubber Duck,Mini,Purple,Large,21.24,2023-01-23,ORD102029,CUST5837,NM,West,Retail,32,679.68,0.0,360.02
RD005,Glow Rubber Duck,Specialty,Blue,Mini,22.41,2023-07-04,ORD102030,CUST8512,DC,Mid-Atlantic,Wholesale,14,266.68,47.06,78.7
RD004,Superhero Rubber Duck,Themed,Blue,Large,15.57,2023-05-01,ORD102031,CUST7172,NH,Northeast,Marketplace,18,238.22,42.04,83.72
RD001,Classic Rubber Duck,Classic,Yellow,Standard,9.08,2024-09-23,ORD102032,CUST6814,PA,Mid-Atlantic,Retail,21,181.15,9.53,55.09
RD007,Jumbo Rubber Duck,Large,Purple,Mini,19.82,2024-07-24,ORD102033,CUST4982,TN,South,Marketplace,45,758.12,133.78,180.67
RD005,Glow Rubber Duck,Specialty,Orange,Standard,7.07,2024-05-24,ORD102034,CUST5529,MT,West,Marketplace,23,138.22,24.39,24.47
RD007,Jumbo Rubber Duck,Large,Green,Large,24.17,2025-04-05,ORD102035,CUST9666,NJ,Mid-Atlantic,Marketplace,15,308.17,54.38,141.54
RD005,Glow Rubber Duck,Specialty,Purple,Mini,6.71,2025-09-19,ORD102036,CUST3210,OR,West,Online,38,229.48,25.5,78.6
RD005,Glow Rubber Duck,Specialty,Yellow,Standard,15.0,2023-09-21,ORD102037,CUST7831,MD,Mid-Atlantic,Marketplace,12,171.0,9.0,46.74
RD002,Pirate Rubber Duck,Themed,Orange,Large,16.24,2025-02-11,ORD102038,CUST3528,SD,Midwest,Retail,12,185.14,9.74,53.96
RD004,Superhero Rubber Duck,Themed,Purple,Standard,15.6,2025-08-08,ORD102039,CUST8388,OK,South,Retail,31,411.06,72.54,126.22
RD006,Mini Rubber Duck,Mini,Orange,Standard,10.31,2023-04-11,ORD102040,CUST5047,OH,Midwest,Online,16,148.46,16.5,52.57
RD006,Mini Rubber Duck,Mini,Green,Mini,15.08,2023-09-16,ORD102041,CUST1480,MD,Mid-Atlantic,Online,13,196.04,0.0,100.24
RD002,Pirate Rubber Duck,Themed,Orange,Large,5.03,2023-10-28,ORD102042,CUST2103,GA,South,Wholesale,43,183.85,32.44,36.23
RD004,Superhero Rubber Duck,Themed,Yellow,Mini,19.34,2023-08-31,ORD102043,CUST9463,VT,Northeast,Marketplace,37,715.58,0.0,354.62
RD006,Mini Rubber Duck,Mini,Purple,Standard,21.71,2025-06-09,ORD102044,CUST7287,DC,Mid-Atlantic,Wholesale,31,639.36,33.65,330.92
RD003,Princess Rubber Duck,Themed,Blue,Standard,23.07,2024-01-10,ORD102045,CUST4803,PA,Mid-Atlantic,Online,22,482.16,25.38,246.71
RD008,Holiday Rubber Duck,Seasonal,Blue,Large,16.77,2025-03-31,ORD102046,CUST9932,IA,Midwest,Online,7,105.65,11.74,36.43
RD006,Mini Rubber Duck,Mini,Blue,Large,6.76,2025-01-16,ORD102047,CUST1045,ND,Midwest,Marketplace,1,6.76,0.0,2.92
RD007,Jumbo Rubber Duck,Large,Purple,Large,23.66,2023-11-10,ORD102048,CUST5757,MI,Midwest,Online,28,596.23,66.25,136.11
RD005,Glow Rubber Duck,Specialty,Purple,Mini,14.3,2023-05-29,ORD102049,CUST8899,PA,Mid-Atlantic,Wholesale,8,108.68,5.72,48.11
RD007,Jumbo Rubber Duck,Large,Yellow,Standard,5.08,2023-12-14,ORD102050,CUST6728,ME,Northeast,Online,32,138.18,24.38,57.04
RD004,Superhero Rubber Duck,Themed,Purple,Standard,19.9,2023-10-28,ORD102051,CUST2162,MI,Midwest,Retail,49,926.35,48.75,252.07
RD008,Holiday Rubber Duck,Seasonal,Pink,Standard,13.64,2024-08-24,ORD102052,CUST8349,NJ,Mid-Atlantic,Wholesale,13,159.59,17.73,47.36
RD001,Classic Rubber Duck,Classic,Pink,Mini,13.05,2024-04-06,ORD102053,CUST1084,MS,South,Marketplace,29,321.68,56.77,69.44
RD007,Jumbo Rubber Duck,Large,Purple,Large,20.32,2023-03-11,ORD102054,CUST6853,WV,South,Online,39,792.48,0.0,280.06
RD008,Holiday Rubber Duck,Seasonal,Green,Mini,7.49,2024-12-21,ORD102055,CUST5190,DC,Mid-Atlantic,Online,35,235.93,26.22,112.82
RD002,Pirate Rubber Duck,Themed,Purple,Large,11.42,2023-06-11,ORD102056,CUST2563,HI,West,Wholesale,1,10.28,1.14,4.15
RD008,Holiday Rubber Duck,Seasonal,Orange,Large,19.07,2024-05-24,ORD102057,CUST2916,GA,South,Marketplace,40,648.38,114.42,177.53
RD001,Classic Rubber Duck,Classic,Purple,Standard,4.05,2023-01-26,ORD102058,CUST6225,MO,Midwest,Wholesale,19,76.95,0.0,31.01
RD002,Pirate Rubber Duck,Themed,Blue,Mini,24.67,2023-11-03,ORD102059,CUST9841,AZ,West,Online,49,1148.39,60.44,421.82
RD004,Superhero Rubber Duck,Themed,Orange,Large,12.26,2025-01-31,ORD102060,CUST7542,CO,West,Wholesale,11,134.86,0.0,66.13
RD001,Classic Rubber Duck,Classic,Yellow,Standard,15.34,2024-11-23,ORD102061,CUST5628,ND,Midwest,Marketplace,10,130.39,23.01,49.02
RD004,Superhero Rubber Duck,Themed,Blue,Large,8.96,2023-04-24,ORD102062,CUST8674,DC,Mid-Atlantic,Wholesale,47,357.95,63.17,154.53
RD005,Glow Rubber Duck,Specialty,Purple,Large,23.06,2025-11-01,ORD102063,CUST8912,RI,Northeast,Online,4,78.4,13.84,25.65
RD003,Princess Rubber Duck,Themed,Blue,Mini,19.02,2024-07-31,ORD102064,CUST2505,CT,Northeast,Retail,39,741.78,0.0,307.68
RD003,Princess Rubber Duck,Themed,Pink,Mini,6.1,2023-04-07,ORD102065,CUST7542,IA,Midwest,Retail,22,120.78,13.42,41.82
RD003,Princess Rubber Duck,Themed,Purple,Large,16.46,2025-07-20,ORD102066,CUST3603,ME,Northeast,Retail,26,427.96,0.0,203.79
RD001,Classic Rubber Duck,Classic,Pink,Large,16.6,2024-07-12,ORD102067,CUST5563,SC,South,Wholesale,31,514.6,0.0,221.79
RD008,Holiday Rubber Duck,Seasonal,Yellow,Standard,18.25,2024-02-07,ORD102068,CUST2040,RI,Northeast,Wholesale,44,762.85,40.15,217.1
RD007,Jumbo Rubber Duck,Large,Green,Standard,16.01,2025-05-12,ORD102069,CUST7687,RI,Northeast,Retail,47,714.85,37.62,267.77
RD007,Jumbo Rubber Duck,Large,Blue,Mini,10.85,2025-01-14,ORD102070,CUST3258,NJ,Mid-Atlantic,Marketplace,49,451.9,79.75,90.0
RD002,Pirate Rubber Duck,Themed,Yellow,Mini,4.34,2025-07-07,ORD102071,CUST7361,AZ,West,Marketplace,24,88.54,15.62,20.5
RD001,Classic Rubber Duck,Classic,Green,Mini,5.08,2024-05-03,ORD102072,CUST7077,TX,South,Online,16,81.28,0.0,36.65
RD003,Princess Rubber Duck,Themed,Orange,Large,5.83,2023-01-17,ORD102073,CUST2977,NM,West,Online,41,203.18,35.85,79.72
RD004,Superhero Rubber Duck,Themed,Purple,Mini,16.43,2024-04-30,ORD102074,CUST3345,CA,West,Wholesale,11,180.73,0.0,63.01
RD003,Princess Rubber Duck,Themed,Pink,Large,9.5,2025-07-31,ORD102075,CUST8659,RI,Northeast,Wholesale,11,99.27,5.23,32.2
RD004,Superhero Rubber Duck,Themed,Green,Mini,17.62,2025-12-28,ORD102076,CUST3179,RI,Northeast,Marketplace,12,179.72,31.72,82.37
RD006,Mini Rubber Duck,Mini,Yellow,Standard,17.88,2023-10-08,ORD102077,CUST5683,WI,Midwest,Wholesale,17,273.56,30.4,62.2
RD005,Glow Rubber Duck,Specialty,Purple,Large,14.78,2023-09-05,ORD102078,CUST7378,SC,South,Wholesale,8,118.24,0.0,46.39
RD006,Mini Rubber Duck,Mini,Blue,Mini,9.94,2025-04-11,ORD102079,CUST7078,NV,West,Retail,19,169.97,18.89,66.18
RD002,Pirate Rubber Duck,Themed,Green,Mini,14.39,2024-04-25,ORD102080,CUST7881,SD,Midwest,Retail,21,256.86,45.33,92.18
RD005,Glow Rubber Duck,Specialty,Green,Standard,4.63,2023-11-12,ORD102081,CUST1262,CO,West,Retail,1,4.17,0.46,1.57
RD004,Superhero Rubber Duck,Themed,Blue,Large,24.87,2025-02-05,ORD102082,CUST1071,OK,South,Online,24,537.19,59.69,264.54
RD008,Holiday Rubber Duck,Seasonal,Pink,Standard,19.23,2023-07-12,ORD102083,CUST1884,DC,Mid-Atlantic,Wholesale,6,98.07,17.31,31.81
RD008,Holiday Rubber Duck,Seasonal,Blue,Large,11.83,2024-03-04,ORD102084,CUST6347,CA,West,Wholesale,12,127.76,14.2,53.15
RD008,Holiday Rubber Duck,Seasonal,Blue,Mini,5.18,2025-01-18,ORD102085,CUST6240,AZ,West,Marketplace,25,116.55,12.95,34.58
RD001,Classic Rubber Duck,Classic,Purple,Large,13.65,2025-12-10,ORD102086,CUST9708,LA,South,Marketplace,37,505.05,0.0,182.01
RD007,Jumbo Rubber Duck,Large,Yellow,Large,19.08,2025-03-06,ORD102087,CUST4851,TX,South,Retail,38,688.79,36.25,284.64
RD006,Mini Rubber Duck,Mini,Pink,Large,9.53,2023-01-15,ORD102088,CUST8679,ID,West,Online,43,348.32,61.47,123.35
RD003,Princess Rubber Duck,Themed,Yellow,Large,18.57,2024-05-15,ORD102089,CUST2642,DC,Mid-Atlantic,Retail,31,575.67,0.0,238.61
RD003,Princess Rubber Duck,Themed,Purple,Large,11.55,2023-10-22,ORD102090,CUST8848,RI,Northeast,Retail,32,351.12,18.48,164.75
RD003,Princess Rubber Duck,Themed,Orange,Mini,24.95,2024-01-17,ORD102091,CUST6278,MD,Mid-Atlantic,Retail,26,583.83,64.87,249.9
RD003,Princess Rubber Duck,Themed,Green,Mini,11.89,2025-06-18,ORD102092,CUST3612,MO,Midwest,Retail,38,429.23,22.59,196.74
RD006,Mini Rubber Duck,Mini,Pink,Large,6.86,2023-07-12,ORD102093,CUST1002,NY,Mid-Atlantic,Online,44,286.75,15.09,149.29
RD007,Jumbo Rubber Duck,Large,Pink,Standard,8.78,2024-03-11,ORD102094,CUST2156,NV,West,Retail,12,94.82,10.54,39.68
RD001,Classic Rubber Duck,Classic,Blue,Standard,21.21,2024-12-01,ORD102095,CUST1943,MN,Midwest,Marketplace,6,114.53,12.73,30.45
RD006,Mini Rubber Duck,Mini,Yellow,Mini,18.47,2024-03-28,ORD102096,CUST1061,SD,Midwest,Marketplace,40,738.8,0.0,369.08
RD005,Glow Rubber Duck,Specialty,Blue,Standard,18.13,2023-11-05,ORD102097,CUST8362,NJ,Mid-Atlantic,Marketplace,12,184.93,32.63,33.02
RD008,Holiday Rubber Duck,Seasonal,Pink,Large,23.71,2025-04-02,ORD102098,CUST8833,NJ,Mid-Atlantic,Online,27,640.17,0.0,199.26
RD008,Holiday Rubber Duck,Seasonal,Pink,Large,15.72,2023-03-12,ORD102099,CUST6131,NH,Northeast,Retail,4,59.74,3.14,25.49
RD005,Glow Rubber Duck,Specialty,Purple,Mini,10.03,2024-09-01,ORD102100,CUST3167,DC,Mid-Atlantic,Marketplace,47,471.41,0.0,183.81
RD005,Glow Rubber Duck,Specialty,Orange,Mini,17.6,2025-01-21,ORD102101,CUST8012,CT,Northeast,Marketplace,28,418.88,73.92,100.84
RD007,Jumbo Rubber Duck,Large,Yellow,Mini,15.94,2023-01-29,ORD102102,CUST7632,PA,Mid-Atlantic,Retail,1,13.55,2.39,3.07
RD006,Mini Rubber Duck,Mini,Pink,Standard,23.85,2025-07-06,ORD102103,CUST8957,WI,Midwest,Retail,47,1120.95,0.0,537.29
RD002,Pirate Rubber Duck,Themed,Orange,Mini,24.59,2024-07-22,ORD102104,CUST5221,NV,West,Marketplace,45,940.57,165.98,235.54
RD001,Classic Rubber Duck,Classic,Orange,Large,17.01,2024-07-31,ORD102105,CUST4400,AK,West,Retail,21,321.49,35.72,159.48
RD007,Jumbo Rubber Duck,Large,Green,Mini,8.54,2024-06-10,ORD102106,CUST3142,WI,Midwest,Online,9,73.02,3.84,19.69
RD003,Princess Rubber Duck,Themed,Pink,Large,18.77,2023-08-02,ORD102107,CUST5723,WY,West,Wholesale,35,656.95,0.0,252.84
RD004,Superhero Rubber Duck,Themed,Purple,Large,4.08,2025-06-13,ORD102108,CUST3676,VA,South,Retail,5,19.38,1.02,6.71
RD004,Superhero Rubber Duck,Themed,Pink,Standard,18.76,2023-11-27,ORD102109,CUST8554,MT,West,Marketplace,20,318.92,56.28,121.92
RD002,Pirate Rubber Duck,Themed,Purple,Large,14.51,2025-12-12,ORD102110,CUST8914,HI,West,Online,10,137.85,7.25,65.12
RD006,Mini Rubber Duck,Mini,Purple,Mini,5.41,2023-06-07,ORD102111,CUST5184,AZ,West,Wholesale,34,183.94,0.0,83.49
RD007,Jumbo Rubber Duck,Large,Orange,Standard,19.69,2024-10-26,ORD102112,CUST8271,MS,South,Wholesale,37,655.68,72.85,256.55
RD007,Jumbo Rubber Duck,Large,Yellow,Mini,15.36,2025-03-19,ORD102113,CUST9896,DC,Mid-Atlantic,Online,1,13.06,2.3,5.56
RD003,Princess Rubber Duck,Themed,Pink,Standard,12.06,2024-10-22,ORD102114,CUST8366,MI,Midwest,Marketplace,9,108.54,0.0,57.01
RD005,Glow Rubber Duck,Specialty,Green,Standard,17.97,2025-01-04,ORD102115,CUST2636,MS,South,Retail,34,519.33,91.65,195.13
RD005,Glow Rubber Duck,Specialty,Pink,Large,9.76,2025-07-03,ORD102116,CUST7798,IA,Midwest,Retail,1,9.76,0.0,4.43
RD005,Glow Rubber Duck,Specialty,Blue,Mini,5.49,2023-08-07,ORD102117,CUST5205,VT,Northeast,Wholesale,25,123.52,13.73,53.0
RD005,Glow Rubber Duck,Specialty,Blue,Large,16.35,2024-02-18,ORD102118,CUST7660,RI,Northeast,Marketplace,31,456.16,50.69,227.45
RD001,Classic Rubber Duck,Classic,Green,Mini,8.89,2023-05-11,ORD102119,CUST5016,HI,West,Marketplace,21,158.69,28.0,34.2
RD004,Superhero Rubber Duck,Themed,Purple,Standard,10.25,2025-11-15,ORD102120,CUST1995,RI,Northeast,Retail,18,175.28,9.22,49.99
RD001,Classic Rubber Duck,Classic,Purple,Mini,5.01,2024-07-23,ORD102121,CUST4483,LA,South,Wholesale,40,190.38,10.02,98.68
RD001,Classic Rubber Duck,Classic,Blue,Standard,13.09,2025-09-24,ORD102122,CUST6515,HI,West,Retail,5,55.63,9.82,16.42
RD005,Glow Rubber Duck,Specialty,Pink,Mini,11.6,2024-09-03,ORD102123,CUST8602,NH,Northeast,Retail,40,417.6,46.4,147.71
RD006,Mini Rubber Duck,Mini,Purple,Large,14.33,2025-10-17,ORD102124,CUST4649,KS,Midwest,Wholesale,33,472.89,0.0,192.34
RD001,Classic Rubber Duck,Classic,Yellow,Mini,21.39,2025-06-04,ORD102125,CUST5111,KY,South,Wholesale,49,1048.11,0.0,539.68
RD003,Princess Rubber Duck,Themed,Orange,Mini,24.35,2024-07-28,ORD102126,CUST8678,NH,Northeast,Retail,23,532.05,28.0,233.53
RD005,Glow Rubber Duck,Specialty,Pink,Large,8.76,2025-08-22,ORD102127,CUST8156,NY,Mid-Atlantic,Marketplace,37,275.5,48.62,75.76
RD006,Mini Rubber Duck,Mini,Purple,Standard,24.06,2025-05-21,ORD102128,CUST9563,UT,West,Retail,8,173.23,19.25,83.4
RD004,Superhero Rubber Duck,Themed,Purple,Large,14.95,2024-10-17,ORD102129,CUST7495,RI,Northeast,Wholesale,47,667.52,35.13,203.93
RD002,Pirate Rubber Duck,Themed,Yellow,Large,7.33,2025-05-29,ORD102130,CUST6907,CO,West,Marketplace,42,292.47,15.39,140.98
RD005,Glow Rubber Duck,Specialty,Yellow,Standard,12.81,2024-03-05,ORD102131,CUST4153,DE,Mid-Atlantic,Online,31,357.4,39.71,86.56
RD007,Jumbo Rubber Duck,Large,Yellow,Standard,21.7,2025-12-20,ORD102132,CUST9861,IN,Midwest,Retail,14,303.8,0.0,138.87
RD005,Glow Rubber Duck,Specialty,Green,Mini,21.28,2023-02-17,ORD102133,CUST4859,DE,Mid-Atlantic,Retail,22,421.34,46.82,162.18
RD008,Holiday Rubber Duck,Seasonal,Blue,Mini,17.72,2023-02-25,ORD102134,CUST4735,NJ,Mid-Atlantic,Marketplace,8,120.5,21.26,34.57
RD001,Classic Rubber Duck,Classic,Purple,Large,21.05,2024-07-12,ORD102135,CUST8340,CT,Northeast,Online,49,876.73,154.72,331.0
RD005,Glow Rubber Duck,Specialty,Green,Standard,16.19,2025-06-30,ORD102136,CUST6143,MO,Midwest,Wholesale,46,670.27,74.47,321.99
RD004,Superhero Rubber Duck,Themed,Green,Large,5.62,2024-03-06,ORD102137,CUST2086,MT,West,Wholesale,35,196.7,0.0,66.73
RD002,Pirate Rubber Duck,Themed,Blue,Standard,16.64,2025-03-10,ORD102138,CUST4442,MS,South,Wholesale,36,539.14,59.9,214.22
RD008,Holiday Rubber Duck,Seasonal,Yellow,Mini,15.02,2025-03-27,ORD102139,CUST4896,IL,Midwest,Marketplace,10,150.2,0.0,56.88
RD002,Pirate Rubber Duck,Themed,Purple,Mini,23.64,2024-11-14,ORD102140,CUST9965,NY,Mid-Atlantic,Online,43,1016.52,0.0,398.47
RD003,Princess Rubber Duck,Themed,Orange,Mini,20.56,2023-07-21,ORD102141,CUST1435,NM,West,Marketplace,34,594.18,104.86,131.53
RD001,Classic Rubber Duck,Classic,Green,Large,19.01,2023-04-07,ORD102142,CUST3161,IA,Midwest,Retail,39,741.39,0.0,245.94
RD008,Holiday Rubber Duck,Seasonal,Purple,Standard,15.64,2025-11-13,ORD102143,CUST5977,MD,Mid-Atlantic,Marketplace,25,371.45,19.55,173.61
RD001,Classic Rubber Duck,Classic,Orange,Standard,10.63,2025-11-12,ORD102144,CUST9496,DC,Mid-Atlantic,Retail,27,243.96,43.05,91.28
RD004,Superhero Rubber Duck,Themed,Blue,Large,18.49,2023-07-27,ORD102145,CUST4572,FL,South,Online,1,15.72,2.77,5.36
RD006,Mini Rubber Duck,Mini,Pink,Mini,17.26,2023-03-09,ORD102146,CUST2533,FL,South,Marketplace,44,683.5,75.94,258.22
RD004,Superhero Rubber Duck,Themed,Orange,Large,18.92,2025-01-22,ORD102147,CUST4428,AZ,West,Online,18,306.5,34.06,149.44
RD002,Pirate Rubber Duck,Themed,Blue,Mini,10.47,2023-07-29,ORD102148,CUST6287,WV,South,Online,31,324.57,0.0,125.66
RD004,Superhero Rubber Duck,Themed,Orange,Large,24.79,2025-03-16,ORD102149,CUST2223,ND,Midwest,Online,8,178.49,19.83,58.12
RD008,Holiday Rubber Duck,Seasonal,Purple,Standard,13.36,2024-09-11,ORD102150,CUST6851,SD,Midwest,Marketplace,4,50.77,2.67,23.62
RD005,Glow Rubber Duck,Specialty,Green,Large,24.49,2024-04-19,ORD102151,CUST8000,AL,South,Wholesale,37,815.52,90.61,402.16
RD001,Classic Rubber Duck,Classic,Orange,Large,8.57,2025-10-18,ORD102152,CUST4412,MA,Northeast,Online,9,69.42,7.71,25.46
RD006,Mini Rubber Duck,Mini,Purple,Standard,11.68,2023-10-29,ORD102153,CUST4826,ID,West,Online,46,510.42,26.86,187.86
RD007,Jumbo Rubber Duck,Large,Pink,Large,19.59,2023-07-01,ORD102154,CUST7034,HI,West,Wholesale,46,901.14,0.0,464.83
RD003,Princess Rubber Duck,Themed,Yellow,Large,7.67,2025-02-02,ORD102155,CUST6684,NJ,Mid-Atlantic,Wholesale,6,39.12,6.9,8.58
RD004,Superhero Rubber Duck,Themed,Pink,Standard,20.73,2024-09-06,ORD102156,CUST8715,CO,West,Wholesale,2,35.24,6.22,7.15
RD007,Jumbo Rubber Duck,Large,Purple,Standard,6.56,2023-06-18,ORD102157,CUST5386,DC,Mid-Atlantic,Online,48,283.39,31.49,98.81
RD007,Jumbo Rubber Duck,Large,Orange,Large,4.05,2023-06-07,ORD102158,CUST2540,MA,Northeast,Marketplace,1,3.85,0.2,1.12
RD002,Pirate Rubber Duck,Themed,Green,Large,8.78,2025-09-09,ORD102159,CUST1959,WV,South,Wholesale,49,387.2,43.02,103.49
RD004,Superhero Rubber Duck,Themed,Orange,Standard,10.03,2023-09-14,ORD102160,CUST5728,MO,Midwest,Retail,48,457.37,24.07,169.53
RD004,Superhero Rubber Duck,Themed,Orange,Large,12.91,2023-03-02,ORD102161,CUST7299,NH,Northeast,Retail,41,476.38,52.93,109.93
RD002,Pirate Rubber Duck,Themed,Green,Standard,12.72,2025-02-12,ORD102162,CUST8135,NV,West,Online,29,313.55,55.33,136.2
RD001,Classic Rubber Duck,Classic,Blue,Mini,19.67,2023-03-07,ORD102163,CUST3189,PA,Mid-Atlantic,Retail,16,283.25,31.47,127.94
RD005,Glow Rubber Duck,Specialty,Orange,Mini,15.42,2025-05-17,ORD102164,CUST7897,WY,West,Marketplace,5,73.25,3.85,24.58
RD006,Mini Rubber Duck,Mini,Blue,Large,4.33,2024-11-01,ORD102165,CUST5987,AK,West,Wholesale,31,114.1,20.13,33.08
RD007,Jumbo Rubber Duck,Large,Yellow,Standard,10.16,2024-12-18,ORD102166,CUST5981,VT,Northeast,Marketplace,40,386.08,20.32,181.73
RD006,Mini Rubber Duck,Mini,Blue,Standard,6.93,2025-02-24,ORD102167,CUST3101,WI,Midwest,Marketplace,25,173.25,0.0,90.52
RD004,Superhero Rubber Duck,Themed,Orange,Large,16.27,2025-02-20,ORD102168,CUST6486,RI,Northeast,Wholesale,49,717.51,79.72,212.25
RD003,Princess Rubber Duck,Themed,Orange,Mini,18.38,2024-09-03,ORD102169,CUST1431,DE,Mid-Atlantic,Retail,25,413.55,45.95,113.51
RD006,Mini Rubber Duck,Mini,Pink,Standard,19.59,2024-03-02,ORD102170,CUST5191,NH,Northeast,Marketplace,22,387.88,43.1,187.09
RD008,Holiday Rubber Duck,Seasonal,Green,Mini,15.19,2024-09-07,ORD102171,CUST4824,NJ,Mid-Atlantic,Online,35,505.07,26.58,189.71
RD005,Glow Rubber Duck,Specialty,Pink,Large,11.93,2025-09-14,ORD102172,CUST4243,GA,South,Retail,48,572.64,0.0,261.44
RD006,Mini Rubber Duck,Mini,Orange,Standard,9.47,2025-08-13,ORD102173,CUST4500,ME,Northeast,Online,38,305.88,53.98,96.62
RD003,Princess Rubber Duck,Themed,Purple,Standard,4.28,2025-10-11,ORD102174,CUST7961,VT,Northeast,Online,21,80.89,8.99,34.96
RD004,Superhero Rubber Duck,Themed,Blue,Mini,15.09,2025-09-10,ORD102175,CUST6112,CT,Northeast,Retail,24,362.16,0.0,193.78
RD002,Pirate Rubber Duck,Themed,Green,Mini,23.69,2025-12-31,ORD102176,CUST2702,WV,South,Online,17,382.59,20.14,157.75
RD008,Holiday Rubber Duck,Seasonal,Purple,Large,15.51,2025-04-10,ORD102177,CUST6244,OR,West,Marketplace,7,108.57,0.0,43.02
RD005,Glow Rubber Duck,Specialty,Blue,Standard,19.97,2023-01-05,ORD102178,CUST4242,PA,Mid-Atlantic,Retail,4,67.9,11.98,19.13
RD002,Pirate Rubber Duck,Themed,Yellow,Mini,7.75,2023-03-10,ORD102179,CUST4198,GA,South,Online,48,353.4,18.6,184.86
RD003,Princess Rubber Duck,Themed,Purple,Standard,22.35,2023-02-08,ORD102180,CUST3262,CO,West,Retail,42,844.83,93.87,208.87
RD005,Glow Rubber Duck,Specialty,Yellow,Mini,10.06,2025-09-10,ORD102181,CUST6161,ME,Northeast,Online,10,100.6,0.0,45.18
RD005,Glow Rubber Duck,Specialty,Green,Mini,16.36,2025-04-02,ORD102182,CUST4371,LA,South,Retail,10,163.6,0.0,86.08
RD003,Princess Rubber Duck,Themed,Blue,Large,9.83,2023-09-25,ORD102183,CUST3885,NJ,Mid-Atlantic,Online,3,26.54,2.95,11.56
RD006,Mini Rubber Duck,Mini,Blue,Standard,17.75,2023-08-22,ORD102184,CUST9752,IN,Midwest,Wholesale,7,124.25,0.0,41.92
RD004,Superhero Rubber Duck,Themed,Green,Mini,6.11,2025-11-24,ORD102185,CUST4517,MD,Mid-Atlantic,Retail,15,87.07,4.58,37.5
RD004,Superhero Rubber Duck,Themed,Pink,Mini,11.04,2024-03-19,ORD102186,CUST9201,AZ,West,Marketplace,27,268.27,29.81,109.3
RD005,Glow Rubber Duck,Specialty,Green,Standard,13.29,2025-11-14,ORD102187,CUST4167,KY,South,Wholesale,1,12.63,0.66,5.77
RD003,Princess Rubber Duck,Themed,Purple,Large,21.01,2025-07-18,ORD102188,CUST8758,CT,Northeast,Retail,23,459.07,24.16,188.79
RD005,Glow Rubber Duck,Specialty,Pink,Standard,17.37,2024-04-20,ORD102189,CUST2509,MT,West,Wholesale,24,396.04,20.84,143.64
RD003,Princess Rubber Duck,Themed,Blue,Standard,11.78,2025-03-09,ORD102190,CUST5035,IA,Midwest,Online,22,259.16,0.0,125.21
RD007,Jumbo Rubber Duck,Large,Orange,Large,6.2,2025-04-08,ORD102191,CUST7076,WI,Midwest,Retail,31,172.98,19.22,75.96
RD005,Glow Rubber Duck,Specialty,Pink,Mini,23.39,2024-04-22,ORD102192,CUST7680,WI,Midwest,Retail,26,516.92,91.22,133.84
RD006,Mini Rubber Duck,Mini,Pink,Mini,10.07,2023-11-05,ORD102193,CUST6550,NJ,Mid-Atlantic,Marketplace,46,393.74,69.48,128.1
RD002,Pirate Rubber Duck,Themed,Pink,Standard,13.6,2024-04-04,ORD102194,CUST4481,DC,Mid-Atlantic,Wholesale,42,485.52,85.68,92.69
RD007,Jumbo Rubber Duck,Large,Green,Mini,14.49,2023-02-23,ORD102195,CUST7443,UT,West,Retail,28,385.43,20.29,135.02
RD005,Glow Rubber Duck,Specialty,Blue,Large,16.38,2024-12-26,ORD102196,CUST9193,ID,West,Online,16,262.08,0.0,116.93
RD002,Pirate Rubber Duck,Themed,Yellow,Standard,17.76,2024-05-16,ORD102197,CUST4411,ND,Midwest,Marketplace,45,679.32,119.88,302.02
RD003,Princess Rubber Duck,Themed,Orange,Large,13.89,2024-07-14,ORD102198,CUST7940,OH,Midwest,Marketplace,11,152.79,0.0,48.01
RD001,Classic Rubber Duck,Classic,Pink,Standard,12.11,2023-09-08,ORD102199,CUST4218,WA,West,Wholesale,18,207.08,10.9,102.57
RD008,Holiday Rubber Duck,Seasonal,Green,Large,10.78,2023-12-03,ORD102200,CUST5858,IN,Midwest,Wholesale,18,184.34,9.7,60.7
RD007,Jumbo Rubber Duck,Large,Yellow,Mini,16.54,2024-09-07,ORD102201,CUST7478,NJ,Mid-Atlantic,Wholesale,30,471.39,24.81,155.3
RD002,Pirate Rubber Duck,Themed,Yellow,Large,17.47,2025-07-31,ORD102202,CUST7717,NH,Northeast,Marketplace,45,668.23,117.92,173.23
RD001,Classic Rubber Duck,Classic,Yellow,Mini,22.66,2023-08-16,ORD102203,CUST7383,NE,Midwest,Online,15,322.9,17.0,142.02
RD003,Princess Rubber Duck,Themed,Orange,Large,20.23,2024-05-20,ORD102204,CUST5458,OK,South,Online,2,40.46,0.0,18.19
RD002,Pirate Rubber Duck,Themed,Green,Large,8.85,2025-05-08,ORD102205,CUST4360,NJ,Mid-Atlantic,Wholesale,18,151.34,7.96,60.69
RD002,Pirate Rubber Duck,Themed,Yellow,Standard,21.33,2023-05-08,ORD102206,CUST9087,VA,South,Retail,35,671.89,74.66,319.4
RD001,Classic Rubber Duck,Classic,Orange,Large,23.07,2024-08-02,ORD102207,CUST2360,VT,Northeast,Online,6,138.42,0.0,62.27
RD001,Classic Rubber Duck,Classic,Green,Mini,22.87,2025-05-04,ORD102208,CUST7622,AR,South,Online,11,251.57,0.0,128.9
RD002,Pirate Rubber Duck,Themed,Pink,Large,4.82,2024-02-15,ORD102209,CUST6392,WY,West,Wholesale,19,87.0,4.58,43.0
RD005,Glow Rubber Duck,Specialty,Orange,Large,8.39,2025-09-06,ORD102210,CUST2575,NY,Mid-Atlantic,Marketplace,13,109.07,0.0,48.39
RD002,Pirate Rubber Duck,Themed,Purple,Mini,12.02,2023-07-22,ORD102211,CUST9118,MD,Mid-Atlantic,Online,6,64.91,7.21,18.26
RD004,Superhero Rubber Duck,Themed,Blue,Standard,6.04,2023-02-03,ORD102212,CUST8601,DC,Mid-Atlantic,Online,44,239.18,26.58,58.05
RD003,Princess Rubber Duck,Themed,Orange,Standard,20.85,2023-09-29,ORD102213,CUST5900,MT,West,Wholesale,6,112.59,12.51,53.42
RD003,Princess Rubber Duck,Themed,Orange,Standard,5.57,2025-09-02,ORD102214,CUST9042,KS,Midwest,Marketplace,39,206.37,10.86,55.95
RD005,Glow Rubber Duck,Specialty,Pink,Large,16.7,2025-10-19,ORD102215,CUST2821,IL,Midwest,Marketplace,16,267.2,0.0,144.45
RD002,Pirate Rubber Duck,Themed,Yellow,Mini,7.55,2024-08-04,ORD102216,CUST4890,AZ,West,Online,42,301.25,15.85,149.12
RD006,Mini Rubber Duck,Mini,Green,Mini,5.07,2024-01-15,ORD102217,CUST7660,PA,Mid-Atlantic,Wholesale,39,168.07,29.66,31.35
RD006,Mini Rubber Duck,Mini,Yellow,Mini,24.96,2023-06-03,ORD102218,CUST6952,NC,South,Wholesale,12,254.59,44.93,64.43
RD008,Holiday Rubber Duck,Seasonal,Green,Standard,13.79,2025-01-05,ORD102219,CUST5625,CT,Northeast,Retail,35,434.38,48.27,154.37
RD001,Classic Rubber Duck,Classic,Purple,Standard,6.22,2024-12-13,ORD102220,CUST4411,VT,Northeast,Wholesale,41,229.52,25.5,87.18
RD006,Mini Rubber Duck,Mini,Green,Mini,22.61,2023-06-26,ORD102221,CUST7385,AZ,West,Marketplace,12,230.62,40.7,65.24
RD003,Princess Rubber Duck,Themed,Yellow,Large,11.7,2025-09-02,ORD102222,CUST1701,AL,South,Online,17,169.07,29.83,36.11
RD005,Glow Rubber Duck,Specialty,Blue,Standard,21.61,2025-05-12,ORD102223,CUST1663,WV,South,Marketplace,1,18.37,3.24,5.89
RD002,Pirate Rubber Duck,Themed,Purple,Standard,24.33,2023-05-01,ORD102224,CUST2643,ME,Northeast,Marketplace,27,558.37,98.54,173.83
RD003,Princess Rubber Duck,Themed,Yellow,Standard,4.15,2023-08-16,ORD102225,CUST3643,WA,West,Retail,27,106.45,5.6,50.64
RD004,Superhero Rubber Duck,Themed,Green,Standard,7.1,2024-07-22,ORD102226,CUST3548,MD,Mid-Atlantic,Retail,12,80.94,4.26,36.55
RD006,Mini Rubber Duck,Mini,Purple,Large,16.5,2023-03-21,ORD102227,CUST5390,WY,West,Marketplace,3,49.5,0.0,23.85
RD002,Pirate Rubber Duck,Themed,Purple,Mini,22.68,2024-12-11,ORD102228,CUST6151,PA,Mid-Atlantic,Retail,7,158.76,0.0,50.17
RD006,Mini Rubber Duck,Mini,Green,Standard,7.45,2023-01-16,ORD102229,CUST2927,IN,Midwest,Wholesale,42,297.25,15.65,84.2
RD008,Holiday Rubber Duck,Seasonal,Yellow,Mini,16.56,2023-02-05,ORD102230,CUST5916,CA,West,Online,30,471.96,24.84,244.77
RD005,Glow Rubber Duck,Specialty,Orange,Mini,10.32,2023-09-16,ORD102231,CUST5303,SC,South,Wholesale,40,371.52,41.28,95.81
RD008,Holiday Rubber Duck,Seasonal,Yellow,Large,20.79,2023-12-25,ORD102232,CUST9354,CO,West,Retail,19,375.26,19.75,143.13
RD001,Classic Rubber Duck,Classic,Green,Large,19.87,2024-04-10,ORD102233,CUST2890,IL,Midwest,Retail,32,635.84,0.0,242.62
RD002,Pirate Rubber Duck,Themed,Purple,Standard,17.02,2024-05-05,ORD102234,CUST1225,DC,Mid-Atlantic,Wholesale,46,665.48,117.44,264.12
RD006,Mini Rubber Duck,Mini,Purple,Mini,24.1,2024-09-18,ORD102235,CUST9924,UT,West,Wholesale,32,694.08,77.12,232.83
RD003,Princess Rubber Duck,Themed,Purple,Standard,4.0,2023-04-11,ORD102236,CUST6886,AK,West,Retail,27,91.8,16.2,27.91
RD007,Jumbo Rubber Duck,Large,Blue,Mini,5.39,2025-07-30,ORD102237,CUST8411,MA,Northeast,Wholesale,4,18.33,3.23,6.84
RD006,Mini Rubber Duck,Mini,Blue,Standard,5.73,2023-07-10,ORD102238,CUST2132,OH,Midwest,Wholesale,21,114.31,6.02,46.8
RD001,Classic Rubber Duck,Classic,Orange,Large,8.61,2025-03-27,ORD102239,CUST3633,PA,Mid-Atlantic,Marketplace,2,15.5,1.72,6.91
RD005,Glow Rubber Duck,Specialty,Orange,Standard,13.65,2023-01-19,ORD102240,CUST4017,GA,South,Retail,32,414.96,21.84,183.12
RD003,Princess Rubber Duck,Themed,Yellow,Standard,8.45,2024-07-14,ORD102241,CUST3064,NC,South,Wholesale,33,278.85,0.0,99.91
RD002,Pirate Rubber Duck,Themed,Pink,Standard,9.17,2024-11-23,ORD102242,CUST5616,FL,South,Online,26,238.42,0.0,111.6
RD007,Jumbo Rubber Duck,Large,Pink,Standard,15.82,2023-12-03,ORD102243,CUST2006,DE,Mid-Atlantic,Retail,25,395.5,0.0,201.49
RD004,Superhero Rubber Duck,Themed,Yellow,Standard,7.02,2024-03-31,ORD102244,CUST9811,DC,Mid-Atlantic,Retail,22,139.0,15.44,55.65
RD007,Jumbo Rubber Duck,Large,Green,Mini,9.86,2023-07-05,ORD102245,CUST2625,NY,Mid-Atlantic,Marketplace,9,75.43,13.31,26.79
RD005,Glow Rubber Duck,Specialty,Green,Large,6.91,2025-04-14,ORD102246,CUST3897,MD,Mid-Atlantic,Online,9,62.19,0.0,29.51
RD006,Mini Rubber Duck,Mini,Yellow,Standard,7.69,2025-08-30,ORD102247,CUST4625,MD,Mid-Atlantic,Retail,26,169.95,29.99,49.78
RD006,Mini Rubber Duck,Mini,Orange,Standard,6.53,2024-09-10,ORD102248,CUST1124,NH,Northeast,Retail,15,93.05,4.9,36.73
RD003,Princess Rubber Duck,Themed,Purple,Mini,5.99,2024-05-05,ORD102249,CUST4467,MA,Northeast,Wholesale,38,227.62,0.0,119.15
RD004,Superhero Rubber Duck,Themed,Blue,Large,14.22,2023-02-14,ORD102250,CUST6596,SD,Midwest,Marketplace,39,554.58,0.0,304.73
RD002,Pirate Rubber Duck,Themed,Purple,Standard,7.86,2024-07-29,ORD102251,CUST2048,IN,Midwest,Wholesale,22,146.98,25.94,38.23
RD006,Mini Rubber Duck,Mini,Pink,Large,4.04,2024-08-08,ORD102252,CUST4558,AZ,West,Retail,29,111.3,5.86,51.93
RD004,Superhero Rubber Duck,Themed,Yellow,Standard,17.66,2025-12-30,ORD102253,CUST6431,MA,Northeast,Marketplace,30,450.33,79.47,90.59
RD005,Glow Rubber Duck,Specialty,Orange,Standard,10.04,2023-08-31,ORD102254,CUST6779,KS,Midwest,Retail,16,136.54,24.1,63.74
RD002,Pirate Rubber Duck,Themed,Pink,Mini,13.47,2025-05-26,ORD102255,CUST6645,CT,Northeast,Retail,32,366.38,64.66,67.97
RD008,Holiday Rubber Duck,Seasonal,Green,Large,6.62,2024-10-19,ORD102256,CUST1900,MI,Midwest,Marketplace,37,232.69,12.25,88.56
RD002,Pirate Rubber Duck,Themed,Green,Large,7.26,2025-03-11,ORD102257,CUST9963,CA,West,Marketplace,16,116.16,0.0,44.28
RD001,Classic Rubber Duck,Classic,Blue,Mini,21.33,2024-05-18,ORD102258,CUST4250,NE,Midwest,Marketplace,41,743.35,131.18,305.1
RD002,Pirate Rubber Duck,Themed,Purple,Standard,16.29,2025-11-24,ORD102259,CUST9398,UT,West,Wholesale,5,77.38,4.07,33.02
RD007,Jumbo Rubber Duck,Large,Yellow,Mini,5.75,2024-01-30,ORD102260,CUST1473,DE,Mid-Atlantic,Retail,19,103.79,5.46,38.07
RD008,Holiday Rubber Duck,Seasonal,Blue,Mini,23.06,2023-05-30,ORD102261,CUST5254,OK,South,Marketplace,37,810.56,42.66,240.25
RD006,Mini Rubber Duck,Mini,Green,Large,17.14,2023-09-17,ORD102262,CUST5224,NM,West,Online,25,364.23,64.27,105.78
RD008,Holiday Rubber Duck,Seasonal,Pink,Mini,20.82,2023-05-27,ORD102263,CUST9581,NV,West,Retail,32,566.3,99.94,209.45
RD001,Classic Rubber Duck,Classic,Blue,Large,20.35,2024-12-24,ORD102264,CUST8011,ME,Northeast,Marketplace,43,875.05,0.0,303.09
RD005,Glow Rubber Duck,Specialty,Green,Mini,13.34,2023-10-23,ORD102265,CUST5581,DE,Mid-Atlantic,Wholesale,15,180.09,20.01,86.86
RD006,Mini Rubber Duck,Mini,Orange,Standard,14.26,2025-03-01,ORD102266,CUST7729,NJ,Mid-Atlantic,Wholesale,24,290.9,51.34,110.02
RD008,Holiday Rubber Duck,Seasonal,Purple,Standard,16.35,2024-08-12,ORD102267,CUST2971,AZ,West,Online,11,170.86,8.99,77.4
RD005,Glow Rubber Duck,Specialty,Pink,Standard,6.89,2025-05-07,ORD102268,CUST9746,NE,Midwest,Wholesale,1,5.86,1.03,1.76
RD002,Pirate Rubber Duck,Themed,Purple,Standard,5.13,2025-05-05,ORD102269,CUST3938,DC,Mid-Atlantic,Retail,27,131.58,6.93,43.26
RD006,Mini Rubber Duck,Mini,Blue,Mini,13.25,2024-07-05,ORD102270,CUST3146,RI,Northeast,Online,50,629.38,33.12,288.62
RD005,Glow Rubber Duck,Specialty,Pink,Standard,11.79,2024-02-06,ORD102271,CUST8560,NE,Midwest,Online,1,11.2,0.59,5.46
RD005,Glow Rubber Duck,Specialty,Pink,Large,19.17,2025-11-30,ORD102272,CUST1850,MS,South,Marketplace,30,546.34,28.76,233.83
RD001,Classic Rubber Duck,Classic,Orange,Large,17.63,2025-07-16,ORD102273,CUST3359,NJ,Mid-Atlantic,Retail,34,569.45,29.97,285.68
RD004,Superhero Rubber Duck,Themed,Pink,Mini,19.34,2024-07-06,ORD102274,CUST7466,NE,Midwest,Marketplace,10,193.4,0.0,61.58
RD007,Jumbo Rubber Duck,Large,Green,Mini,12.29,2025-12-01,ORD102275,CUST1071,OH,Midwest,Online,27,315.24,16.59,110.26
RD002,Pirate Rubber Duck,Themed,Blue,Standard,4.56,2024-07-03,ORD102276,CUST5147,NJ,Mid-Atlantic,Retail,4,16.42,1.82,5.92
RD004,Superhero Rubber Duck,Themed,Blue,Large,21.82,2025-11-09,ORD102277,CUST9851,DE,Mid-Atlantic,Marketplace,44,816.07,144.01,378.53
RD008,Holiday Rubber Duck,Seasonal,Orange,Standard,8.33,2024-06-02,ORD102278,CUST8124,CT,Northeast,Retail,1,7.5,0.83,2.42
RD001,Classic Rubber Duck,Classic,Blue,Standard,23.25,2024-01-20,ORD102279,CUST7055,UT,West,Online,18,418.5,0.0,218.28
RD004,Superhero Rubber Duck,Themed,Pink,Standard,21.31,2024-11-10,ORD102280,CUST2797,VA,South,Marketplace,1,21.31,0.0,11.14
RD006,Mini Rubber Duck,Mini,Blue,Large,18.5,2023-04-10,ORD102281,CUST9348,AK,West,Online,46,851.0,0.0,352.97
RD005,Glow Rubber Duck,Specialty,Pink,Standard,5.42,2023-05-11,ORD102282,CUST7307,AR,South,Wholesale,19,102.98,0.0,49.64
RD002,Pirate Rubber Duck,Themed,Green,Standard,8.0,2024-03-20,ORD102283,CUST8505,PA,Mid-Atlantic,Wholesale,41,328.0,0.0,157.9
RD006,Mini Rubber Duck,Mini,Orange,Standard,8.13,2025-04-05,ORD102284,CUST7249,CA,West,Wholesale,40,325.2,0.0,170.48
RD008,Holiday Rubber Duck,Seasonal,Blue,Standard,21.65,2023-03-18,ORD102285,CUST2682,MA,Northeast,Marketplace,29,565.07,62.78,276.87
RD004,Superhero Rubber Duck,Themed,Green,Large,6.15,2025-03-08,ORD102286,CUST7920,KS,Midwest,Online,6,36.9,0.0,16.92
RD002,Pirate Rubber Duck,Themed,Blue,Large,13.86,2025-12-03,ORD102287,CUST4263,WY,West,Retail,25,294.52,51.98,107.74
RD007,Jumbo Rubber Duck,Large,Orange,Mini,22.26,2024-11-12,ORD102288,CUST7142,MA,Northeast,Retail,47,941.6,104.62,244.6
RD005,Glow Rubber Duck,Specialty,Purple,Mini,15.31,2025-06-19,ORD102289,CUST9936,AR,South,Wholesale,38,523.6,58.18,200.42
RD004,Superhero Rubber Duck,Themed,Green,Large,24.73,2025-03-05,ORD102290,CUST3326,SC,South,Online,38,892.75,46.99,403.55
RD008,Holiday Rubber Duck,Seasonal,Green,Standard,15.74,2024-07-02,ORD102291,CUST9979,MN,Midwest,Marketplace,5,70.83,7.87,24.8
RD004,Superhero Rubber Duck,Themed,Blue,Standard,4.13,2025-08-04,ORD102292,CUST7295,NH,Northeast,Marketplace,33,122.66,13.63,54.36
RD004,Superhero Rubber Duck,Themed,Orange,Standard,5.45,2023-09-15,ORD102293,CUST5912,FL,South,Marketplace,24,130.8,0.0,66.56
RD002,Pirate Rubber Duck,Themed,Orange,Large,20.87,2023-01-16,ORD102294,CUST8731,NY,Mid-Atlantic,Retail,30,594.79,31.31,165.7
RD001,Classic Rubber Duck,Classic,Green,Standard,15.66,2025-08-31,ORD102295,CUST2899,IL,Midwest,Online,46,684.34,36.02,189.07
RD005,Glow Rubber Duck,Specialty,Blue,Mini,6.68,2025-03-09,ORD102296,CUST2007,PA,Mid-Atlantic,Online,47,266.87,47.09,74.38
RD008,Holiday Rubber Duck,Seasonal,Purple,Standard,5.53,2024-08-27,ORD102297,CUST9009,NH,Northeast,Retail,10,49.77,5.53,22.94
RD001,Classic Rubber Duck,Classic,Orange,Large,17.82,2023-07-12,ORD102298,CUST7999,LA,South,Online,45,681.62,120.28,123.21
RD008,Holiday Rubber Duck,Seasonal,Green,Standard,11.65,2025-03-27,ORD102299,CUST7663,MA,Northeast,Wholesale,40,396.1,69.9,145.64
RD001,Classic Rubber Duck,Classic,Yellow,Mini,19.18,2024-06-28,ORD102300,CUST7007,WY,West,Retail,25,455.52,23.98,216.4
RD003,Princess Rubber Duck,Themed,Orange,Mini,24.7,2025-07-28,ORD102301,CUST3986,NC,South,Retail,25,555.75,61.75,247.57
RD002,Pirate Rubber Duck,Themed,Purple,Standard,19.96,2025-01-11,ORD102302,CUST8835,OR,West,Retail,16,319.36,0.0,139.03
RD007,Jumbo Rubber Duck,Large,Yellow,Large,11.02,2024-11-04,ORD102303,CUST2575,ME,Northeast,Online,41,451.82,0.0,239.17
RD002,Pirate Rubber Duck,Themed,Yellow,Mini,21.39,2025-10-29,ORD102304,CUST7575,KS,Midwest,Wholesale,10,181.81,32.09,85.08
RD004,Superhero Rubber Duck,Themed,Blue,Standard,13.83,2024-02-21,ORD102305,CUST5735,TX,South,Retail,22,258.62,45.64,56.02
RD006,Mini Rubber Duck,Mini,Orange,Mini,16.59,2025-08-24,ORD102306,CUST5131,MI,Midwest,Marketplace,7,104.52,11.61,35.7
RD004,Superhero Rubber Duck,Themed,Blue,Mini,24.67,2024-05-06,ORD102307,CUST4402,CO,West,Online,25,555.07,61.68,172.87
RD008,Holiday Rubber Duck,Seasonal,Pink,Standard,12.55,2023-10-18,ORD102308,CUST9826,DC,Mid-Atlantic,Wholesale,24,286.14,15.06,91.97
RD005,Glow Rubber Duck,Specialty,Yellow,Large,24.75,2023-03-22,ORD102309,CUST3314,WA,West,Online,32,752.4,39.6,338.56
RD007,Jumbo Rubber Duck,Large,Yellow,Large,10.38,2024-10-16,ORD102310,CUST1394,ME,Northeast,Wholesale,48,423.5,74.74,100.9
RD005,Glow Rubber Duck,Specialty,Purple,Mini,14.4,2024-02-20,ORD102311,CUST4246,NJ,Mid-Atlantic,Retail,8,97.92,17.28,18.59
RD006,Mini Rubber Duck,Mini,Yellow,Mini,23.09,2023-07-03,ORD102312,CUST1617,NE,Midwest,Online,25,548.39,28.86,171.47
RD004,Superhero Rubber Duck,Themed,Orange,Mini,13.3,2024-09-26,ORD102313,CUST3842,RI,Northeast,Retail,8,106.4,0.0,36.99
RD006,Mini Rubber Duck,Mini,Orange,Large,11.03,2023-04-14,ORD102314,CUST4770,WV,South,Online,39,408.66,21.51,147.87
RD005,Glow Rubber Duck,Specialty,Green,Mini,13.3,2025-05-05,ORD102315,CUST9745,DC,Mid-Atlantic,Online,28,372.4,0.0,182.25
RD002,Pirate Rubber Duck,Themed,Green,Large,18.15,2024-09-12,ORD102316,CUST5201,NJ,Mid-Atlantic,Marketplace,28,508.2,0.0,235.2
RD001,Classic Rubber Duck,Classic,Purple,Large,8.62,2024-03-10,ORD102317,CUST5006,LA,South,Online,6,51.72,0.0,15.78
RD007,Jumbo Rubber Duck,Large,Orange,Large,16.69,2023-07-13,ORD102318,CUST3044,IL,Midwest,Wholesale,40,600.84,66.76,137.07
RD003,Princess Rubber Duck,Themed,Green,Standard,8.88,2023-08-01,ORD102319,CUST7998,SD,Midwest,Marketplace,27,215.78,23.98,69.07
RD002,Pirate Rubber Duck,Themed,Green,Large,14.04,2024-04-28,ORD102320,CUST9617,ID,West,Wholesale,9,120.04,6.32,50.25
RD001,Classic Rubber Duck,Classic,Blue,Large,17.74,2025-04-02,ORD102321,CUST3603,CT,Northeast,Retail,50,842.65,44.35,341.52
RD007,Jumbo Rubber Duck,Large,Green,Large,13.31,2024-02-03,ORD102322,CUST7505,IA,Midwest,Online,45,598.95,0.0,244.09
RD007,Jumbo Rubber Duck,Large,Pink,Large,7.92,2024-05-10,ORD102323,CUST9772,NC,South,Online,42,332.64,0.0,144.38
RD003,Princess Rubber Duck,Themed,Orange,Standard,17.06,2024-10-22,ORD102324,CUST7228,FL,South,Wholesale,31,449.53,79.33,191.41
RD001,Classic Rubber Duck,Classic,Purple,Standard,23.14,2023-05-29,ORD102325,CUST3044,NV,West,Marketplace,24,555.36,0.0,261.42
RD002,Pirate Rubber Duck,Themed,Orange,Standard,14.13,2023-10-12,ORD102326,CUST7495,MN,Midwest,Wholesale,38,510.09,26.85,191.73
RD002,Pirate Rubber Duck,Themed,Orange,Standard,13.26,2024-09-23,ORD102327,CUST1645,MT,West,Online,42,556.92,0.0,189.14
RD006,Mini Rubber Duck,Mini,Orange,Standard,19.08,2024-01-06,ORD102328,CUST9049,ME,Northeast,Wholesale,12,206.06,22.9,87.59
RD008,Holiday Rubber Duck,Seasonal,Yellow,Mini,8.88,2023-02-06,ORD102329,CUST3456,CT,Northeast,Wholesale,2,16.87,0.89,6.26
RD001,Classic Rubber Duck,Classic,Orange,Mini,14.64,2023-12-17,ORD102330,CUST7578,CT,Northeast,Wholesale,41,600.24,0.0,256.09
RD003,Princess Rubber Duck,Themed,Purple,Large,8.76,2023-09-01,ORD102331,CUST1256,NJ,Mid-Atlantic,Marketplace,13,96.8,17.08,28.34
RD003,Princess Rubber Duck,Themed,Pink,Mini,20.42,2023-10-06,ORD102332,CUST7306,ME,Northeast,Marketplace,32,620.77,32.67,323.49
RD003,Princess Rubber Duck,Themed,Yellow,Large,20.89,2024-08-13,ORD102333,CUST6351,LA,South,Marketplace,29,545.23,60.58,236.39
RD002,Pirate Rubber Duck,Themed,Pink,Mini,12.2,2025-10-12,ORD102334,CUST7232,GA,South,Marketplace,43,472.14,52.46,117.87
RD004,Superhero Rubber Duck,Themed,Pink,Standard,10.37,2023-05-15,ORD102335,CUST8030,AR,South,Marketplace,24,236.44,12.44,108.62
RD006,Mini Rubber Duck,Mini,Purple,Standard,17.98,2024-04-13,ORD102336,CUST9962,NV,West,Marketplace,18,307.46,16.18,98.18
RD003,Princess Rubber Duck,Themed,Blue,Mini,8.52,2024-05-07,ORD102337,CUST8548,MO,Midwest,Marketplace,26,199.37,22.15,71.02
RD006,Mini Rubber Duck,Mini,Orange,Large,4.09,2025-04-16,ORD102338,CUST4578,ID,West,Wholesale,33,121.47,13.5,52.51
RD005,Glow Rubber Duck,Specialty,Pink,Mini,13.03,2023-03-06,ORD102339,CUST6006,DC,Mid-Atlantic,Wholesale,39,457.35,50.82,118.59
RD001,Classic Rubber Duck,Classic,Purple,Mini,4.66,2023-12-05,ORD102340,CUST1837,LA,South,Marketplace,12,50.33,5.59,19.56
RD004,Superhero Rubber Duck,Themed,Green,Mini,23.26,2025-08-15,ORD102341,CUST9028,NC,South,Retail,49,1082.75,56.99,408.27
RD006,Mini Rubber Duck,Mini,Yellow,Standard,20.55,2023-02-28,ORD102342,CUST3256,AR,South,Wholesale,23,472.65,0.0,231.4
RD006,Mini Rubber Duck,Mini,Yellow,Large,4.8,2024-12-04,ORD102343,CUST4030,VT,Northeast,Online,9,43.2,0.0,20.52
RD005,Glow Rubber Duck,Specialty,Purple,Large,8.76,2024-06-26,ORD102344,CUST4809,PA,Mid-Atlantic,Retail,5,41.61,2.19,11.95
RD008,Holiday Rubber Duck,Seasonal,Purple,Standard,10.93,2024-05-04,ORD102345,CUST1478,HI,West,Wholesale,6,65.58,0.0,34.24
RD003,Princess Rubber Duck,Themed,Purple,Standard,7.87,2025-06-08,ORD102346,CUST4001,MN,Midwest,Wholesale,30,212.49,23.61,97.45
RD002,Pirate Rubber Duck,Themed,Pink,Standard,11.62,2024-12-17,ORD102347,CUST6606,RI,Northeast,Online,15,165.59,8.71,63.01
RD005,Glow Rubber Duck,Specialty,Yellow,Mini,20.75,2024-10-25,ORD102348,CUST8809,OH,Midwest,Wholesale,41,850.75,0.0,343.58
RD006,Mini Rubber Duck,Mini,Blue,Standard,19.86,2025-05-05,ORD102349,CUST4055,FL,South,Online,15,253.22,44.68,67.14
RD007,Jumbo Rubber Duck,Large,Yellow,Large,9.19,2023-10-15,ORD102350,CUST6201,IL,Midwest,Marketplace,17,132.8,23.43,58.77
RD006,Mini Rubber Duck,Mini,Yellow,Mini,19.15,2024-06-11,ORD102351,CUST7951,KS,Midwest,Online,48,873.24,45.96,284.71
RD005,Glow Rubber Duck,Specialty,Orange,Large,14.72,2023-01-29,ORD102352,CUST1970,OR,West,Marketplace,42,525.5,92.74,186.67
RD004,Superhero Rubber Duck,Themed,Orange,Large,21.47,2024-04-26,ORD102353,CUST6505,RI,Northeast,Online,16,343.52,0.0,121.08
RD007,Jumbo Rubber Duck,Large,Blue,Large,10.52,2023-10-20,ORD102354,CUST7861,OH,Midwest,Marketplace,3,28.4,3.16,8.51
RD004,Superhero Rubber Duck,Themed,Orange,Large,23.99,2025-12-23,ORD102355,CUST1630,NH,Northeast,Wholesale,14,302.27,33.59,85.5
RD006,Mini Rubber Duck,Mini,Green,Standard,10.12,2024-05-11,ORD102356,CUST7000,CT,Northeast,Online,10,101.2,0.0,51.99
RD003,Princess Rubber Duck,Themed,Green,Standard,20.48,2023-09-29,ORD102357,CUST7079,WA,West,Marketplace,16,327.68,0.0,160.05
RD007,Jumbo Rubber Duck,Large,Orange,Mini,16.72,2024-08-22,ORD102358,CUST5673,IN,Midwest,Wholesale,5,83.6,0.0,30.97
RD004,Superhero Rubber Duck,Themed,Blue,Mini,21.86,2025-02-01,ORD102359,CUST1624,RI,Northeast,Retail,13,255.76,28.42,110.21
RD008,Holiday Rubber Duck,Seasonal,Purple,Large,18.23,2023-10-29,ORD102360,CUST2879,MI,Midwest,Marketplace,7,114.85,12.76,56.92
RD003,Princess Rubber Duck,Themed,Yellow,Standard,20.98,2025-11-08,ORD102361,CUST3314,MN,Midwest,Online,29,578.0,30.42,173.82
RD001,Classic Rubber Duck,Classic,Green,Large,8.79,2024-05-19,ORD102362,CUST2237,ID,West,Wholesale,40,334.02,17.58,162.02
RD008,Holiday Rubber Duck,Seasonal,Pink,Mini,13.66,2023-02-25,ORD102363,CUST9418,DC,Mid-Atlantic,Marketplace,50,580.55,102.45,253.75
RD008,Holiday Rubber Duck,Seasonal,Yellow,Standard,17.5,2024-02-07,ORD102364,CUST5491,MA,Northeast,Wholesale,23,402.5,0.0,183.83
RD001,Classic Rubber Duck,Classic,Blue,Large,4.11,2025-12-02,ORD102365,CUST9099,NH,Northeast,Online,50,174.67,30.83,44.05
RD004,Superhero Rubber Duck,Themed,Green,Standard,11.26,2025-10-27,ORD102366,CUST7497,AR,South,Online,4,42.79,2.25,15.83
RD004,Superhero Rubber Duck,Themed,Purple,Standard,4.17,2025-07-29,ORD102367,CUST5875,VT,Northeast,Online,50,198.07,10.43,90.01
RD003,Princess Rubber Duck,Themed,Orange,Large,15.37,2024-05-13,ORD102368,CUST3165,DE,Mid-Atlantic,Marketplace,7,107.59,0.0,57.14
RD003,Princess Rubber Duck,Themed,Green,Mini,22.29,2024-07-29,ORD102369,CUST2647,ME,Northeast,Wholesale,21,468.09,0.0,228.93
RD003,Princess Rubber Duck,Themed,Blue,Mini,6.06,2024-04-28,ORD102370,CUST4227,NY,Mid-Atlantic,Online,35,201.49,10.61,86.87
RD007,Jumbo Rubber Duck,Large,Blue,Large,19.19,2023-01-19,ORD102371,CUST2408,OR,West,Marketplace,41,668.77,118.02,271.0
RD004,Superhero Rubber Duck,Themed,Green,Mini,4.26,2025-05-27,ORD102372,CUST1756,SD,Midwest,Online,48,184.03,20.45,58.89
RD001,Classic Rubber Duck,Classic,Yellow,Standard,5.69,2025-08-28,ORD102373,CUST2870,NC,South,Marketplace,45,256.05,0.0,90.86
RD004,Superhero Rubber Duck,Themed,Green,Mini,11.66,2024-03-19,ORD102374,CUST9668,TN,South,Wholesale,2,20.99,2.33,9.89
RD002,Pirate Rubber Duck,Themed,Pink,Standard,19.81,2024-09-14,ORD102375,CUST6953,RI,Northeast,Marketplace,40,713.16,79.24,198.39
RD008,Holiday Rubber Duck,Seasonal,Green,Standard,12.29,2024-01-17,ORD102376,CUST9167,MD,Mid-Atlantic,Online,22,229.82,40.56,52.54
RD004,Superhero Rubber Duck,Themed,Blue,Large,19.41,2025-05-21,ORD102377,CUST6806,MO,Midwest,Marketplace,8,131.99,23.29,33.0
RD002,Pirate Rubber Duck,Themed,Pink,Standard,12.43,2023-02-21,ORD102378,CUST9100,DC,Mid-Atlantic,Retail,25,264.14,46.61,82.05
RD008,Holiday Rubber Duck,Seasonal,Blue,Large,15.42,2023-04-06,ORD102379,CUST3290,NH,Northeast,Retail,34,445.64,78.64,111.75
RD005,Glow Rubber Duck,Specialty,Blue,Large,10.33,2025-05-18,ORD102380,CUST4578,MI,Midwest,Online,26,228.29,40.29,95.62
RD005,Glow Rubber Duck,Specialty,Purple,Large,20.91,2023-12-23,ORD102381,CUST2675,ME,Northeast,Wholesale,27,564.57,0.0,213.94
RD003,Princess Rubber Duck,Themed,Blue,Standard,8.75,2025-05-13,ORD102382,CUST5291,TN,South,Marketplace,39,290.06,51.19,52.01
RD001,Classic Rubber Duck,Classic,Yellow,Mini,10.57,2025-09-16,ORD102383,CUST7183,AL,South,Retail,35,314.46,55.49,93.12
RD001,Classic Rubber Duck,Classic,Purple,Mini,15.36,2024-04-09,ORD102384,CUST6644,VT,Northeast,Retail,32,466.94,24.58,196.41
RD003,Princess Rubber Duck,Themed,Pink,Large,17.88,2025-02-24,ORD102385,CUST4654,OR,West,Wholesale,11,167.18,29.5,32.7
RD002,Pirate Rubber Duck,Themed,Orange,Standard,5.04,2023-06-17,ORD102386,CUST3790,VT,Northeast,Retail,48,229.82,12.1,85.94
RD003,Princess Rubber Duck,Themed,Green,Large,6.6,2023-08-22,ORD102387,CUST7561,MS,South,Online,13,85.8,0.0,45.31
RD008,Holiday Rubber Duck,Seasonal,Pink,Large,13.4,2025-09-04,ORD102388,CUST8353,AR,South,Online,40,482.4,53.6,129.63
RD006,Mini Rubber Duck,Mini,Pink,Standard,6.23,2025-04-18,ORD102389,CUST6831,NJ,Mid-Atlantic,Online,8,49.84,0.0,23.93
RD002,Pirate Rubber Duck,Themed,Yellow,Standard,5.61,2024-05-13,ORD102390,CUST4278,MA,Northeast,Online,14,70.69,7.85,27.37
RD003,Princess Rubber Duck,Themed,Purple,Standard,24.59,2023-12-31,ORD102391,CUST2693,ID,West,Marketplace,24,531.14,59.02,199.38
RD005,Glow Rubber Duck,Specialty,Orange,Large,8.57,2024-03-08,ORD102392,CUST1877,CO,West,Marketplace,36,308.52,0.0,162.85
RD003,Princess Rubber Duck,Themed,Green,Standard,20.03,2025-05-22,ORD102393,CUST4088,ME,Northeast,Retail,42,841.26,0.0,357.62
RD002,Pirate Rubber Duck,Themed,Blue,Mini,20.84,2023-09-04,ORD102394,CUST8703,IL,Midwest,Wholesale,45,890.91,46.89,370.06
RD005,Glow Rubber Duck,Specialty,Blue,Standard,19.83,2023-04-26,ORD102395,CUST3676,CA,West,Wholesale,3,53.54,5.95,16.52
RD005,Glow Rubber Duck,Specialty,Blue,Large,20.3,2025-05-12,ORD102396,CUST9981,TN,South,Online,33,636.41,33.49,277.72
RD003,Princess Rubber Duck,Themed,Pink,Mini,24.97,2024-10-21,ORD102397,CUST8175,WI,Midwest,Wholesale,14,332.1,17.48,162.07
RD002,Pirate Rubber Duck,Themed,Green,Standard,19.53,2024-06-04,ORD102398,CUST3940,AK,West,Online,21,410.13,0.0,161.04
RD003,Princess Rubber Duck,Themed,Pink,Standard,21.02,2024-06-18,ORD102399,CUST2600,DE,Mid-Atlantic,Retail,8,142.94,25.22,57.46
RD005,Glow Rubber Duck,Specialty,Yellow,Standard,5.96,2024-05-11,ORD102400,CUST7552,SC,South,Wholesale,25,141.55,7.45,45.59
RD001,Classic Rubber Duck,Classic,Blue,Large,18.6,2025-08-09,ORD102401,CUST5547,CO,West,Online,20,334.8,37.2,85.38
RD003,Princess Rubber Duck,Themed,Green,Standard,14.14,2023-07-10,ORD102402,CUST9326,MA,Northeast,Online,50,671.65,35.35,295.42
RD002,Pirate Rubber Duck,Themed,Yellow,Standard,24.21,2025-07-16,ORD102403,CUST3229,NJ,Mid-Atlantic,Online,31,712.98,37.53,199.95
RD008,Holiday Rubber Duck,Seasonal,Purple,Mini,10.16,2023-12-18,ORD102404,CUST5429,DC,Mid-Atlantic,Online,1,9.65,0.51,4.3
RD004,Superhero Rubber Duck,Themed,Pink,Standard,18.14,2025-06-07,ORD102405,CUST1236,MA,Northeast,Online,16,275.73,14.51,91.9
RD002,Pirate Rubber Duck,Themed,Blue,Large,9.63,2023-03-05,ORD102406,CUST5579,GA,South,Retail,19,164.67,18.3,75.23
RD006,Mini Rubber Duck,Mini,Yellow,Large,16.61,2023-07-06,ORD102407,CUST9433,CT,Northeast,Marketplace,29,409.44,72.25,150.41
RD002,Pirate Rubber Duck,Themed,Pink,Mini,24.77,2025-10-10,ORD102408,CUST9833,AL,South,Online,1,22.29,2.48,10.51
RD004,Superhero Rubber Duck,Themed,Yellow,Large,10.71,2024-10-27,ORD102409,CUST1914,OH,Midwest,Retail,41,417.15,21.96,186.61
RD007,Jumbo Rubber Duck,Large,Pink,Standard,22.93,2024-02-13,ORD102410,CUST6235,CT,Northeast,Wholesale,50,1146.5,0.0,622.79
RD003,Princess Rubber Duck,Themed,Purple,Standard,24.78,2025-02-21,ORD102411,CUST8090,WY,West,Marketplace,3,70.62,3.72,32.67
RD003,Princess Rubber Duck,Themed,Yellow,Mini,11.28,2024-05-27,ORD102412,CUST9876,MD,Mid-Atlantic,Retail,15,143.82,25.38,63.73
RD001,Classic Rubber Duck,Classic,Pink,Mini,8.83,2023-11-01,ORD102413,CUST7202,HI,West,Marketplace,20,167.77,8.83,75.92
RD003,Princess Rubber Duck,Themed,Purple,Large,7.93,2024-09-06,ORD102414,CUST9827,AK,West,Retail,27,203.4,10.71,96.26
RD004,Superhero Rubber Duck,Themed,Purple,Mini,13.92,2024-06-05,ORD102415,CUST9318,SC,South,Marketplace,7,82.82,14.62,28.35
RD006,Mini Rubber Duck,Mini,Orange,Standard,9.96,2023-10-01,ORD102416,CUST6628,NC,South,Online,47,444.71,23.41,189.15
RD008,Holiday Rubber Duck,Seasonal,Orange,Standard,11.13,2025-12-07,ORD102417,CUST5456,SC,South,Marketplace,2,20.03,2.23,9.11
RD001,Classic Rubber Duck,Classic,Pink,Large,12.96,2024-03-05,ORD102418,CUST2574,MD,Mid-Atlantic,Marketplace,39,429.62,75.82,166.36
RD007,Jumbo Rubber Duck,Large,Pink,Mini,9.42,2024-11-27,ORD102419,CUST9333,VA,South,Marketplace,8,71.59,3.77,37.59
RD004,Superhero Rubber Duck,Themed,Green,Standard,19.52,2025-11-23,ORD102420,CUST8372,GA,South,Wholesale,40,663.68,117.12,182.13
RD008,Holiday Rubber Duck,Seasonal,Orange,Mini,18.71,2025-06-06,ORD102421,CUST2392,MA,Northeast,Wholesale,30,561.3,0.0,186.33
RD008,Holiday Rubber Duck,Seasonal,Purple,Standard,4.54,2024-06-17,ORD102422,CUST2681,ME,Northeast,Wholesale,49,211.34,11.12,66.83
RD007,Jumbo Rubber Duck,Large,Yellow,Large,12.79,2024-11-24,ORD102423,CUST9276,MN,Midwest,Marketplace,47,541.02,60.11,270.5
RD001,Classic Rubber Duck,Classic,Blue,Standard,14.31,2024-01-06,ORD102424,CUST4399,MA,Northeast,Wholesale,19,244.7,27.19,84.08
RD007,Jumbo Rubber Duck,Large,Purple,Standard,10.87,2023-02-04,ORD102425,CUST7700,MT,West,Marketplace,18,176.09,19.57,50.89
RD004,Superhero Rubber Duck,Themed,Yellow,Standard,10.52,2025-06-09,ORD102426,CUST9799,MN,Midwest,Retail,9,85.21,9.47,21.27
RD006,Mini Rubber Duck,Mini,Orange,Standard,10.3,2024-05-07,ORD102427,CUST9036,MI,Midwest,Marketplace,3,29.35,1.55,12.89
RD003,Princess Rubber Duck,Themed,Orange,Large,14.79,2024-05-25,ORD102428,CUST5710,WI,Midwest,Retail,5,62.86,11.09,15.52
RD007,Jumbo Rubber Duck,Large,Yellow,Large,18.08,2024-03-28,ORD102429,CUST2385,CA,West,Online,13,211.54,23.5,75.68
RD002,Pirate Rubber Duck,Themed,Yellow,Standard,15.52,2024-03-02,ORD102430,CUST9252,DE,Mid-Atlantic,Wholesale,25,349.2,38.8,166.45
RD003,Princess Rubber Duck,Themed,Green,Standard,11.35,2024-03-18,ORD102431,CUST7798,MO,Midwest,Retail,25,241.19,42.56,110.04
RD001,Classic Rubber Duck,Classic,Purple,Large,12.86,2024-03-08,ORD102432,CUST5229,DC,Mid-Atlantic,Marketplace,17,196.76,21.86,61.22
RD007,Jumbo Rubber Duck,Large,Green,Large,6.19,2025-01-29,ORD102433,CUST7908,NJ,Mid-Atlantic,Online,5,29.4,1.55,13.95
RD008,Holiday Rubber Duck,Seasonal,Green,Standard,22.53,2025-01-01,ORD102434,CUST8012,MA,Northeast,Retail,8,153.2,27.04,58.51
RD007,Jumbo Rubber Duck,Large,Orange,Large,9.14,2023-03-26,ORD102435,CUST9001,DE,Mid-Atlantic,Marketplace,26,201.99,35.65,63.08
RD005,Glow Rubber Duck,Specialty,Orange,Large,16.87,2024-08-07,ORD102436,CUST6476,MN,Midwest,Retail,44,668.05,74.23,213.39
RD006,Mini Rubber Duck,Mini,Green,Standard,19.74,2024-05-06,ORD102437,CUST8630,DE,Mid-Atlantic,Marketplace,17,335.58,0.0,103.84
RD008,Holiday Rubber Duck,Seasonal,Green,Standard,9.56,2025-09-10,ORD102438,CUST6811,VA,South,Online,10,95.6,0.0,29.68
RD005,Glow Rubber Duck,Specialty,Blue,Large,11.36,2025-08-22,ORD102439,CUST4407,ID,West,Online,20,227.2,0.0,120.64
RD001,Classic Rubber Duck,Classic,Pink,Standard,19.06,2025-04-17,ORD102440,CUST6850,CT,Northeast,Retail,37,634.7,70.52,187.15
RD004,Superhero Rubber Duck,Themed,Pink,Mini,9.52,2025-05-15,ORD102441,CUST6602,LA,South,Retail,16,137.09,15.23,43.62
RD004,Superhero Rubber Duck,Themed,Pink,Standard,13.02,2023-03-17,ORD102442,CUST1473,DE,Mid-Atlantic,Online,3,39.06,0.0,13.07
RD002,Pirate Rubber Duck,Themed,Yellow,Large,9.15,2023-06-09,ORD102443,CUST9222,CT,Northeast,Marketplace,20,164.7,18.3,44.63
RD006,Mini Rubber Duck,Mini,Pink,Standard,15.49,2025-07-06,ORD102444,CUST7985,ME,Northeast,Online,44,613.4,68.16,221.1
RD005,Glow Rubber Duck,Specialty,Pink,Large,13.41,2023-01-01,ORD102445,CUST8562,MS,South,Marketplace,6,68.39,12.07,21.9
RD007,Jumbo Rubber Duck,Large,Pink,Standard,22.58,2023-09-30,ORD102446,CUST6621,ND,Midwest,Wholesale,46,1038.68,0.0,379.02
RD001,Classic Rubber Duck,Classic,Yellow,Large,16.99,2024-04-19,ORD102447,CUST3956,NM,West,Retail,18,290.53,15.29,99.29
RD008,Holiday Rubber Duck,Seasonal,Orange,Large,21.95,2024-05-10,ORD102448,CUST7919,WI,Midwest,Retail,21,414.86,46.09,110.84
RD003,Princess Rubber Duck,Themed,Green,Standard,5.14,2025-12-25,ORD102449,CUST1528,VT,Northeast,Wholesale,5,24.41,1.29,7.22
RD008,Holiday Rubber Duck,Seasonal,Pink,Mini,22.21,2025-10-21,ORD102450,CUST5278,MS,South,Marketplace,14,310.94,0.0,151.32
RD005,Glow Rubber Duck,Specialty,Yellow,Mini,6.68,2024-07-31,ORD102451,CUST3727,TX,South,Retail,13,78.16,8.68,25.93
RD008,Holiday Rubber Duck,Seasonal,Green,Standard,24.82,2025-10-14,ORD102452,CUST2564,PA,Mid-Atlantic,Retail,35,738.39,130.31,257.65
RD002,Pirate Rubber Duck,Themed,Orange,Standard,5.59,2024-12-28,ORD102453,CUST4204,PA,Mid-Atlantic,Wholesale,44,233.66,12.3,122.45
RD007,Jumbo Rubber Duck,Large,Orange,Standard,21.1,2025-12-15,ORD102454,CUST3749,TN,South,Online,23,461.03,24.27,127.28
RD008,Holiday Rubber Duck,Seasonal,Pink,Large,10.88,2025-12-06,ORD102455,CUST2244,WY,West,Retail,40,435.2,0.0,151.36
RD007,Jumbo Rubber Duck,Large,Blue,Large,20.95,2023-12-31,ORD102456,CUST4367,FL,South,Online,8,142.46,25.14,47.74
RD004,Superhero Rubber Duck,Themed,Purple,Mini,20.0,2023-03-26,ORD102457,CUST4212,TN,South,Online,37,740.0,0.0,305.67
RD005,Glow Rubber Duck,Specialty,Yellow,Large,9.43,2023-11-18,ORD102458,CUST7061,IL,Midwest,Marketplace,46,412.09,21.69,183.08
RD004,Superhero Rubber Duck,Themed,Blue,Standard,19.44,2024-10-05,ORD102459,CUST4165,RI,Northeast,Wholesale,7,129.28,6.8,65.89
RD002,Pirate Rubber Duck,Themed,Purple,Standard,19.19,2024-11-11,ORD102460,CUST6938,VT,Northeast,Retail,6,109.38,5.76,50.39
RD001,Classic Rubber Duck,Classic,Yellow,Standard,8.68,2024-08-30,ORD102461,CUST8224,VT,Northeast,Online,13,112.84,0.0,39.26
RD002,Pirate Rubber Duck,Themed,Purple,Standard,24.99,2024-09-12,ORD102462,CUST6239,RI,Northeast,Marketplace,48,1019.59,179.93,371.68
RD007,Jumbo Rubber Duck,Large,Yellow,Large,19.73,2024-09-13,ORD102463,CUST4010,IL,Midwest,Online,20,355.14,39.46,80.11
RD003,Princess Rubber Duck,Themed,Green,Standard,22.0,2023-04-23,ORD102464,CUST2344,SD,Midwest,Online,39,772.2,85.8,312.9
RD001,Classic Rubber Duck,Classic,Purple,Large,23.26,2025-02-18,ORD102465,CUST2528,MI,Midwest,Online,48,949.01,167.47,172.44
RD001,Classic Rubber Duck,Classic,Green,Large,6.77,2023-09-10,ORD102466,CUST3316,NM,West,Marketplace,43,262.0,29.11,121.25
RD003,Princess Rubber Duck,Themed,Blue,Large,5.75,2025-04-03,ORD102467,CUST7242,DC,Mid-Atlantic,Marketplace,32,165.6,18.4,40.12
RD003,Princess Rubber Duck,Themed,Purple,Mini,8.05,2023-06-26,ORD102468,CUST1182,RI,Northeast,Wholesale,18,123.17,21.73,37.21
RD004,Superhero Rubber Duck,Themed,Orange,Large,20.78,2023-09-29,ORD102469,CUST8468,DC,Mid-Atlantic,Online,41,766.78,85.2,278.54
RD004,Superhero Rubber Duck,Themed,Orange,Standard,4.63,2024-07-01,ORD102470,CUST9082,NJ,Mid-Atlantic,Retail,42,165.29,29.17,33.4
RD005,Glow Rubber Duck,Specialty,Pink,Standard,13.71,2023-06-30,ORD102471,CUST4051,MD,Mid-Atlantic,Online,8,104.2,5.48,38.12
RD006,Mini Rubber Duck,Mini,Green,Mini,17.48,2025-11-22,ORD102472,CUST7227,HI,West,Online,46,763.88,40.2,218.41
RD005,Glow Rubber Duck,Specialty,Pink,Standard,7.63,2025-01-04,ORD102473,CUST5317,CA,West,Marketplace,12,82.4,9.16,40.91
RD007,Jumbo Rubber Duck,Large,Purple,Large,4.86,2023-06-20,ORD102474,CUST9274,UT,West,Wholesale,38,184.68,0.0,89.7
RD007,Jumbo Rubber Duck,Large,Purple,Standard,9.44,2024-11-05,ORD102475,CUST8068,KS,Midwest,Retail,3,28.32,0.0,9.2
RD004,Superhero Rubber Duck,Themed,Pink,Standard,14.32,2025-02-19,ORD102476,CUST4893,MT,West,Online,33,401.68,70.88,103.02
RD004,Superhero Rubber Duck,Themed,Orange,Mini,24.13,2023-10-10,ORD102477,CUST2444,NE,Midwest,Online,27,618.93,32.58,181.6
RD004,Superhero Rubber Duck,Themed,Purple,Standard,4.18,2024-07-21,ORD102478,CUST2304,CO,West,Online,18,63.95,11.29,14.47
RD004,Superhero Rubber Duck,Themed,Orange,Standard,8.34,2025-12-03,ORD102479,CUST5028,CA,West,Retail,8,60.05,6.67,15.73
RD005,Glow Rubber Duck,Specialty,Pink,Mini,16.36,2023-04-08,ORD102480,CUST6040,WV,South,Marketplace,49,801.64,0.0,388.87
RD003,Princess Rubber Duck,Themed,Orange,Standard,16.35,2023-04-26,ORD102481,CUST4621,NV,West,Retail,6,83.39,14.71,27.61
RD007,Jumbo Rubber Duck,Large,Purple,Standard,20.95,2025-12-18,ORD102482,CUST6435,OH,Midwest,Marketplace,17,302.73,53.42,69.92
RD003,Princess Rubber Duck,Themed,Orange,Mini,11.71,2023-11-22,ORD102483,CUST9790,WA,West,Online,43,478.35,25.18,141.91
RD002,Pirate Rubber Duck,Themed,Orange,Standard,7.23,2025-11-10,ORD102484,CUST7997,NV,West,Wholesale,24,164.84,8.68,84.95
RD007,Jumbo Rubber Duck,Large,Pink,Standard,17.41,2025-03-28,ORD102485,CUST4584,IA,Midwest,Marketplace,33,574.53,0.0,228.26
RD005,Glow Rubber Duck,Specialty,Blue,Standard,10.82,2023-06-12,ORD102486,CUST4287,KY,South,Online,37,340.29,60.05,126.64
RD008,Holiday Rubber Duck,Seasonal,Orange,Large,18.35,2023-11-21,ORD102487,CUST9004,FL,South,Wholesale,46,759.69,84.41,253.29
RD008,Holiday Rubber Duck,Seasonal,Purple,Mini,24.3,2025-03-01,ORD102488,CUST8021,WV,South,Marketplace,5,109.35,12.15,25.19
RD006,Mini Rubber Duck,Mini,Blue,Standard,17.68,2024-11-16,ORD102489,CUST7656,CT,Northeast,Wholesale,40,601.12,106.08,207.85
RD006,Mini Rubber Duck,Mini,Green,Large,20.34,2025-04-05,ORD102490,CUST7992,VT,Northeast,Retail,28,512.57,56.95,130.03
RD001,Classic Rubber Duck,Classic,Green,Mini,24.05,2023-08-14,ORD102491,CUST1616,RI,Northeast,Online,23,525.49,27.66,268.13
RD006,Mini Rubber Duck,Mini,Blue,Large,17.69,2023-10-24,ORD102492,CUST5600,ID,West,Retail,10,168.05,8.85,47.67
RD005,Glow Rubber Duck,Specialty,Pink,Standard,14.06,2025-11-30,ORD102493,CUST1807,WA,West,Online,27,379.62,0.0,154.91
RD001,Classic Rubber Duck,Classic,Pink,Mini,20.66,2023-05-28,ORD102494,CUST8186,VA,South,Retail,13,241.72,26.86,83.69
RD006,Mini Rubber Duck,Mini,Pink,Standard,12.4,2024-12-09,ORD102495,CUST5465,CO,West,Marketplace,48,505.92,89.28,222.56
RD001,Classic Rubber Duck,Classic,Green,Standard,16.29,2025-06-14,ORD102496,CUST7601,SC,South,Retail,26,423.54,0.0,167.82
RD008,Holiday Rubber Duck,Seasonal,Orange,Large,17.2,2024-09-04,ORD102497,CUST2031,NY,Mid-Atlantic,Online,48,784.32,41.28,331.25
RD003,Princess Rubber Duck,Themed,Purple,Mini,12.57,2025-01-16,ORD102498,CUST3796,UT,West,Online,48,573.19,30.17,180.55
RD006,Mini Rubber Duck,Mini,Purple,Standard,22.6,2023-02-10,ORD102499,CUST8438,LA,South,Wholesale,42,901.74,47.46,342.4
RD006,Mini Rubber Duck,Mini,Blue,Large,5.87,2024-06-16,ORD102500,CUST7074,WA,West,Marketplace,11,54.88,9.69,22.88
RD008,Holiday Rubber Duck,Seasonal,Green,Standard,10.05,2023-02-15,ORD102501,CUST2346,AZ,West,Online,26,261.3,0.0,114.59
RD002,Pirate Rubber Duck,Themed,Pink,Mini,11.86,2024-07-21,ORD102502,CUST6026,MO,Midwest,Retail,5,56.34,2.96,21.17
RD006,Mini Rubber Duck,Mini,Orange,Large,6.1,2024-05-15,ORD102503,CUST6510,DC,Mid-Atlantic,Marketplace,18,104.31,5.49,40.63
RD005,Glow Rubber Duck,Specialty,Green,Mini,13.11,2023-03-17,ORD102504,CUST6925,MO,Midwest,Wholesale,25,294.98,32.77,99.78
RD005,Glow Rubber Duck,Specialty,Blue,Standard,17.61,2024-09-18,ORD102505,CUST9798,AZ,West,Marketplace,46,769.56,40.5,275.7
RD008,Holiday Rubber Duck,Seasonal,Orange,Standard,22.05,2023-01-06,ORD102506,CUST1880,VT,Northeast,Marketplace,37,775.06,40.79,214.01
RD007,Jumbo Rubber Duck,Large,Green,Mini,22.16,2025-08-07,ORD102507,CUST1834,PA,Mid-Atlantic,Online,23,484.2,25.48,208.98
RD002,Pirate Rubber Duck,Themed,Orange,Standard,17.5,2024-08-12,ORD102508,CUST4938,VT,Northeast,Online,30,446.25,78.75,97.28
RD005,Glow Rubber Duck,Specialty,Pink,Standard,6.79,2025-10-21,ORD102509,CUST5170,ID,West,Online,23,140.55,15.62,51.99
RD004,Superhero Rubber Duck,Themed,Orange,Standard,17.6,2025-03-16,ORD102510,CUST7129,GA,South,Marketplace,47,703.12,124.08,266.97
RD004,Superhero Rubber Duck,Themed,Pink,Large,10.59,2025-02-02,ORD102511,CUST1289,NM,West,Wholesale,16,160.97,8.47,62.0
RD008,Holiday Rubber Duck,Seasonal,Yellow,Mini,21.48,2025-04-04,ORD102512,CUST9698,AZ,West,Wholesale,24,515.52,0.0,199.3
RD002,Pirate Rubber Duck,Themed,Yellow,Standard,7.51,2024-09-07,ORD102513,CUST2667,DE,Mid-Atlantic,Wholesale,14,94.63,10.51,35.65
RD007,Jumbo Rubber Duck,Large,Purple,Large,17.3,2025-10-06,ORD102514,CUST9014,ID,West,Retail,7,108.99,12.11,32.41
RD005,Glow Rubber Duck,Specialty,Purple,Mini,11.33,2025-11-27,ORD102515,CUST9180,RI,Northeast,Wholesale,21,214.14,23.79,47.9
RD006,Mini Rubber Duck,Mini,Yellow,Mini,6.57,2025-03-06,ORD102516,CUST2275,OH,Midwest,Marketplace,2,12.48,0.66,4.57
RD006,Mini Rubber Duck,Mini,Green,Standard,4.65,2023-03-14,ORD102517,CUST5418,NM,West,Online,3,13.95,0.0,6.14
RD008,Holiday Rubber Duck,Seasonal,Green,Large,18.71,2023-07-20,ORD102518,CUST3557,CO,West,Online,12,202.07,22.45,83.42
RD006,Mini Rubber Duck,Mini,Pink,Mini,20.38,2024-05-26,ORD102519,CUST8019,HI,West,Marketplace,43,744.89,131.45,253.01
RD004,Superhero Rubber Duck,Themed,Green,Mini,20.7,2023-04-29,ORD102520,CUST3176,AR,South,Retail,46,809.37,142.83,370.05
RD005,Glow Rubber Duck,Specialty,Yellow,Standard,8.83,2023-01-15,ORD102521,CUST4105,NH,Northeast,Online,23,203.09,0.0,73.45
RD008,Holiday Rubber Duck,Seasonal,Pink,Standard,14.33,2024-04-05,ORD102522,CUST7783,NC,South,Marketplace,20,272.27,14.33,112.33
RD002,Pirate Rubber Duck,Themed,Purple,Large,24.22,2025-07-23,ORD102523,CUST4740,TN,South,Wholesale,13,314.86,0.0,120.89
RD007,Jumbo Rubber Duck,Large,Blue,Large,21.08,2024-12-02,ORD102524,CUST7800,TN,South,Retail,25,527.0,0.0,222.17
RD008,Holiday Rubber Duck,Seasonal,Green,Standard,18.85,2025-12-07,ORD102525,CUST2698,AZ,West,Online,5,89.54,4.71,26.24
RD003,Princess Rubber Duck,Themed,Pink,Mini,20.72,2023-12-07,ORD102526,CUST7186,NJ,Mid-Atlantic,Online,11,227.92,0.0,110.32
RD002,Pirate Rubber Duck,Themed,Green,Standard,20.57,2024-09-18,ORD102527,CUST8397,ID,West,Wholesale,35,683.95,36.0,208.26
RD005,Glow Rubber Duck,Specialty,Pink,Standard,18.69,2024-10-11,ORD102528,CUST2251,MN,Midwest,Online,12,201.85,22.43,62.44
RD002,Pirate Rubber Duck,Themed,Green,Mini,21.84,2025-02-21,ORD102529,CUST9375,NM,West,Online,45,884.52,98.28,421.29
RD006,Mini Rubber Duck,Mini,Green,Large,8.32,2024-03-19,ORD102530,CUST8026,NY,Mid-Atlantic,Wholesale,42,349.44,0.0,131.91
RD002,Pirate Rubber Duck,Themed,Blue,Mini,22.84,2023-10-03,ORD102531,CUST2220,HI,West,Wholesale,32,730.88,0.0,354.45
RD004,Superhero Rubber Duck,Themed,Blue,Large,10.79,2025-06-26,ORD102532,CUST4392,NJ,Mid-Atlantic,Marketplace,4,43.16,0.0,22.54
RD001,Classic Rubber Duck,Classic,Green,Mini,14.66,2025-08-17,ORD102533,CUST1173,NY,Mid-Atlantic,Marketplace,50,623.05,109.95,124.59
RD008,Holiday Rubber Duck,Seasonal,Yellow,Standard,24.39,2025-02-03,ORD102534,CUST7898,MI,Midwest,Marketplace,16,331.7,58.54,119.29
RD002,Pirate Rubber Duck,Themed,Orange,Standard,24.12,2025-12-08,ORD102535,CUST1808,IN,Midwest,Wholesale,32,733.25,38.59,377.86
RD002,Pirate Rubber Duck,Themed,Green,Standard,21.08,2023-11-28,ORD102536,CUST6382,CO,West,Marketplace,15,316.2,0.0,156.03
RD005,Glow Rubber Duck,Specialty,Purple,Large,13.8,2024-10-23,ORD102537,CUST4779,CO,West,Online,7,96.6,0.0,43.44
RD007,Jumbo Rubber Duck,Large,Pink,Mini,20.74,2024-04-14,ORD102538,CUST6509,OK,South,Online,3,52.89,9.33,14.86
RD008,Holiday Rubber Duck,Seasonal,Blue,Standard,15.59,2023-07-24,ORD102539,CUST9926,ME,Northeast,Retail,48,673.49,74.83,232.23
RD007,Jumbo Rubber Duck,Large,Yellow,Large,13.7,2024-05-20,ORD102540,CUST5079,OH,Midwest,Marketplace,12,164.4,0.0,50.93
RD003,Princess Rubber Duck,Themed,Orange,Large,12.42,2025-05-17,ORD102541,CUST1410,NC,South,Marketplace,1,11.8,0.62,5.67
RD006,Mini Rubber Duck,Mini,Orange,Mini,4.21,2025-01-23,ORD102542,CUST9249,TN,South,Wholesale,39,155.98,8.21,73.93
RD004,Superhero Rubber Duck,Themed,Yellow,Standard,5.73,2024-10-30,ORD102543,CUST6103,NM,West,Wholesale,27,139.24,15.47,52.27
RD005,Glow Rubber Duck,Specialty,Purple,Mini,8.56,2023-11-30,ORD102544,CUST5984,SD,Midwest,Online,45,346.68,38.52,161.58
RD002,Pirate Rubber Duck,Themed,Orange,Large,9.13,2025-09-14,ORD102545,CUST1195,MD,Mid-Atlantic,Retail,6,49.3,5.48,19.61
RD006,Mini Rubber Duck,Mini,Blue,Mini,6.09,2023-02-24,ORD102546,CUST6659,ID,West,Marketplace,32,194.88,0.0,65.43
RD008,Holiday Rubber Duck,Seasonal,Yellow,Standard,10.36,2025-02-21,ORD102547,CUST2527,RI,Northeast,Marketplace,9,83.92,9.32,20.75
RD005,Glow Rubber Duck,Specialty,Green,Large,8.86,2025-07-06,ORD102548,CUST5241,HI,West,Online,41,326.93,36.33,144.5
RD008,Holiday Rubber Duck,Seasonal,Green,Standard,13.75,2023-01-20,ORD102549,CUST4677,MO,Midwest,Wholesale,43,502.56,88.69,109.72
RD006,Mini Rubber Duck,Mini,Blue,Mini,19.03,2025-08-25,ORD102550,CUST4729,HI,West,Retail,44,795.45,41.87,242.24
RD003,Princess Rubber Duck,Themed,Pink,Standard,20.61,2025-10-20,ORD102551,CUST2905,KY,South,Online,48,840.89,148.39,313.27
RD005,Glow Rubber Duck,Specialty,Purple,Mini,22.83,2025-06-17,ORD102552,CUST2918,AZ,West,Online,3,61.64,6.85,18.82
RD006,Mini Rubber Duck,Mini,Orange,Large,21.98,2025-07-20,ORD102553,CUST6896,OH,Midwest,Wholesale,19,396.74,20.88,158.32
RD008,Holiday Rubber Duck,Seasonal,Green,Standard,6.2,2025-08-26,ORD102554,CUST8365,MI,Midwest,Wholesale,4,21.08,3.72,4.01
RD005,Glow Rubber Duck,Specialty,Purple,Large,11.16,2025-03-04,ORD102555,CUST4442,AL,South,Wholesale,10,94.86,16.74,40.41
RD006,Mini Rubber Duck,Mini,Purple,Standard,4.51,2024-06-12,ORD102556,CUST9657,AR,South,Wholesale,14,63.14,0.0,25.12
RD007,Jumbo Rubber Duck,Large,Yellow,Mini,11.95,2025-04-15,ORD102557,CUST9509,MA,Northeast,Retail,38,431.4,22.7,122.37
RD007,Jumbo Rubber Duck,Large,Green,Large,4.7,2025-07-23,ORD102558,CUST7137,ID,West,Marketplace,50,199.75,35.25,42.11
RD001,Classic Rubber Duck,Classic,Green,Large,15.86,2025-10-14,ORD102559,CUST4010,MD,Mid-Atlantic,Marketplace,27,406.81,21.41,173.83
RD002,Pirate Rubber Duck,Themed,Blue,Large,23.86,2023-09-10,ORD102560,CUST7872,ME,Northeast,Retail,49,1110.68,58.46,295.69
RD003,Princess Rubber Duck,Themed,Blue,Mini,15.32,2023-12-02,ORD102561,CUST4962,MA,Northeast,Online,42,611.27,32.17,275.49
RD003,Princess Rubber Duck,Themed,Green,Large,16.37,2023-02-16,ORD102562,CUST1451,MD,Mid-Atlantic,Marketplace,15,220.99,24.56,93.31
RD005,Glow Rubber Duck,Specialty,Pink,Standard,23.25,2024-01-26,ORD102563,CUST9809,DC,Mid-Atlantic,Marketplace,26,544.05,60.45,173.13
RD006,Mini Rubber Duck,Mini,Yellow,Standard,10.41,2023-04-10,ORD102564,CUST5340,MD,Mid-Atlantic,Wholesale,9,84.32,9.37,36.48
RD006,Mini Rubber Duck,Mini,Yellow,Standard,14.05,2025-12-01,ORD102565,CUST3731,TN,South,Wholesale,22,293.64,15.46,146.3
RD006,Mini Rubber Duck,Mini,Green,Standard,15.11,2025-06-28,ORD102566,CUST3162,NC,South,Wholesale,1,13.6,1.51,5.87
RD006,Mini Rubber Duck,Mini,Purple,Mini,15.69,2023-02-26,ORD102567,CUST1688,MA,Northeast,Retail,28,373.42,65.9,115.94
RD003,Princess Rubber Duck,Themed,Orange,Large,9.22,2023-07-10,ORD102568,CUST6341,NY,Mid-Atlantic,Marketplace,5,39.18,6.92,18.04
RD007,Jumbo Rubber Duck,Large,Orange,Large,20.28,2025-08-24,ORD102569,CUST8930,MD,Mid-Atlantic,Retail,43,828.44,43.6,318.31
RD008,Holiday Rubber Duck,Seasonal,Blue,Large,5.59,2025-04-17,ORD102570,CUST2853,DC,Mid-Atlantic,Marketplace,11,55.34,6.15,18.95
RD007,Jumbo Rubber Duck,Large,Orange,Large,6.4,2024-01-10,ORD102571,CUST9299,GA,South,Online,1,6.08,0.32,2.89
RD008,Holiday Rubber Duck,Seasonal,Pink,Standard,10.8,2025-09-25,ORD102572,CUST2299,ME,Northeast,Retail,45,486.0,0.0,245.58
RD001,Classic Rubber Duck,Classic,Pink,Standard,7.33,2025-09-28,ORD102573,CUST7005,DC,Mid-Atlantic,Wholesale,46,337.18,0.0,178.51
RD002,Pirate Rubber Duck,Themed,Yellow,Standard,15.12,2023-05-20,ORD102574,CUST7648,WI,Midwest,Marketplace,40,574.56,30.24,202.83
RD003,Princess Rubber Duck,Themed,Purple,Large,17.64,2025-04-10,ORD102575,CUST8328,MN,Midwest,Wholesale,2,35.28,0.0,16.27
RD005,Glow Rubber Duck,Specialty,Pink,Standard,8.82,2025-12-30,ORD102576,CUST9894,NY,Mid-Atlantic,Retail,47,352.36,62.18,160.08
RD004,Superhero Rubber Duck,Themed,Purple,Large,24.31,2024-05-02,ORD102577,CUST4541,RI,Northeast,Marketplace,33,681.9,120.33,292.47
RD001,Classic Rubber Duck,Classic,Blue,Mini,20.7,2023-11-11,ORD102578,CUST7575,OH,Midwest,Marketplace,17,316.71,35.19,119.17
RD002,Pirate Rubber Duck,Themed,Yellow,Mini,17.93,2025-07-31,ORD102579,CUST6979,LA,South,Online,22,394.46,0.0,155.72
RD002,Pirate Rubber Duck,Themed,Pink,Mini,14.41,2023-09-22,ORD102580,CUST3141,CO,West,Online,31,424.37,22.34,220.26
RD002,Pirate Rubber Duck,Themed,Purple,Mini,15.53,2024-04-09,ORD102581,CUST8372,WA,West,Online,47,656.92,72.99,305.41
RD005,Glow Rubber Duck,Specialty,Blue,Large,21.86,2025-11-01,ORD102582,CUST2689,NM,West,Wholesale,49,910.47,160.67,271.67
RD006,Mini Rubber Duck,Mini,Yellow,Standard,6.61,2025-06-27,ORD102583,CUST3701,OK,South,Online,28,175.83,9.25,55.43
RD008,Holiday Rubber Duck,Seasonal,Blue,Standard,23.65,2024-09-26,ORD102584,CUST8663,TX,South,Retail,20,473.0,0.0,142.5
RD007,Jumbo Rubber Duck,Large,Purple,Mini,6.73,2024-05-01,ORD102585,CUST3913,DE,Mid-Atlantic,Wholesale,39,262.47,0.0,110.43
RD008,Holiday Rubber Duck,Seasonal,Green,Mini,19.94,2025-08-02,ORD102586,CUST5225,IL,Midwest,Wholesale,42,711.86,125.62,186.7
RD004,Superhero Rubber Duck,Themed,Orange,Standard,17.21,2025-08-05,ORD102587,CUST3699,SC,South,Marketplace,22,340.76,37.86,111.45
RD006,Mini Rubber Duck,Mini,Purple,Large,11.08,2025-11-27,ORD102588,CUST1704,MI,Midwest,Retail,26,259.27,28.81,113.59
RD001,Classic Rubber Duck,Classic,Pink,Standard,23.48,2023-09-14,ORD102589,CUST7860,PA,Mid-Atlantic,Online,42,986.16,0.0,384.43
RD001,Classic Rubber Duck,Classic,Green,Mini,10.02,2024-12-26,ORD102590,CUST8829,RI,Northeast,Marketplace,39,390.78,0.0,174.0
RD003,Princess Rubber Duck,Themed,Orange,Mini,12.51,2024-06-19,ORD102591,CUST1541,NC,South,Retail,45,534.8,28.15,263.75
RD007,Jumbo Rubber Duck,Large,Purple,Mini,5.1,2024-07-03,ORD102592,CUST2642,NV,West,Wholesale,49,249.9,0.0,92.6
RD003,Princess Rubber Duck,Themed,Blue,Standard,6.27,2024-01-13,ORD102593,CUST6091,IL,Midwest,Online,46,288.42,0.0,104.4
RD005,Glow Rubber Duck,Specialty,Pink,Mini,12.83,2025-12-04,ORD102594,CUST4649,MN,Midwest,Retail,1,12.83,0.0,5.02
RD006,Mini Rubber Duck,Mini,Blue,Large,24.68,2023-12-02,ORD102595,CUST9826,MT,West,Retail,18,377.6,66.64,88.72
RD006,Mini Rubber Duck,Mini,Pink,Mini,18.36,2023-06-18,ORD102596,CUST1325,CO,West,Retail,45,702.27,123.93,167.82
RD003,Princess Rubber Duck,Themed,Yellow,Large,19.57,2023-01-22,ORD102597,CUST4322,IN,Midwest,Retail,30,557.74,29.36,234.44
RD001,Classic Rubber Duck,Classic,Green,Mini,18.76,2025-07-17,ORD102598,CUST6107,CA,West,Wholesale,41,769.16,0.0,339.91
RD003,Princess Rubber Duck,Themed,Purple,Standard,14.26,2023-04-18,ORD102599,CUST3884,ND,Midwest,Retail,48,616.03,68.45,253.58
RD002,Pirate Rubber Duck,Themed,Pink,Standard,14.34,2025-06-26,ORD102600,CUST4680,SD,Midwest,Retail,10,143.4,0.0,52.53
RD005,Glow Rubber Duck,Specialty,Purple,Large,16.06,2024-03-10,ORD102601,CUST4001,DC,Mid-Atlantic,Wholesale,38,610.28,0.0,293.37
RD003,Princess Rubber Duck,Themed,Orange,Mini,15.71,2024-05-23,ORD102602,CUST4626,ID,West,Retail,15,212.08,23.57,79.13
RD001,Classic Rubber Duck,Classic,Green,Standard,9.81,2024-04-16,ORD102603,CUST2662,IL,Midwest,Retail,16,149.11,7.85,76.5
RD003,Princess Rubber Duck,Themed,Blue,Large,13.98,2025-02-05,ORD102604,CUST8514,OK,South,Retail,17,237.66,0.0,93.07
RD001,Classic Rubber Duck,Classic,Blue,Mini,11.27,2023-09-15,ORD102605,CUST6351,NJ,Mid-Atlantic,Online,21,236.67,0.0,106.52
RD001,Classic Rubber Duck,Classic,Yellow,Large,5.88,2025-10-18,ORD102606,CUST5370,KS,Midwest,Online,23,121.72,13.52,42.8
RD005,Glow Rubber Duck,Specialty,Pink,Mini,22.79,2025-03-16,ORD102607,CUST2289,NJ,Mid-Atlantic,Retail,44,902.48,100.28,214.01
RD006,Mini Rubber Duck,Mini,Green,Large,5.83,2023-03-14,ORD102608,CUST2234,TX,South,Online,21,116.31,6.12,45.59
RD004,Superhero Rubber Duck,Themed,Orange,Standard,11.33,2024-09-27,ORD102609,CUST2120,VA,South,Marketplace,48,516.65,27.19,172.78
RD002,Pirate Rubber Duck,Themed,Green,Standard,14.43,2023-09-06,ORD102610,CUST4778,LA,South,Retail,49,636.36,70.71,254.91
RD003,Princess Rubber Duck,Themed,Yellow,Large,9.16,2023-10-02,ORD102611,CUST9789,AL,South,Wholesale,28,256.48,0.0,93.3
RD007,Jumbo Rubber Duck,Large,Pink,Mini,6.75,2023-05-30,ORD102612,CUST5737,PA,Mid-Atlantic,Retail,50,337.5,0.0,146.96
RD001,Classic Rubber Duck,Classic,Orange,Standard,15.8,2025-05-10,ORD102613,CUST8546,KY,South,Online,25,355.5,39.5,111.82
RD005,Glow Rubber Duck,Specialty,Yellow,Large,8.52,2025-10-31,ORD102614,CUST1621,DC,Mid-Atlantic,Online,28,238.56,0.0,76.76
RD001,Classic Rubber Duck,Classic,Orange,Mini,20.06,2024-03-19,ORD102615,CUST8955,VT,Northeast,Online,27,541.62,0.0,182.85
RD004,Superhero Rubber Duck,Themed,Orange,Large,20.77,2024-05-12,ORD102616,CUST2865,VT,Northeast,Marketplace,26,540.02,0.0,244.92
RD008,Holiday Rubber Duck,Seasonal,Pink,Large,11.39,2023-04-04,ORD102617,CUST1576,AK,West,Marketplace,34,348.53,38.73,83.97
RD006,Mini Rubber Duck,Mini,Yellow,Mini,15.25,2025-12-09,ORD102618,CUST8850,ND,Midwest,Retail,11,142.59,25.16,47.03
RD008,Holiday Rubber Duck,Seasonal,Green,Mini,19.19,2024-08-17,ORD102619,CUST4164,NY,Mid-Atlantic,Marketplace,36,690.84,0.0,263.69
RD004,Superhero Rubber Duck,Themed,Orange,Mini,9.93,2023-02-28,ORD102620,CUST1814,AL,South,Marketplace,30,283.01,14.89,94.8
RD008,Holiday Rubber Duck,Seasonal,Pink,Standard,16.56,2024-06-06,ORD102621,CUST9988,HI,West,Retail,41,611.06,67.9,288.0
RD007,Jumbo Rubber Duck,Large,Green,Large,9.45,2025-06-09,ORD102622,CUST9439,MI,Midwest,Marketplace,31,263.65,29.3,90.49
RD008,Holiday Rubber Duck,Seasonal,Green,Standard,22.23,2023-06-22,ORD102623,CUST6805,WV,South,Marketplace,22,415.7,73.36,86.41
RD001,Classic Rubber Duck,Classic,Blue,Mini,16.75,2024-09-13,ORD102624,CUST9253,AR,South,Online,24,341.7,60.3,139.97
RD008,Holiday Rubber Duck,Seasonal,Pink,Standard,23.56,2025-12-19,ORD102625,CUST6427,MD,Mid-Atlantic,Retail,2,47.12,0.0,24.33
RD004,Superhero Rubber Duck,Themed,Green,Standard,14.0,2023-07-23,ORD102626,CUST8881,KS,Midwest,Online,16,224.0,0.0,85.29
RD003,Princess Rubber Duck,Themed,Yellow,Mini,11.78,2023-01-26,ORD102627,CUST5302,MI,Midwest,Online,36,360.47,63.61,98.25
RD003,Princess Rubber Duck,Themed,Pink,Large,10.08,2024-12-01,ORD102628,CUST1513,TX,South,Online,21,211.68,0.0,81.59
RD004,Superhero Rubber Duck,Themed,Blue,Standard,12.42,2025-09-06,ORD102629,CUST7185,ID,West,Online,30,353.97,18.63,137.82
RD007,Jumbo Rubber Duck,Large,Purple,Mini,8.24,2024-03-26,ORD102630,CUST1450,NY,Mid-Atlantic,Online,50,370.8,41.2,159.78
RD002,Pirate Rubber Duck,Themed,Yellow,Standard,10.56,2024-04-07,ORD102631,CUST5554,SC,South,Online,40,380.16,42.24,124.77
RD008,Holiday Rubber Duck,Seasonal,Green,Mini,24.19,2025-04-26,ORD102632,CUST9388,WY,West,Marketplace,27,587.82,65.31,132.2
RD004,Superhero Rubber Duck,Themed,Green,Standard,14.95,2023-11-14,ORD102633,CUST7622,WV,South,Online,25,355.06,18.69,173.3
RD001,Classic Rubber Duck,Classic,Yellow,Standard,9.24,2024-08-10,ORD102634,CUST7262,NJ,Mid-Atlantic,Marketplace,9,79.0,4.16,22.94
RD008,Holiday Rubber Duck,Seasonal,Pink,Mini,11.54,2023-03-31,ORD102635,CUST9463,NH,Northeast,Retail,43,446.6,49.62,158.96
RD001,Classic Rubber Duck,Classic,Blue,Mini,12.66,2023-08-24,ORD102636,CUST3082,WV,South,Marketplace,28,354.48,0.0,132.08
RD005,Glow Rubber Duck,Specialty,Yellow,Standard,17.32,2025-05-02,ORD102637,CUST3302,MS,South,Marketplace,3,44.17,7.79,10.4
RD007,Jumbo Rubber Duck,Large,Blue,Mini,21.4,2023-01-31,ORD102638,CUST5252,UT,West,Retail,19,365.94,40.66,152.18
RD005,Glow Rubber Duck,Specialty,Blue,Standard,21.55,2025-08-03,ORD102639,CUST2258,MT,West,Wholesale,13,280.15,0.0,136.97
RD006,Mini Rubber Duck,Mini,Purple,Standard,23.79,2025-02-17,ORD102640,CUST2995,NH,Northeast,Wholesale,8,190.32,0.0,71.59
RD002,Pirate Rubber Duck,Themed,Yellow,Standard,9.21,2023-06-24,ORD102641,CUST8441,HI,West,Online,37,289.65,51.12,135.76
RD002,Pirate Rubber Duck,Themed,Purple,Large,20.88,2025-02-13,ORD102642,CUST3343,RI,Northeast,Wholesale,40,793.44,41.76,264.42
RD008,Holiday Rubber Duck,Seasonal,Blue,Standard,15.59,2023-04-03,ORD102643,CUST2286,ND,Midwest,Wholesale,50,740.52,38.98,333.34
RD002,Pirate Rubber Duck,Themed,Yellow,Large,14.82,2024-12-01,ORD102644,CUST4792,NY,Mid-Atlantic,Retail,8,118.56,0.0,55.96
RD006,Mini Rubber Duck,Mini,Yellow,Large,22.34,2025-07-11,ORD102645,CUST6917,MA,Northeast,Marketplace,43,960.62,0.0,453.96
RD001,Classic Rubber Duck,Classic,Purple,Large,9.76,2024-08-29,ORD102646,CUST8516,AK,West,Retail,4,33.18,5.86,11.19
RD002,Pirate Rubber Duck,Themed,Blue,Mini,6.19,2025-08-28,ORD102647,CUST8499,NH,Northeast,Wholesale,23,121.01,21.36,47.27
RD008,Holiday Rubber Duck,Seasonal,Green,Standard,20.59,2024-03-15,ORD102648,CUST5231,AZ,West,Marketplace,30,555.93,61.77,273.75
RD001,Classic Rubber Duck,Classic,Yellow,Mini,9.18,2024-08-14,ORD102649,CUST7627,NV,West,Wholesale,7,61.05,3.21,25.82
RD002,Pirate Rubber Duck,Themed,Pink,Mini,4.35,2025-07-12,ORD102650,CUST2070,MA,Northeast,Online,11,40.67,7.18,10.06
RD006,Mini Rubber Duck,Mini,Orange,Standard,9.06,2025-12-29,ORD102651,CUST6444,IA,Midwest,Wholesale,44,398.64,0.0,211.16
RD007,Jumbo Rubber Duck,Large,Yellow,Mini,10.75,2024-08-14,ORD102652,CUST5602,NH,Northeast,Marketplace,26,279.5,0.0,126.58
RD005,Glow Rubber Duck,Specialty,Orange,Standard,13.73,2025-11-28,ORD102653,CUST9335,CO,West,Wholesale,20,233.41,41.19,56.64
RD002,Pirate Rubber Duck,Themed,Yellow,Standard,22.85,2023-02-21,ORD102654,CUST8676,OH,Midwest,Online,16,310.76,54.84,72.38
RD002,Pirate Rubber Duck,Themed,Orange,Standard,23.93,2024-10-03,ORD102655,CUST4232,MO,Midwest,Retail,49,1113.94,58.63,394.61
RD001,Classic Rubber Duck,Classic,Yellow,Mini,6.16,2025-05-16,ORD102656,CUST5555,ND,Midwest,Online,5,26.18,4.62,11.5
RD003,Princess Rubber Duck,Themed,Green,Standard,10.01,2025-05-16,ORD102657,CUST4726,VT,Northeast,Retail,6,54.05,6.01,22.01
RD004,Superhero Rubber Duck,Themed,Pink,Mini,17.93,2024-12-02,ORD102658,CUST4748,AZ,West,Online,47,716.3,126.41,129.58
RD008,Holiday Rubber Duck,Seasonal,Pink,Large,19.25,2023-04-24,ORD102659,CUST3950,NH,Northeast,Marketplace,24,438.9,23.1,126.26
RD007,Jumbo Rubber Duck,Large,Purple,Standard,19.1,2025-09-05,ORD102660,CUST4856,SC,South,Online,46,878.6,0.0,272.97
RD008,Holiday Rubber Duck,Seasonal,Pink,Large,22.24,2023-11-13,ORD102661,CUST9115,MD,Mid-Atlantic,Retail,49,926.3,163.46,246.71
RD004,Superhero Rubber Duck,Themed,Orange,Mini,21.75,2024-05-13,ORD102662,CUST8850,UT,West,Marketplace,25,489.37,54.38,112.86
RD008,Holiday Rubber Duck,Seasonal,Green,Large,18.72,2023-09-12,ORD102663,CUST7398,VT,Northeast,Marketplace,16,269.57,29.95,91.62
RD001,Classic Rubber Duck,Classic,Pink,Standard,11.66,2024-04-13,ORD102664,CUST3052,OH,Midwest,Online,36,419.76,0.0,180.74
RD002,Pirate Rubber Duck,Themed,Pink,Standard,11.11,2025-01-29,ORD102665,CUST5952,IN,Midwest,Marketplace,26,274.42,14.44,76.95
RD004,Superhero Rubber Duck,Themed,Purple,Large,18.56,2024-08-29,ORD102666,CUST6368,MT,West,Wholesale,29,538.24,0.0,282.36
RD008,Holiday Rubber Duck,Seasonal,Purple,Mini,16.58,2025-08-31,ORD102667,CUST9863,NH,Northeast,Marketplace,16,238.75,26.53,75.51
RD007,Jumbo Rubber Duck,Large,Green,Mini,11.59,2023-12-22,ORD102668,CUST1116,WA,West,Online,9,104.31,0.0,48.78
RD002,Pirate Rubber Duck,Themed,Yellow,Standard,20.18,2025-05-18,ORD102669,CUST2153,CT,Northeast,Marketplace,4,80.72,0.0,27.89
RD004,Superhero Rubber Duck,Themed,Blue,Mini,20.53,2023-06-29,ORD102670,CUST1768,AZ,West,Retail,50,1026.5,0.0,528.82
RD004,Superhero Rubber Duck,Themed,Green,Mini,17.98,2025-04-09,ORD102671,CUST4221,AZ,West,Retail,25,449.5,0.0,161.35
RD002,Pirate Rubber Duck,Themed,Purple,Mini,17.96,2025-08-12,ORD102672,CUST7761,VT,Northeast,Wholesale,34,610.64,0.0,260.47
RD006,Mini Rubber Duck,Mini,Orange,Mini,16.71,2025-12-22,ORD102673,CUST3288,MI,Midwest,Online,9,150.39,0.0,53.69
RD007,Jumbo Rubber Duck,Large,Yellow,Large,15.04,2025-02-26,ORD102674,CUST4659,NY,Mid-Atlantic,Online,26,351.94,39.1,164.09
RD003,Princess Rubber Duck,Themed,Orange,Mini,9.49,2025-05-17,ORD102675,CUST6191,DE,Mid-Atlantic,Online,8,64.53,11.39,18.83
RD007,Jumbo Rubber Duck,Large,Purple,Large,9.74,2023-05-19,ORD102676,CUST4737,IA,Midwest,Retail,16,148.05,7.79,69.14
RD006,Mini Rubber Duck,Mini,Blue,Standard,7.12,2023-07-28,ORD102677,CUST4938,MD,Mid-Atlantic,Marketplace,41,248.13,43.79,58.01
RD005,Glow Rubber Duck,Specialty,Pink,Standard,15.91,2025-04-28,ORD102678,CUST5936,WY,West,Wholesale,11,166.26,8.75,73.81
RD004,Superhero Rubber Duck,Themed,Yellow,Standard,19.31,2023-08-26,ORD102679,CUST4646,KS,Midwest,Retail,28,540.68,0.0,179.49
RD001,Classic Rubber Duck,Classic,Green,Mini,4.5,2025-10-20,ORD102680,CUST6471,WI,Midwest,Wholesale,46,207.0,0.0,97.27
RD006,Mini Rubber Duck,Mini,Purple,Mini,17.85,2025-03-06,ORD102681,CUST8888,NM,West,Marketplace,45,803.25,0.0,286.98
RD001,Classic Rubber Duck,Classic,Green,Mini,16.11,2024-06-29,ORD102682,CUST8667,PA,Mid-Atlantic,Retail,45,688.7,36.25,359.61
RD002,Pirate Rubber Duck,Themed,Blue,Mini,22.6,2024-03-19,ORD102683,CUST6308,IN,Midwest,Wholesale,26,499.46,88.14,128.56
RD002,Pirate Rubber Duck,Themed,Green,Mini,4.13,2025-09-29,ORD102684,CUST8460,HI,West,Retail,40,148.68,16.52,60.1
RD006,Mini Rubber Duck,Mini,Pink,Large,10.62,2023-10-27,ORD102685,CUST8396,SD,Midwest,Wholesale,23,244.26,0.0,99.88
RD002,Pirate Rubber Duck,Themed,Yellow,Mini,14.06,2025-07-22,ORD102686,CUST9645,ME,Northeast,Marketplace,14,167.31,29.53,31.33
RD003,Princess Rubber Duck,Themed,Pink,Large,24.1,2023-11-25,ORD102687,CUST5778,AL,South,Retail,30,614.55,108.45,270.39
RD004,Superhero Rubber Duck,Themed,Yellow,Large,20.72,2024-05-25,ORD102688,CUST9325,NY,Mid-Atlantic,Retail,35,725.2,0.0,333.32
RD003,Princess Rubber Duck,Themed,Yellow,Mini,15.72,2023-12-17,ORD102689,CUST8728,AR,South,Retail,33,440.95,77.81,178.56
RD002,Pirate Rubber Duck,Themed,Orange,Standard,13.26,2024-08-18,ORD102690,CUST3446,DC,Mid-Atlantic,Retail,46,518.47,91.49,94.31
RD001,Classic Rubber Duck,Classic,Blue,Large,4.13,2024-08-27,ORD102691,CUST8699,IN,Midwest,Wholesale,40,140.42,24.78,31.18
RD002,Pirate Rubber Duck,Themed,Purple,Standard,19.04,2024-03-04,ORD102692,CUST6345,NE,Midwest,Online,32,517.89,91.39,127.64
RD003,Princess Rubber Duck,Themed,Yellow,Standard,19.33,2023-02-09,ORD102693,CUST2323,AK,West,Online,23,400.13,44.46,189.91
RD002,Pirate Rubber Duck,Themed,Green,Mini,18.45,2023-09-21,ORD102694,CUST4407,AZ,West,Online,50,830.25,92.25,251.38
RD001,Classic Rubber Duck,Classic,Yellow,Mini,4.22,2024-10-21,ORD102695,CUST9666,DE,Mid-Atlantic,Retail,29,116.26,6.12,57.24
RD001,Classic Rubber Duck,Classic,Pink,Mini,9.7,2025-07-24,ORD102696,CUST2879,DC,Mid-Atlantic,Marketplace,10,87.3,9.7,38.86
RD003,Princess Rubber Duck,Themed,Yellow,Standard,22.14,2024-03-28,ORD102697,CUST7984,CA,West,Marketplace,8,150.55,26.57,39.43
RD008,Holiday Rubber Duck,Seasonal,Yellow,Mini,9.21,2024-06-01,ORD102698,CUST7382,VA,South,Online,1,8.29,0.92,3.28
RD007,Jumbo Rubber Duck,Large,Pink,Large,16.18,2024-08-11,ORD102699,CUST6427,WI,Midwest,Online,1,16.18,0.0,6.13
RD002,Pirate Rubber Duck,Themed,Purple,Mini,17.76,2025-04-25,ORD102700,CUST9449,LA,South,Online,32,483.07,85.25,184.8
RD003,Princess Rubber Duck,Themed,Orange,Large,6.49,2025-04-15,ORD102701,CUST7810,WV,South,Online,1,5.84,0.65,1.59
RD004,Superhero Rubber Duck,Themed,Purple,Mini,21.56,2024-05-15,ORD102702,CUST3181,VT,Northeast,Online,46,892.58,99.18,353.94
RD006,Mini Rubber Duck,Mini,Pink,Standard,8.05,2024-04-26,ORD102703,CUST1938,MT,West,Wholesale,30,205.27,36.23,58.2
RD008,Holiday Rubber Duck,Seasonal,Yellow,Mini,23.7,2023-04-06,ORD102704,CUST2897,IN,Midwest,Wholesale,48,1080.72,56.88,399.35
RD003,Princess Rubber Duck,Themed,Green,Mini,14.63,2023-12-29,ORD102705,CUST4621,FL,South,Online,28,389.16,20.48,157.41
RD008,Holiday Rubber Duck,Seasonal,Orange,Large,16.33,2025-01-04,ORD102706,CUST1114,TN,South,Marketplace,16,261.28,0.0,127.07
RD002,Pirate Rubber Duck,Themed,Pink,Large,5.41,2024-03-26,ORD102707,CUST6381,CO,West,Wholesale,20,102.79,5.41,49.28
RD006,Mini Rubber Duck,Mini,Pink,Standard,4.94,2025-06-26,ORD102708,CUST9125,WA,West,Online,48,213.41,23.71,73.3
RD002,Pirate Rubber Duck,Themed,Pink,Standard,24.77,2024-09-17,ORD102709,CUST7744,DE,Mid-Atlantic,Retail,36,847.13,44.59,441.77
RD008,Holiday Rubber Duck,Seasonal,Yellow,Large,20.1,2025-03-07,ORD102710,CUST6843,FL,South,Marketplace,44,884.4,0.0,467.02
RD001,Classic Rubber Duck,Classic,Blue,Standard,17.84,2024-02-25,ORD102711,CUST9547,VT,Northeast,Marketplace,11,186.43,9.81,92.42
RD001,Classic Rubber Duck,Classic,Blue,Large,8.1,2023-05-25,ORD102712,CUST9316,RI,Northeast,Retail,30,206.55,36.45,55.84
RD001,Classic Rubber Duck,Classic,Orange,Large,12.19,2025-09-08,ORD102713,CUST3074,WI,Midwest,Marketplace,7,85.33,0.0,30.98
RD002,Pirate Rubber Duck,Themed,Purple,Large,12.26,2025-09-21,ORD102714,CUST9504,LA,South,Wholesale,4,46.59,2.45,21.93
RD003,Princess Rubber Duck,Themed,Orange,Standard,19.4,2023-08-03,ORD102715,CUST4847,UT,West,Marketplace,36,593.64,104.76,189.87
RD007,Jumbo Rubber Duck,Large,Blue,Standard,18.94,2025-08-21,ORD102716,CUST5662,NY,Mid-Atlantic,Wholesale,37,700.78,0.0,272.42
RD005,Glow Rubber Duck,Specialty,Pink,Mini,18.35,2024-09-26,ORD102717,CUST1708,MS,South,Marketplace,42,693.63,77.07,179.27
RD007,Jumbo Rubber Duck,Large,Pink,Large,19.61,2024-12-04,ORD102718,CUST4805,WA,West,Wholesale,9,150.02,26.47,42.35
RD008,Holiday Rubber Duck,Seasonal,Blue,Standard,6.28,2024-06-14,ORD102719,CUST9444,KY,South,Retail,26,163.28,0.0,51.57
RD006,Mini Rubber Duck,Mini,Green,Large,5.13,2024-10-05,ORD102720,CUST4653,AK,West,Marketplace,39,170.06,30.01,61.83
RD006,Mini Rubber Duck,Mini,Pink,Mini,24.7,2025-12-13,ORD102721,CUST6023,NE,Midwest,Online,36,889.2,0.0,404.94
RD008,Holiday Rubber Duck,Seasonal,Green,Standard,24.91,2025-08-12,ORD102722,CUST2538,NY,Mid-Atlantic,Retail,42,1046.22,0.0,364.51
RD006,Mini Rubber Duck,Mini,Blue,Mini,17.14,2023-11-17,ORD102723,CUST4233,CT,Northeast,Wholesale,32,521.06,27.42,221.05
RD005,Glow Rubber Duck,Specialty,Purple,Mini,22.98,2024-11-13,ORD102724,CUST4068,NH,Northeast,Retail,27,558.41,62.05,259.05
RD002,Pirate Rubber Duck,Themed,Pink,Large,20.81,2024-05-02,ORD102725,CUST6423,DC,Mid-Atlantic,Online,21,415.16,21.85,201.18
RD005,Glow Rubber Duck,Specialty,Blue,Standard,7.26,2023-09-20,ORD102726,CUST8898,ID,West,Marketplace,39,283.14,0.0,142.39
RD002,Pirate Rubber Duck,Themed,Pink,Standard,20.63,2025-01-01,ORD102727,CUST6647,AL,South,Marketplace,22,453.86,0.0,183.23
RD001,Classic Rubber Duck,Classic,Green,Standard,4.85,2024-02-03,ORD102728,CUST5349,NY,Mid-Atlantic,Wholesale,8,32.98,5.82,13.08
RD005,Glow Rubber Duck,Specialty,Purple,Large,6.32,2024-05-25,ORD102729,CUST2527,IA,Midwest,Retail,11,69.52,0.0,28.66
RD008,Holiday Rubber Duck,Seasonal,Blue,Mini,10.81,2023-11-12,ORD102730,CUST9864,MA,Northeast,Retail,29,266.47,47.02,117.3
RD001,Classic Rubber Duck,Classic,Pink,Standard,10.21,2023-01-09,ORD102731,CUST7057,AL,South,Wholesale,27,248.1,27.57,106.93
RD006,Mini Rubber Duck,Mini,Yellow,Standard,5.06,2025-05-27,ORD102732,CUST9166,UT,West,Marketplace,27,129.79,6.83,44.21
RD005,Glow Rubber Duck,Specialty,Orange,Large,17.56,2024-01-28,ORD102733,CUST2011,NJ,Mid-Atlantic,Wholesale,32,477.63,84.29,104.26
RD007,Jumbo Rubber Duck,Large,Purple,Large,14.9,2025-02-11,ORD102734,CUST3328,ME,Northeast,Marketplace,45,636.98,33.52,268.15
RD001,Classic Rubber Duck,Classic,Purple,Mini,7.85,2024-11-21,ORD102735,CUST7560,DC,Mid-Atlantic,Online,4,26.69,4.71,9.62
RD008,Holiday Rubber Duck,Seasonal,Pink,Large,13.05,2023-05-18,ORD102736,CUST2766,CA,West,Retail,30,391.5,0.0,125.51
RD001,Classic Rubber Duck,Classic,Green,Standard,16.25,2023-03-09,ORD102737,CUST8792,NH,Northeast,Retail,14,204.75,22.75,84.78
RD002,Pirate Rubber Duck,Themed,Orange,Large,19.28,2024-04-18,ORD102738,CUST2188,IN,Midwest,Retail,36,659.38,34.7,228.03
RD007,Jumbo Rubber Duck,Large,Blue,Mini,6.35,2023-06-24,ORD102739,CUST7846,WA,West,Online,22,132.72,6.98,68.99
RD001,Classic Rubber Duck,Classic,Purple,Standard,22.56,2025-06-29,ORD102740,CUST3979,WA,West,Marketplace,33,707.26,37.22,250.83
RD001,Classic Rubber Duck,Classic,Blue,Large,17.02,2025-06-30,ORD102741,CUST3380,GA,South,Online,21,303.81,53.61,77.26
RD007,Jumbo Rubber Duck,Large,Green,Large,7.32,2023-12-09,ORD102742,CUST1868,NJ,Mid-Atlantic,Wholesale,43,314.76,0.0,97.58
RD005,Glow Rubber Duck,Specialty,Green,Standard,12.79,2024-07-08,ORD102743,CUST1215,KS,Midwest,Marketplace,33,379.86,42.21,175.44
RD001,Classic Rubber Duck,Classic,Blue,Standard,13.23,2024-12-02,ORD102744,CUST8553,WI,Midwest,Retail,45,535.81,59.54,131.45
RD008,Holiday Rubber Duck,Seasonal,Yellow,Standard,18.58,2024-06-18,ORD102745,CUST1059,ID,West,Wholesale,31,489.58,86.4,151.56
RD007,Jumbo Rubber Duck,Large,Blue,Large,13.82,2023-06-26,ORD102746,CUST9420,MS,South,Marketplace,50,691.0,0.0,208.34
RD003,Princess Rubber Duck,Themed,Orange,Mini,7.25,2023-10-07,ORD102747,CUST7570,AZ,West,Online,34,246.5,0.0,86.55
RD007,Jumbo Rubber Duck,Large,Yellow,Large,13.18,2025-10-06,ORD102748,CUST9453,WV,South,Marketplace,1,11.86,1.32,5.28
RD001,Classic Rubber Duck,Classic,Purple,Large,19.29,2023-06-02,ORD102749,CUST7576,AL,South,Marketplace,26,501.54,0.0,176.18
RD005,Glow Rubber Duck,Specialty,Blue,Mini,21.59,2025-12-08,ORD102750,CUST3854,SD,Midwest,Wholesale,41,885.19,0.0,454.91
RD003,Princess Rubber Duck,Themed,Yellow,Mini,11.57,2025-03-27,ORD102751,CUST2402,NM,West,Wholesale,24,249.91,27.77,119.18
RD001,Classic Rubber Duck,Classic,Purple,Large,4.05,2025-11-19,ORD102752,CUST7559,ID,West,Marketplace,45,182.25,0.0,78.76
RD002,Pirate Rubber Duck,Themed,Green,Standard,4.82,2023-04-23,ORD102753,CUST1953,NC,South,Wholesale,30,144.6,0.0,53.34
RD004,Superhero Rubber Duck,Themed,Green,Large,24.47,2025-02-15,ORD102754,CUST3484,DE,Mid-Atlantic,Wholesale,38,836.87,92.99,248.27
RD007,Jumbo Rubber Duck,Large,Yellow,Large,5.12,2023-01-02,ORD102755,CUST8683,CT,Northeast,Online,5,25.6,0.0,13.86
RD002,Pirate Rubber Duck,Themed,Blue,Standard,19.47,2023-04-09,ORD102756,CUST5735,ND,Midwest,Marketplace,2,36.99,1.95,19.35
RD003,Princess Rubber Duck,Themed,Orange,Standard,18.33,2023-12-19,ORD102757,CUST6971,DC,Mid-Atlantic,Marketplace,12,219.96,0.0,116.47
RD005,Glow Rubber Duck,Specialty,Pink,Large,18.54,2025-05-14,ORD102758,CUST8394,NE,Midwest,Wholesale,43,717.5,79.72,231.2
RD005,Glow Rubber Duck,Specialty,Yellow,Standard,7.17,2023-12-06,ORD102759,CUST2366,PA,Mid-Atlantic,Marketplace,43,277.48,30.83,87.18
RD005,Glow Rubber Duck,Specialty,Yellow,Mini,20.34,2025-01-20,ORD102760,CUST4905,VT,Northeast,Marketplace,14,242.05,42.71,93.14
RD004,Superhero Rubber Duck,Themed,Purple,Large,20.71,2023-08-24,ORD102761,CUST7172,IA,Midwest,Online,26,457.69,80.77,164.32
RD006,Mini Rubber Duck,Mini,Pink,Large,20.09,2023-04-06,ORD102762,CUST5886,MS,South,Marketplace,30,542.43,60.27,181.0
RD002,Pirate Rubber Duck,Themed,Orange,Standard,16.34,2024-11-22,ORD102763,CUST3800,GA,South,Wholesale,3,49.02,0.0,24.37
RD001,Classic Rubber Duck,Classic,Blue,Mini,9.36,2025-06-13,ORD102764,CUST5234,MS,South,Wholesale,22,205.92,0.0,84.17
RD004,Superhero Rubber Duck,Themed,Yellow,Large,24.44,2023-08-27,ORD102765,CUST1929,NC,South,Wholesale,48,1173.12,0.0,616.72
RD002,Pirate Rubber Duck,Themed,Yellow,Mini,12.61,2023-12-06,ORD102766,CUST6848,AZ,West,Marketplace,28,317.77,35.31,106.23
RD002,Pirate Rubber Duck,Themed,Purple,Standard,8.39,2024-02-11,ORD102767,CUST9714,NM,West,Online,43,306.65,54.12,79.08
RD001,Classic Rubber Duck,Classic,Purple,Mini,17.78,2025-10-11,ORD102768,CUST1141,NJ,Mid-Atlantic,Wholesale,27,432.05,48.01,197.44
RD006,Mini Rubber Duck,Mini,Purple,Large,21.34,2023-07-28,ORD102769,CUST3308,TN,South,Online,37,671.14,118.44,133.95
RD005,Glow Rubber Duck,Specialty,Yellow,Standard,9.35,2025-03-02,ORD102770,CUST3859,NE,Midwest,Retail,47,395.5,43.95,148.65
RD008,Holiday Rubber Duck,Seasonal,Yellow,Standard,19.13,2024-01-05,ORD102771,CUST8041,MA,Northeast,Online,17,276.43,48.78,49.87
RD008,Holiday Rubber Duck,Seasonal,Orange,Mini,11.04,2023-10-23,ORD102772,CUST7943,DE,Mid-Atlantic,Marketplace,4,39.74,4.42,16.07
RD007,Jumbo Rubber Duck,Large,Green,Standard,14.88,2025-12-10,ORD102773,CUST6417,MT,West,Wholesale,40,505.92,89.28,150.34
RD005,Glow Rubber Duck,Specialty,Pink,Mini,9.41,2024-04-27,ORD102774,CUST2893,TN,South,Retail,29,245.6,27.29,56.86
RD004,Superhero Rubber Duck,Themed,Pink,Large,18.51,2025-07-18,ORD102775,CUST2048,OH,Midwest,Retail,39,613.61,108.28,255.91
RD005,Glow Rubber Duck,Specialty,Orange,Standard,14.82,2024-07-24,ORD102776,CUST5826,IL,Midwest,Marketplace,2,29.64,0.0,15.17
RD004,Superhero Rubber Duck,Themed,Pink,Standard,20.54,2023-05-24,ORD102777,CUST7587,KS,Midwest,Retail,23,401.56,70.86,174.94
RD003,Princess Rubber Duck,Themed,Orange,Standard,24.28,2024-11-17,ORD102778,CUST9494,NY,Mid-Atlantic,Online,30,728.4,0.0,280.94
RD006,Mini Rubber Duck,Mini,Blue,Mini,11.94,2024-09-05,ORD102779,CUST1866,NY,Mid-Atlantic,Retail,9,102.09,5.37,41.66
RD008,Holiday Rubber Duck,Seasonal,Pink,Standard,19.01,2023-11-28,ORD102780,CUST8480,DC,Mid-Atlantic,Wholesale,32,608.32,0.0,252.92
RD007,Jumbo Rubber Duck,Large,Orange,Large,20.79,2024-03-05,ORD102781,CUST1234,NY,Mid-Atlantic,Marketplace,7,138.25,7.28,50.0
RD003,Princess Rubber Duck,Themed,Purple,Standard,15.32,2024-10-15,ORD102782,CUST6680,ID,West,Wholesale,4,52.09,9.19,18.14
RD007,Jumbo Rubber Duck,Large,Blue,Large,11.42,2023-02-28,ORD102783,CUST9556,IL,Midwest,Retail,21,215.84,23.98,103.13
RD006,Mini Rubber Duck,Mini,Pink,Large,23.69,2023-03-26,ORD102784,CUST5464,NY,Mid-Atlantic,Marketplace,43,865.87,152.8,297.25
RD005,Glow Rubber Duck,Specialty,Pink,Mini,14.52,2023-03-15,ORD102785,CUST1728,MD,Mid-Atlantic,Retail,11,143.75,15.97,53.95
RD002,Pirate Rubber Duck,Themed,Blue,Large,7.51,2023-12-10,ORD102786,CUST3610,DC,Mid-Atlantic,Online,40,255.34,45.06,113.31
RD004,Superhero Rubber Duck,Themed,Orange,Standard,14.97,2025-09-11,ORD102787,CUST3231,IA,Midwest,Marketplace,19,270.21,14.22,86.21
RD006,Mini Rubber Duck,Mini,Blue,Mini,7.01,2024-05-13,ORD102788,CUST9287,DE,Mid-Atlantic,Marketplace,30,178.76,31.54,32.52
RD008,Holiday Rubber Duck,Seasonal,Green,Mini,21.44,2023-01-15,ORD102789,CUST9797,NV,West,Retail,29,621.76,0.0,193.28
RD004,Superhero Rubber Duck,Themed,Green,Mini,17.29,2024-12-01,ORD102790,CUST4160,AR,South,Retail,49,762.49,84.72,279.51
RD008,Holiday Rubber Duck,Seasonal,Pink,Large,18.98,2024-03-12,ORD102791,CUST6840,NE,Midwest,Marketplace,3,56.94,0.0,27.69
RD004,Superhero Rubber Duck,Themed,Green,Mini,20.28,2024-12-06,ORD102792,CUST6114,NH,Northeast,Retail,15,288.99,15.21,139.16
RD005,Glow Rubber Duck,Specialty,Orange,Large,24.38,2025-04-20,ORD102793,CUST4652,CT,Northeast,Marketplace,22,482.72,53.64,196.07
RD008,Holiday Rubber Duck,Seasonal,Pink,Large,6.18,2023-05-22,ORD102794,CUST7903,VT,Northeast,Wholesale,27,141.83,25.03,26.23
RD007,Jumbo Rubber Duck,Large,Pink,Large,15.07,2024-08-31,ORD102795,CUST5334,IL,Midwest,Marketplace,22,281.81,49.73,82.16
RD008,Holiday Rubber Duck,Seasonal,Pink,Large,7.93,2023-11-30,ORD102796,CUST6411,NJ,Mid-Atlantic,Wholesale,12,95.16,0.0,29.38
RD008,Holiday Rubber Duck,Seasonal,Pink,Large,4.21,2024-06-20,ORD102797,CUST5571,OH,Midwest,Retail,28,111.99,5.89,51.9
RD007,Jumbo Rubber Duck,Large,Blue,Large,14.24,2023-06-24,ORD102798,CUST1773,VA,South,Retail,2,25.63,2.85,11.34
RD004,Superhero Rubber Duck,Themed,Green,Mini,4.6,2025-10-30,ORD102799,CUST7159,MT,West,Retail,8,34.96,1.84,11.76
RD004,Superhero Rubber Duck,Themed,Yellow,Large,12.9,2023-06-05,ORD102800,CUST1277,PA,Mid-Atlantic,Online,40,516.0,0.0,242.46
RD006,Mini Rubber Duck,Mini,Blue,Large,13.59,2023-02-13,ORD102801,CUST8370,NJ,Mid-Atlantic,Marketplace,13,159.0,17.67,61.67
RD003,Princess Rubber Duck,Themed,Purple,Large,13.67,2025-06-02,ORD102802,CUST7030,HI,West,Marketplace,21,244.01,43.06,88.57
RD005,Glow Rubber Duck,Specialty,Pink,Standard,11.14,2023-02-22,ORD102803,CUST4932,MS,South,Marketplace,22,220.57,24.51,50.47
RD003,Princess Rubber Duck,Themed,Pink,Mini,17.25,2025-01-16,ORD102804,CUST4674,AK,West,Wholesale,29,500.25,0.0,237.57
RD003,Princess Rubber Duck,Themed,Green,Large,19.51,2023-05-07,ORD102805,CUST9676,NC,South,Retail,43,755.04,83.89,347.44
RD002,Pirate Rubber Duck,Themed,Green,Standard,10.57,2025-02-05,ORD102806,CUST5847,NE,Midwest,Wholesale,5,50.21,2.64,25.2
RD003,Princess Rubber Duck,Themed,Orange,Standard,4.84,2025-02-28,ORD102807,CUST8589,NH,Northeast,Retail,43,197.71,10.41,79.42
RD001,Classic Rubber Duck,Classic,Purple,Standard,20.26,2024-01-22,ORD102808,CUST4964,AK,West,Retail,10,182.34,20.26,43.0
RD002,Pirate Rubber Duck,Themed,Orange,Mini,24.82,2023-12-21,ORD102809,CUST8151,DC,Mid-Atlantic,Retail,19,471.58,0.0,172.51
RD005,Glow Rubber Duck,Specialty,Pink,Large,9.25,2023-03-21,ORD102810,CUST3699,RI,Northeast,Wholesale,12,111.0,0.0,38.22
RD008,Holiday Rubber Duck,Seasonal,Orange,Standard,16.23,2025-09-06,ORD102811,CUST2450,UT,West,Retail,4,64.92,0.0,31.12
RD004,Superhero Rubber Duck,Themed,Yellow,Mini,10.34,2023-06-28,ORD102812,CUST5957,PA,Mid-Atlantic,Retail,1,10.34,0.0,4.26
RD005,Glow Rubber Duck,Specialty,Purple,Mini,11.69,2025-06-04,ORD102813,CUST8564,AK,West,Marketplace,5,55.53,2.92,26.1
RD007,Jumbo Rubber Duck,Large,Blue,Mini,14.35,2023-08-27,ORD102814,CUST3710,NH,Northeast,Online,19,259.02,13.63,128.42
RD004,Superhero Rubber Duck,Themed,Orange,Mini,24.86,2024-09-17,ORD102815,CUST3666,OR,West,Online,3,74.58,0.0,35.61
RD002,Pirate Rubber Duck,Themed,Orange,Mini,18.22,2023-08-28,ORD102816,CUST1591,CO,West,Retail,20,327.96,36.44,149.61
RD002,Pirate Rubber Duck,Themed,Blue,Standard,10.73,2023-11-07,ORD102817,CUST7532,NJ,Mid-Atlantic,Marketplace,36,366.97,19.31,184.06
RD001,Classic Rubber Duck,Classic,Purple,Large,22.47,2024-03-21,ORD102818,CUST2511,LA,South,Online,5,95.5,16.85,42.55
RD008,Holiday Rubber Duck,Seasonal,Blue,Mini,10.73,2024-02-26,ORD102819,CUST5079,VA,South,Wholesale,2,21.46,0.0,10.52
RD005,Glow Rubber Duck,Specialty,Green,Standard,13.02,2025-11-29,ORD102820,CUST6651,UT,West,Online,32,416.64,0.0,202.48
RD008,Holiday Rubber Duck,Seasonal,Blue,Mini,19.76,2025-07-29,ORD102821,CUST2232,MN,Midwest,Marketplace,10,177.84,19.76,53.97
RD004,Superhero Rubber Duck,Themed,Purple,Mini,4.54,2025-10-28,ORD102822,CUST2520,MA,Northeast,Online,13,50.17,8.85,9.45
RD006,Mini Rubber Duck,Mini,Yellow,Standard,24.03,2024-02-26,ORD102823,CUST7536,OH,Midwest,Marketplace,49,1000.85,176.62,217.92
RD001,Classic Rubber Duck,Classic,Green,Large,16.46,2025-03-23,ORD102824,CUST5023,VT,Northeast,Retail,18,251.84,44.44,50.81
RD004,Superhero Rubber Duck,Themed,Orange,Mini,13.68,2024-10-13,ORD102825,CUST1432,DC,Mid-Atlantic,Marketplace,2,23.26,4.1,10.21
RD002,Pirate Rubber Duck,Themed,Pink,Mini,5.01,2024-03-18,ORD102826,CUST1501,AR,South,Marketplace,27,128.51,6.76,59.2
RD006,Mini Rubber Duck,Mini,Blue,Standard,14.3,2023-12-17,ORD102827,CUST6489,HI,West,Online,19,258.11,13.59,93.52
RD008,Holiday Rubber Duck,Seasonal,Purple,Standard,15.01,2024-11-22,ORD102828,CUST6833,NJ,Mid-Atlantic,Wholesale,21,299.45,15.76,103.56
RD002,Pirate Rubber Duck,Themed,Pink,Large,20.15,2024-03-15,ORD102829,CUST3704,MD,Mid-Atlantic,Retail,37,633.72,111.83,152.52
RD007,Jumbo Rubber Duck,Large,Blue,Mini,15.77,2024-01-30,ORD102830,CUST9714,ND,Midwest,Online,14,187.66,33.12,77.52
RD001,Classic Rubber Duck,Classic,Green,Standard,8.93,2024-09-29,ORD102831,CUST5480,LA,South,Marketplace,17,129.04,22.77,46.91
RD008,Holiday Rubber Duck,Seasonal,Blue,Mini,12.24,2025-03-30,ORD102832,CUST8493,WV,South,Wholesale,32,391.68,0.0,202.67
RD006,Mini Rubber Duck,Mini,Orange,Standard,13.28,2025-01-03,ORD102833,CUST1079,MD,Mid-Atlantic,Online,26,345.28,0.0,179.39
RD002,Pirate Rubber Duck,Themed,Purple,Standard,20.77,2023-08-19,ORD102834,CUST4509,GA,South,Marketplace,24,423.71,74.77,177.18
RD002,Pirate Rubber Duck,Themed,Blue,Standard,15.31,2023-03-05,ORD102835,CUST2247,MA,Northeast,Online,8,122.48,0.0,57.97
RD003,Princess Rubber Duck,Themed,Green,Standard,19.71,2024-07-06,ORD102836,CUST5230,KS,Midwest,Retail,22,390.26,43.36,158.3
RD007,Jumbo Rubber Duck,Large,Green,Standard,11.97,2024-04-19,ORD102837,CUST2466,NV,West,Wholesale,49,527.88,58.65,128.32
RD001,Classic Rubber Duck,Classic,Pink,Standard,22.41,2024-10-06,ORD102838,CUST6802,PA,Mid-Atlantic,Marketplace,44,887.44,98.6,287.96
RD007,Jumbo Rubber Duck,Large,Purple,Mini,8.84,2025-04-27,ORD102839,CUST3493,ME,Northeast,Marketplace,1,8.84,0.0,4.66
RD003,Princess Rubber Duck,Themed,Purple,Mini,11.89,2023-09-15,ORD102840,CUST8291,MD,Mid-Atlantic,Retail,38,384.05,67.77,78.27
RD007,Jumbo Rubber Duck,Large,Purple,Large,15.23,2024-10-27,ORD102841,CUST8388,NV,West,Online,43,654.89,0.0,205.91
RD004,Superhero Rubber Duck,Themed,Yellow,Large,20.39,2025-01-08,ORD102842,CUST2859,VA,South,Online,39,795.21,0.0,356.57
RD004,Superhero Rubber Duck,Themed,Purple,Standard,20.6,2025-12-16,ORD102843,CUST5456,KS,Midwest,Retail,49,1009.4,0.0,494.47
RD008,Holiday Rubber Duck,Seasonal,Purple,Large,4.32,2024-11-08,ORD102844,CUST6494,OH,Midwest,Online,27,110.81,5.83,34.69
RD005,Glow Rubber Duck,Specialty,Green,Large,24.04,2025-03-03,ORD102845,CUST6395,MD,Mid-Atlantic,Wholesale,17,367.81,40.87,121.27
RD003,Princess Rubber Duck,Themed,Green,Standard,19.77,2023-09-25,ORD102846,CUST3761,CT,Northeast,Online,31,551.58,61.29,146.36
RD001,Classic Rubber Duck,Classic,Blue,Standard,24.29,2025-07-04,ORD102847,CUST6014,MA,Northeast,Marketplace,48,1165.92,0.0,452.27
RD005,Glow Rubber Duck,Specialty,Orange,Mini,7.86,2024-03-11,ORD102848,CUST3659,KY,South,Marketplace,21,165.06,0.0,57.11
RD005,Glow Rubber Duck,Specialty,Yellow,Standard,14.2,2025-06-30,ORD102849,CUST2694,WY,West,Retail,6,85.2,0.0,45.73
RD005,Glow Rubber Duck,Specialty,Orange,Standard,12.5,2024-07-08,ORD102850,CUST5617,MS,South,Online,5,59.38,3.12,30.62
RD005,Glow Rubber Duck,Specialty,Blue,Large,18.81,2024-12-19,ORD102851,CUST4309,DC,Mid-Atlantic,Retail,41,732.65,38.56,325.19
RD008,Holiday Rubber Duck,Seasonal,Orange,Large,15.22,2025-10-04,ORD102852,CUST3042,DC,Mid-Atlantic,Retail,31,424.64,47.18,110.95
RD001,Classic Rubber Duck,Classic,Yellow,Mini,22.58,2025-08-25,ORD102853,CUST6597,DE,Mid-Atlantic,Retail,25,508.05,56.45,164.1
RD002,Pirate Rubber Duck,Themed,Green,Large,24.15,2023-01-05,ORD102854,CUST2979,ID,West,Online,44,956.34,106.26,458.78
RD007,Jumbo Rubber Duck,Large,Yellow,Large,10.3,2023-06-17,ORD102855,CUST9271,ME,Northeast,Retail,26,241.02,26.78,103.47
RD001,Classic Rubber Duck,Classic,Green,Mini,11.62,2024-09-10,ORD102856,CUST9457,ID,West,Wholesale,20,220.78,11.62,73.7
RD003,Princess Rubber Duck,Themed,Green,Mini,24.99,2025-10-11,ORD102857,CUST1925,DE,Mid-Atlantic,Marketplace,43,913.38,161.19,169.11
RD002,Pirate Rubber Duck,Themed,Orange,Mini,9.08,2023-03-05,ORD102858,CUST3719,PA,Mid-Atlantic,Marketplace,22,199.76,0.0,102.04
RD008,Holiday Rubber Duck,Seasonal,Blue,Large,5.26,2023-02-09,ORD102859,CUST8051,WY,West,Wholesale,27,120.72,21.3,42.19
RD004,Superhero Rubber Duck,Themed,Pink,Standard,21.4,2025-04-19,ORD102860,CUST9677,NV,West,Retail,42,808.92,89.88,301.24
RD002,Pirate Rubber Duck,Themed,Green,Mini,7.96,2023-02-13,ORD102861,CUST5029,ME,Northeast,Marketplace,48,324.77,57.31,151.91
RD001,Classic Rubber Duck,Classic,Orange,Mini,14.74,2025-06-09,ORD102862,CUST3690,NM,West,Online,47,588.86,103.92,117.93
RD008,Holiday Rubber Duck,Seasonal,Orange,Mini,24.23,2024-07-09,ORD102863,CUST8130,RI,Northeast,Marketplace,33,759.61,39.98,345.23
RD005,Glow Rubber Duck,Specialty,Yellow,Standard,22.16,2024-12-12,ORD102864,CUST5692,ID,West,Wholesale,44,926.29,48.75,337.44
RD006,Mini Rubber Duck,Mini,Yellow,Large,13.26,2024-07-19,ORD102865,CUST9353,MN,Midwest,Retail,28,315.59,55.69,111.83
RD002,Pirate Rubber Duck,Themed,Blue,Standard,9.69,2023-03-24,ORD102866,CUST6469,SD,Midwest,Retail,31,270.35,30.04,134.91
RD003,Princess Rubber Duck,Themed,Yellow,Mini,13.18,2024-04-07,ORD102867,CUST3048,NH,Northeast,Marketplace,12,134.44,23.72,39.09
RD005,Glow Rubber Duck,Specialty,Orange,Large,24.0,2023-01-21,ORD102868,CUST1540,NC,South,Marketplace,24,489.6,86.4,198.33
RD005,Glow Rubber Duck,Specialty,Blue,Large,11.99,2024-12-03,ORD102869,CUST3432,CT,Northeast,Wholesale,22,263.78,0.0,116.55
RD008,Holiday Rubber Duck,Seasonal,Green,Large,14.04,2024-02-14,ORD102870,CUST1405,KS,Midwest,Online,8,106.7,5.62,46.54
RD006,Mini Rubber Duck,Mini,Blue,Mini,19.18,2024-03-03,ORD102871,CUST9070,DE,Mid-Atlantic,Marketplace,50,815.15,143.85,239.64
RD004,Superhero Rubber Duck,Themed,Orange,Mini,6.71,2023-11-23,ORD102872,CUST8624,PA,Mid-Atlantic,Retail,35,211.37,23.48,64.76
RD004,Superhero Rubber Duck,Themed,Blue,Large,7.7,2024-04-22,ORD102873,CUST8725,NE,Midwest,Online,22,160.93,8.47,80.38
RD001,Classic Rubber Duck,Classic,Blue,Large,16.26,2023-03-11,ORD102874,CUST8303,AK,West,Online,10,154.47,8.13,71.1
RD005,Glow Rubber Duck,Specialty,Blue,Large,8.89,2025-11-19,ORD102875,CUST5602,NJ,Mid-Atlantic,Wholesale,49,413.83,21.78,143.45
RD007,Jumbo Rubber Duck,Large,Green,Mini,11.55,2024-03-24,ORD102876,CUST9581,NH,Northeast,Wholesale,32,369.6,0.0,178.39
RD002,Pirate Rubber Duck,Themed,Pink,Standard,15.99,2025-03-01,ORD102877,CUST6841,IA,Midwest,Wholesale,25,399.75,0.0,130.55
RD005,Glow Rubber Duck,Specialty,Green,Standard,11.71,2023-11-19,ORD102878,CUST1493,NY,Mid-Atlantic,Wholesale,43,478.35,25.18,193.41
RD004,Superhero Rubber Duck,Themed,Orange,Mini,21.29,2025-01-12,ORD102879,CUST5310,DC,Mid-Atlantic,Retail,13,235.25,41.52,74.56
RD004,Superhero Rubber Duck,Themed,Blue,Large,8.63,2025-11-26,ORD102880,CUST4460,CA,West,Online,30,220.06,38.84,44.42
RD006,Mini Rubber Duck,Mini,Pink,Standard,7.45,2025-05-11,ORD102881,CUST2322,NH,Northeast,Online,39,261.49,29.06,75.72
RD003,Princess Rubber Duck,Themed,Green,Large,12.31,2023-03-17,ORD102882,CUST8499,VA,South,Retail,28,292.98,51.7,82.91
RD005,Glow Rubber Duck,Specialty,Purple,Large,13.88,2025-01-03,ORD102883,CUST2458,IA,Midwest,Online,20,235.96,41.64,93.93
RD004,Superhero Rubber Duck,Themed,Yellow,Standard,7.88,2023-11-09,ORD102884,CUST6774,UT,West,Marketplace,10,66.98,11.82,24.01
RD004,Superhero Rubber Duck,Themed,Orange,Standard,8.31,2024-06-10,ORD102885,CUST5735,WI,Midwest,Online,44,310.79,54.85,125.42
RD004,Superhero Rubber Duck,Themed,Purple,Large,11.3,2025-06-10,ORD102886,CUST7029,WY,West,Retail,48,488.16,54.24,187.84
RD002,Pirate Rubber Duck,Themed,Yellow,Large,14.77,2023-07-06,ORD102887,CUST3399,OH,Midwest,Marketplace,14,206.78,0.0,110.96
RD004,Superhero Rubber Duck,Themed,Purple,Standard,11.89,2025-03-10,ORD102888,CUST4356,NE,Midwest,Retail,44,497.0,26.16,215.68
RD003,Princess Rubber Duck,Themed,Green,Large,23.27,2023-05-14,ORD102889,CUST7413,PA,Mid-Atlantic,Online,29,607.35,67.48,208.48
RD002,Pirate Rubber Duck,Themed,Green,Large,4.69,2025-06-01,ORD102890,CUST1375,OR,West,Marketplace,1,4.22,0.47,1.47
RD004,Superhero Rubber Duck,Themed,Purple,Standard,10.49,2024-02-09,ORD102891,CUST9422,DE,Mid-Atlantic,Wholesale,49,436.91,77.1,106.2
RD006,Mini Rubber Duck,Mini,Orange,Mini,14.16,2023-02-17,ORD102892,CUST9120,WV,South,Online,28,396.48,0.0,140.07
RD007,Jumbo Rubber Duck,Large,Yellow,Standard,18.84,2023-08-09,ORD102893,CUST6735,OK,South,Marketplace,43,729.11,81.01,235.24
RD004,Superhero Rubber Duck,Themed,Blue,Large,13.13,2025-10-08,ORD102894,CUST4830,AL,South,Marketplace,37,437.23,48.58,187.65
RD001,Classic Rubber Duck,Classic,Green,Standard,14.51,2025-03-07,ORD102895,CUST2439,NC,South,Retail,37,536.87,0.0,206.8
RD008,Holiday Rubber Duck,Seasonal,Orange,Large,22.76,2025-12-18,ORD102896,CUST4873,HI,West,Marketplace,48,928.61,163.87,316.13
RD005,Glow Rubber Duck,Specialty,Orange,Mini,11.44,2024-03-14,ORD102897,CUST7472,PA,Mid-Atlantic,Retail,39,379.24,66.92,121.79
RD006,Mini Rubber Duck,Mini,Pink,Mini,9.02,2023-12-05,ORD102898,CUST5885,NH,Northeast,Retail,33,253.01,44.65,98.2
RD006,Mini Rubber Duck,Mini,Yellow,Large,12.51,2024-01-18,ORD102899,CUST6827,TN,South,Marketplace,22,261.46,13.76,69.03
RD001,Classic Rubber Duck,Classic,Green,Large,13.48,2024-09-27,ORD102900,CUST5763,MD,Mid-Atlantic,Marketplace,1,13.48,0.0,6.71
RD007,Jumbo Rubber Duck,Large,Green,Standard,16.33,2024-06-15,ORD102901,CUST8529,VT,Northeast,Marketplace,4,62.05,3.27,24.87
RD002,Pirate Rubber Duck,Themed,Blue,Large,5.69,2023-04-01,ORD102902,CUST7636,MA,Northeast,Wholesale,12,68.28,0.0,23.68
RD006,Mini Rubber Duck,Mini,Yellow,Standard,12.57,2023-04-01,ORD102903,CUST3009,HI,West,Wholesale,33,414.81,0.0,161.93
RD004,Superhero Rubber Duck,Themed,Yellow,Mini,11.82,2025-04-01,ORD102904,CUST4660,NJ,Mid-Atlantic,Wholesale,35,351.65,62.05,91.57
RD006,Mini Rubber Duck,Mini,Yellow,Mini,7.5,2025-11-28,ORD102905,CUST1510,ME,Northeast,Online,22,140.25,24.75,58.04
RD003,Princess Rubber Duck,Themed,Pink,Large,11.42,2023-07-09,ORD102906,CUST1897,OK,South,Marketplace,30,342.6,0.0,105.94
RD002,Pirate Rubber Duck,Themed,Purple,Large,16.75,2025-04-01,ORD102907,CUST7122,AZ,West,Online,50,837.5,0.0,420.91
RD006,Mini Rubber Duck,Mini,Orange,Standard,16.08,2025-04-23,ORD102908,CUST2335,WV,South,Marketplace,43,656.87,34.57,201.68
RD008,Holiday Rubber Duck,Seasonal,Orange,Mini,4.15,2023-10-30,ORD102909,CUST3669,MA,Northeast,Wholesale,1,3.73,0.42,1.23
RD001,Classic Rubber Duck,Classic,Blue,Mini,6.12,2024-03-26,ORD102910,CUST2216,KS,Midwest,Retail,28,171.36,0.0,87.66
RD005,Glow Rubber Duck,Specialty,Yellow,Large,7.42,2024-06-27,ORD102911,CUST1854,UT,West,Retail,9,66.78,0.0,27.34
RD008,Holiday Rubber Duck,Seasonal,Pink,Large,14.41,2025-07-08,ORD102912,CUST1113,MA,Northeast,Marketplace,34,440.95,48.99,173.28
RD007,Jumbo Rubber Duck,Large,Purple,Mini,18.49,2023-09-26,ORD102913,CUST4760,ME,Northeast,Online,12,188.6,33.28,44.99
RD007,Jumbo Rubber Duck,Large,Blue,Mini,23.8,2023-07-11,ORD102914,CUST2931,UT,West,Marketplace,28,599.76,66.64,218.18
RD001,Classic Rubber Duck,Classic,Purple,Large,5.71,2024-04-16,ORD102915,CUST4631,RI,Northeast,Retail,8,43.4,2.28,12.98
RD001,Classic Rubber Duck,Classic,Yellow,Standard,11.49,2023-10-05,ORD102916,CUST3468,PA,Mid-Atlantic,Retail,48,468.79,82.73,140.52
RD002,Pirate Rubber Duck,Themed,Purple,Large,17.91,2025-10-31,ORD102917,CUST2727,TX,South,Online,39,593.72,104.77,182.49
RD007,Jumbo Rubber Duck,Large,Yellow,Standard,20.01,2025-01-05,ORD102918,CUST3675,RI,Northeast,Online,36,720.36,0.0,222.07
RD002,Pirate Rubber Duck,Themed,Pink,Mini,21.68,2025-04-09,ORD102919,CUST1218,NY,Mid-Atlantic,Wholesale,28,607.04,0.0,255.13
RD005,Glow Rubber Duck,Specialty,Yellow,Standard,22.4,2025-10-20,ORD102920,CUST1624,OH,Midwest,Retail,45,1008.0,0.0,380.07
RD005,Glow Rubber Duck,Specialty,Yellow,Large,10.83,2025-04-07,ORD102921,CUST6446,SD,Midwest,Online,18,175.45,19.49,86.27
RD007,Jumbo Rubber Duck,Large,Purple,Large,23.83,2024-03-27,ORD102922,CUST9951,DC,Mid-Atlantic,Wholesale,17,364.6,40.51,141.95
RD001,Classic Rubber Duck,Classic,Pink,Large,6.96,2023-02-02,ORD102923,CUST6883,WI,Midwest,Marketplace,18,125.28,0.0,59.35
RD008,Holiday Rubber Duck,Seasonal,Orange,Mini,10.63,2025-03-10,ORD102924,CUST6658,IN,Midwest,Retail,13,124.37,13.82,46.5
RD001,Classic Rubber Duck,Classic,Yellow,Standard,23.69,2025-03-31,ORD102925,CUST5808,MA,Northeast,Marketplace,19,382.59,67.52,164.4
RD006,Mini Rubber Duck,Mini,Green,Mini,6.82,2025-07-02,ORD102926,CUST2981,CA,West,Marketplace,44,255.07,45.01,110.32
RD007,Jumbo Rubber Duck,Large,Orange,Large,15.33,2024-09-23,ORD102927,CUST3088,DC,Mid-Atlantic,Wholesale,28,429.24,0.0,153.67
RD007,Jumbo Rubber Duck,Large,Yellow,Standard,23.26,2023-04-05,ORD102928,CUST7055,WY,West,Marketplace,44,869.92,153.52,285.76
RD003,Princess Rubber Duck,Themed,Pink,Standard,14.3,2023-05-09,ORD102929,CUST3164,KS,Midwest,Retail,44,566.28,62.92,276.09
RD002,Pirate Rubber Duck,Themed,Purple,Standard,7.1,2024-11-30,ORD102930,CUST1554,PA,Mid-Atlantic,Online,12,80.94,4.26,35.35
RD006,Mini Rubber Duck,Mini,Pink,Mini,10.48,2023-08-10,ORD102931,CUST6562,WY,West,Retail,25,262.0,0.0,114.45
RD001,Classic Rubber Duck,Classic,Purple,Mini,22.83,2024-01-21,ORD102932,CUST9438,LA,South,Wholesale,22,477.15,25.11,154.76
RD006,Mini Rubber Duck,Mini,Blue,Mini,10.91,2023-11-02,ORD102933,CUST3078,OH,Midwest,Online,40,414.58,21.82,186.76
RD001,Classic Rubber Duck,Classic,Purple,Mini,22.54,2024-04-08,ORD102934,CUST5541,OR,West,Online,38,770.87,85.65,189.2
RD005,Glow Rubber Duck,Specialty,Purple,Large,23.44,2024-02-08,ORD102935,CUST8628,RI,Northeast,Marketplace,32,712.58,37.5,325.31
RD003,Princess Rubber Duck,Themed,Blue,Mini,19.87,2025-12-23,ORD102936,CUST2519,VA,South,Retail,7,139.09,0.0,61.65
RD008,Holiday Rubber Duck,Seasonal,Yellow,Large,22.17,2023-02-01,ORD102937,CUST7272,WY,West,Retail,48,1064.16,0.0,451.67
RD005,Glow Rubber Duck,Specialty,Pink,Large,11.21,2024-11-11,ORD102938,CUST8757,DE,Mid-Atlantic,Marketplace,30,285.85,50.45,66.35
RD005,Glow Rubber Duck,Specialty,Blue,Mini,6.67,2025-12-27,ORD102939,CUST9093,TX,South,Retail,14,84.04,9.34,30.29
RD006,Mini Rubber Duck,Mini,Yellow,Standard,19.69,2023-08-28,ORD102940,CUST9624,GA,South,Retail,9,159.49,17.72,70.77
RD001,Classic Rubber Duck,Classic,Blue,Large,24.67,2025-12-15,ORD102941,CUST8728,VA,South,Retail,17,377.45,41.94,150.4
RD001,Classic Rubber Duck,Classic,Orange,Mini,12.32,2023-04-01,ORD102942,CUST9852,MS,South,Marketplace,28,293.22,51.74,59.07
RD005,Glow Rubber Duck,Specialty,Yellow,Large,18.61,2023-09-22,ORD102943,CUST8743,LA,South,Wholesale,33,522.01,92.12,233.52
RD004,Superhero Rubber Duck,Themed,Yellow,Standard,21.67,2024-01-24,ORD102944,CUST3232,CT,Northeast,Marketplace,14,257.87,45.51,79.22
RD003,Princess Rubber Duck,Themed,Pink,Standard,17.74,2023-06-18,ORD102945,CUST4602,CT,Northeast,Online,31,494.95,54.99,149.61
RD002,Pirate Rubber Duck,Themed,Pink,Standard,5.7,2025-02-21,ORD102946,CUST8558,MA,Northeast,Wholesale,19,97.47,10.83,44.88
RD005,Glow Rubber Duck,Specialty,Purple,Standard,5.44,2023-09-08,ORD102947,CUST4715,NJ,Mid-Atlantic,Retail,40,184.96,32.64,81.78
RD004,Superhero Rubber Duck,Themed,Yellow,Mini,16.18,2025-08-15,ORD102948,CUST1412,OK,South,Online,29,445.76,23.46,161.62
RD004,Superhero Rubber Duck,Themed,Orange,Large,10.17,2024-12-29,ORD102949,CUST7772,SC,South,Online,39,337.14,59.49,122.53
RD002,Pirate Rubber Duck,Themed,Green,Large,12.46,2023-11-11,ORD102950,CUST5180,ND,Midwest,Retail,46,544.5,28.66,270.01
RD008,Holiday Rubber Duck,Seasonal,Blue,Mini,14.8,2023-04-03,ORD102951,CUST2925,IL,Midwest,Retail,32,426.24,47.36,144.05
RD003,Princess Rubber Duck,Themed,Yellow,Standard,22.28,2025-06-18,ORD102952,CUST8380,NJ,Mid-Atlantic,Retail,21,421.09,46.79,145.42
RD002,Pirate Rubber Duck,Themed,Pink,Standard,23.77,2025-08-06,ORD102953,CUST8726,LA,South,Marketplace,48,1083.91,57.05,342.98
RD005,Glow Rubber Duck,Specialty,Green,Mini,4.37,2024-12-24,ORD102954,CUST1061,MA,Northeast,Marketplace,26,96.58,17.04,33.77
RD007,Jumbo Rubber Duck,Large,Purple,Large,21.94,2024-01-06,ORD102955,CUST9827,NJ,Mid-Atlantic,Retail,36,750.35,39.49,371.2
RD002,Pirate Rubber Duck,Themed,Green,Large,22.02,2023-12-04,ORD102956,CUST5285,NV,West,Marketplace,33,617.66,109.0,133.48
RD003,Princess Rubber Duck,Themed,Pink,Large,18.86,2023-01-23,ORD102957,CUST6900,WI,Midwest,Marketplace,14,250.84,13.2,118.98
RD003,Princess Rubber Duck,Themed,Blue,Mini,12.41,2024-12-22,ORD102958,CUST3977,MA,Northeast,Retail,26,322.66,0.0,105.88
RD005,Glow Rubber Duck,Specialty,Yellow,Large,24.96,2023-07-07,ORD102959,CUST6067,SC,South,Marketplace,34,763.78,84.86,259.2
RD006,Mini Rubber Duck,Mini,Purple,Mini,24.29,2025-03-07,ORD102960,CUST8662,NH,Northeast,Online,12,291.48,0.0,158.19
RD008,Holiday Rubber Duck,Seasonal,Purple,Large,15.73,2024-05-31,ORD102961,CUST2553,VT,Northeast,Online,47,702.34,36.97,223.77
RD007,Jumbo Rubber Duck,Large,Blue,Mini,11.33,2024-06-12,ORD102962,CUST5042,KY,South,Marketplace,24,244.73,27.19,83.43
RD004,Superhero Rubber Duck,Themed,Pink,Large,20.01,2025-03-17,ORD102963,CUST9135,NH,Northeast,Retail,27,513.26,27.01,147.28
RD008,Holiday Rubber Duck,Seasonal,Pink,Large,12.97,2024-03-05,ORD102964,CUST7965,MO,Midwest,Online,32,352.78,62.26,115.37
RD004,Superhero Rubber Duck,Themed,Orange,Mini,14.19,2024-03-26,ORD102965,CUST9973,WV,South,Wholesale,39,553.41,0.0,223.46
RD003,Princess Rubber Duck,Themed,Purple,Standard,21.94,2023-01-27,ORD102966,CUST7652,MO,Midwest,Online,13,270.96,14.26,99.27
RD006,Mini Rubber Duck,Mini,Pink,Large,5.96,2024-11-15,ORD102967,CUST1003,ME,Northeast,Wholesale,6,33.97,1.79,12.43
RD005,Glow Rubber Duck,Specialty,Pink,Large,8.17,2023-06-02,ORD102968,CUST1209,DC,Mid-Atlantic,Online,17,118.06,20.83,34.08
RD001,Classic Rubber Duck,Classic,Pink,Large,6.03,2023-02-07,ORD102969,CUST2467,CO,West,Wholesale,25,135.67,15.08,36.72
RD008,Holiday Rubber Duck,Seasonal,Green,Large,17.88,2025-02-19,ORD102970,CUST4787,MD,Mid-Atlantic,Marketplace,2,30.4,5.36,10.25
RD008,Holiday Rubber Duck,Seasonal,Blue,Standard,16.25,2024-01-07,ORD102971,CUST3968,NY,Mid-Atlantic,Marketplace,26,422.5,0.0,227.62
RD005,Glow Rubber Duck,Specialty,Blue,Standard,7.63,2025-06-17,ORD102972,CUST6948,DC,Mid-Atlantic,Marketplace,24,155.65,27.47,47.26
RD002,Pirate Rubber Duck,Themed,Green,Mini,23.21,2025-09-28,ORD102973,CUST2942,FL,South,Online,29,639.44,33.65,310.14
RD006,Mini Rubber Duck,Mini,Purple,Standard,16.98,2024-01-10,ORD102974,CUST1075,AR,South,Marketplace,30,432.99,76.41,177.58
RD006,Mini Rubber Duck,Mini,Orange,Standard,15.58,2023-03-13,ORD102975,CUST8770,ND,Midwest,Retail,35,463.51,81.79,115.29
RD006,Mini Rubber Duck,Mini,Green,Standard,24.7,2024-02-03,ORD102976,CUST5448,CO,West,Marketplace,31,689.13,76.57,185.82
RD001,Classic Rubber Duck,Classic,Pink,Large,8.21,2025-05-18,ORD102977,CUST7450,DE,Mid-Atlantic,Wholesale,32,223.31,39.41,49.94
RD006,Mini Rubber Duck,Mini,Green,Large,17.76,2024-06-26,ORD102978,CUST2282,ID,West,Wholesale,25,377.4,66.6,108.89
RD006,Mini Rubber Duck,Mini,Pink,Mini,21.92,2023-09-23,ORD102979,CUST6972,PA,Mid-Atlantic,Retail,17,335.38,37.26,107.35
RD008,Holiday Rubber Duck,Seasonal,Orange,Standard,16.6,2025-12-09,ORD102980,CUST6158,IN,Midwest,Retail,1,14.94,1.66,4.65
RD005,Glow Rubber Duck,Specialty,Green,Large,8.97,2023-03-08,ORD102981,CUST1119,VA,South,Wholesale,23,185.68,20.63,64.27
RD004,Superhero Rubber Duck,Themed,Blue,Large,8.16,2024-01-22,ORD102982,CUST2980,NV,West,Retail,35,257.04,28.56,62.48
RD007,Jumbo Rubber Duck,Large,Yellow,Standard,10.35,2024-07-20,ORD102983,CUST4627,CO,West,Marketplace,48,496.8,0.0,186.72
RD004,Superhero Rubber Duck,Themed,Yellow,Standard,5.82,2024-06-11,ORD102984,CUST2693,VT,Northeast,Online,1,4.95,0.87,2.01
RD003,Princess Rubber Duck,Themed,Blue,Mini,14.84,2025-06-03,ORD102985,CUST5773,MN,Midwest,Marketplace,35,441.49,77.91,125.74
RD008,Holiday Rubber Duck,Seasonal,Blue,Mini,12.96,2023-03-18,ORD102986,CUST3236,AR,South,Marketplace,45,495.72,87.48,107.34
RD004,Superhero Rubber Duck,Themed,Purple,Large,13.96,2023-04-20,ORD102987,CUST5647,WY,West,Online,8,100.51,11.17,33.65
RD001,Classic Rubber Duck,Classic,Yellow,Large,7.75,2025-12-28,ORD102988,CUST6372,ME,Northeast,Online,32,210.8,37.2,96.41
RD007,Jumbo Rubber Duck,Large,Blue,Large,9.5,2025-08-19,ORD102989,CUST4216,TN,South,Retail,30,242.25,42.75,73.69
RD001,Classic Rubber Duck,Classic,Pink,Large,9.53,2025-01-30,ORD102990,CUST8750,MI,Midwest,Retail,14,120.08,13.34,45.13
RD006,Mini Rubber Duck,Mini,Green,Mini,18.03,2024-01-16,ORD102991,CUST7610,VT,Northeast,Marketplace,50,856.42,45.08,358.37
RD006,Mini Rubber Duck,Mini,Blue,Large,5.26,2024-01-09,ORD102992,CUST7539,MO,Midwest,Online,6,31.56,0.0,9.93
RD004,Superhero Rubber Duck,Themed,Pink,Large,6.66,2025-12-02,ORD102993,CUST2678,OR,West,Retail,32,181.15,31.97,71.74
RD004,Superhero Rubber Duck,Themed,Yellow,Standard,23.63,2025-10-31,ORD102994,CUST2083,IA,Midwest,Online,29,685.27,0.0,319.6
RD007,Jumbo Rubber Duck,Large,Green,Large,22.61,2023-03-15,ORD102995,CUST4358,WV,South,Wholesale,28,569.77,63.31,278.42
RD008,Holiday Rubber Duck,Seasonal,Pink,Standard,9.64,2025-11-25,ORD102996,CUST4490,AK,West,Marketplace,13,125.32,0.0,61.78
RD006,Mini Rubber Duck,Mini,Blue,Large,18.24,2025-09-08,ORD102997,CUST1946,LA,South,Online,19,311.9,34.66,102.21
RD004,Superhero Rubber Duck,Themed,Pink,Mini,15.63,2025-03-09,ORD102998,CUST2355,MA,Northeast,Marketplace,33,490.0,25.79,155.79
RD008,Holiday Rubber Duck,Seasonal,Yellow,Large,19.66,2024-07-01,ORD102999,CUST6168,UT,West,Retail,33,583.9,64.88,138.16
RD001,Classic Rubber Duck,Classic,Green,Mini,24.4,2025-01-31,ORD103000,CUST6607,NJ,Mid-Atlantic,Retail,3,62.22,10.98,17.82
RD007,Jumbo Rubber Duck,Large,Blue,Large,20.4,2023-03-19,ORD103001,CUST7589,WY,West,Marketplace,8,146.88,16.32,66.95
RD004,Superhero Rubber Duck,Themed,Pink,Standard,24.14,2025-03-29,ORD103002,CUST1052,NY,Mid-Atlantic,Retail,11,252.26,13.28,108.99
RD001,Classic Rubber Duck,Classic,Blue,Large,17.49,2023-05-04,ORD103003,CUST8584,SD,Midwest,Retail,8,125.93,13.99,53.34
RD003,Princess Rubber Duck,Themed,Yellow,Mini,7.06,2024-10-30,ORD103004,CUST5787,ME,Northeast,Retail,41,260.51,28.95,114.69
RD004,Superhero Rubber Duck,Themed,Orange,Mini,23.88,2025-02-26,ORD103005,CUST1908,CT,Northeast,Wholesale,9,214.92,0.0,77.48
RD002,Pirate Rubber Duck,Themed,Purple,Standard,8.98,2024-08-12,ORD103006,CUST4563,RI,Northeast,Wholesale,4,32.33,3.59,13.5
RD008,Holiday Rubber Duck,Seasonal,Purple,Large,13.38,2024-11-05,ORD103007,CUST6364,SD,Midwest,Retail,14,177.95,9.37,80.97
RD002,Pirate Rubber Duck,Themed,Orange,Mini,5.77,2024-01-20,ORD103008,CUST8153,TX,South,Wholesale,11,53.95,9.52,23.08
RD003,Princess Rubber Duck,Themed,Pink,Large,22.22,2025-01-12,ORD103009,CUST8651,UT,West,Marketplace,7,139.99,15.55,62.82
RD002,Pirate Rubber Duck,Themed,Orange,Standard,16.42,2023-09-11,ORD103010,CUST6379,FL,South,Wholesale,16,262.72,0.0,82.96
RD005,Glow Rubber Duck,Specialty,Orange,Large,12.13,2024-08-25,ORD103011,CUST5615,ID,West,Online,44,480.35,53.37,238.19
RD006,Mini Rubber Duck,Mini,Yellow,Mini,16.0,2024-08-17,ORD103012,CUST6446,RI,Northeast,Online,42,604.8,67.2,254.0
RD008,Holiday Rubber Duck,Seasonal,Pink,Standard,23.53,2024-03-06,ORD103013,CUST9328,SD,Midwest,Online,23,487.07,54.12,162.18
RD001,Classic Rubber Duck,Classic,Pink,Standard,18.94,2024-11-06,ORD103014,CUST8405,HI,West,Marketplace,43,773.7,40.72,316.27
RD008,Holiday Rubber Duck,Seasonal,Blue,Mini,16.05,2023-08-29,ORD103015,CUST9426,FL,South,Marketplace,12,173.34,19.26,73.0
RD003,Princess Rubber Duck,Themed,Yellow,Standard,16.31,2023-03-20,ORD103016,CUST2017,LA,South,Wholesale,16,221.82,39.14,65.5
RD006,Mini Rubber Duck,Mini,Green,Standard,24.64,2025-05-02,ORD103017,CUST2728,KY,South,Marketplace,36,798.34,88.7,272.95
RD007,Jumbo Rubber Duck,Large,Yellow,Mini,18.22,2025-09-27,ORD103018,CUST6404,NJ,Mid-Atlantic,Wholesale,22,340.71,60.13,94.29
RD004,Superhero Rubber Duck,Themed,Orange,Large,23.52,2024-06-23,ORD103019,CUST1341,VA,South,Marketplace,50,999.6,176.4,343.71
RD005,Glow Rubber Duck,Specialty,Green,Standard,23.13,2025-09-15,ORD103020,CUST4233,NH,Northeast,Online,10,196.61,34.69,83.99
RD005,Glow Rubber Duck,Specialty,Yellow,Standard,18.55,2023-04-12,ORD103021,CUST5635,WV,South,Wholesale,13,217.03,24.12,102.29
RD006,Mini Rubber Duck,Mini,Pink,Standard,20.59,2024-11-19,ORD103022,CUST4069,NV,West,Online,23,426.21,47.36,139.41
RD007,Jumbo Rubber Duck,Large,Green,Large,8.5,2025-04-29,ORD103023,CUST1884,NM,West,Wholesale,24,173.4,30.6,45.93
RD001,Classic Rubber Duck,Classic,Pink,Mini,19.61,2023-04-15,ORD103024,CUST2301,OK,South,Marketplace,6,117.66,0.0,49.92
RD002,Pirate Rubber Duck,Themed,Purple,Large,18.28,2023-07-11,ORD103025,CUST8484,FL,South,Retail,36,592.27,65.81,170.12
RD004,Superhero Rubber Duck,Themed,Yellow,Large,12.05,2025-05-10,ORD103026,CUST9481,ND,Midwest,Wholesale,3,34.34,1.81,10.21
RD001,Classic Rubber Duck,Classic,Yellow,Standard,11.73,2023-07-10,ORD103027,CUST4352,ME,Northeast,Retail,49,546.03,28.74,201.57
RD001,Classic Rubber Duck,Classic,Purple,Mini,9.98,2024-05-01,ORD103028,CUST8101,DE,Mid-Atlantic,Retail,3,28.44,1.5,9.83
RD008,Holiday Rubber Duck,Seasonal,Orange,Mini,7.87,2025-07-05,ORD103029,CUST2028,CA,West,Retail,1,7.48,0.39,2.87
RD005,Glow Rubber Duck,Specialty,Green,Mini,14.9,2025-06-04,ORD103030,CUST5472,MS,South,Retail,49,620.58,109.52,150.96
RD001,Classic Rubber Duck,Classic,Purple,Standard,10.27,2024-01-17,ORD103031,CUST8126,NV,West,Wholesale,45,462.15,0.0,232.74
RD008,Holiday Rubber Duck,Seasonal,Pink,Standard,19.28,2023-03-03,ORD103032,CUST4180,NC,South,Retail,27,468.5,52.06,198.48
RD008,Holiday Rubber Duck,Seasonal,Green,Standard,12.53,2025-08-29,ORD103033,CUST5466,CO,West,Retail,29,327.03,36.34,116.43
RD005,Glow Rubber Duck,Specialty,Green,Large,13.35,2024-06-10,ORD103034,CUST4559,ND,Midwest,Wholesale,6,72.09,8.01,17.38
RD004,Superhero Rubber Duck,Themed,Blue,Large,10.93,2023-10-23,ORD103035,CUST5573,VT,Northeast,Online,28,260.13,45.91,98.62
RD003,Princess Rubber Duck,Themed,Green,Standard,19.93,2025-03-06,ORD103036,CUST9509,SD,Midwest,Online,36,609.86,107.62,238.87
RD002,Pirate Rubber Duck,Themed,Pink,Standard,21.63,2023-10-07,ORD103037,CUST9038,WA,West,Retail,37,760.29,40.02,351.53
RD003,Princess Rubber Duck,Themed,Yellow,Standard,13.81,2024-07-06,ORD103038,CUST2053,NH,Northeast,Retail,15,176.08,31.07,46.25
RD007,Jumbo Rubber Duck,Large,Yellow,Standard,18.83,2024-05-15,ORD103039,CUST6401,WI,Midwest,Wholesale,34,576.2,64.02,208.75
RD007,Jumbo Rubber Duck,Large,Green,Large,20.28,2025-01-31,ORD103040,CUST7313,AR,South,Online,43,741.23,130.81,206.73
RD001,Classic Rubber Duck,Classic,Purple,Standard,5.4,2025-09-07,ORD103041,CUST5278,FL,South,Wholesale,48,246.24,12.96,70.21
RD005,Glow Rubber Duck,Specialty,Yellow,Standard,23.22,2025-04-21,ORD103042,CUST8117,DE,Mid-Atlantic,Wholesale,11,217.11,38.31,99.85
RD004,Superhero Rubber Duck,Themed,Purple,Large,9.31,2023-06-29,ORD103043,CUST8066,OK,South,Marketplace,3,27.93,0.0,13.32
RD005,Glow Rubber Duck,Specialty,Yellow,Large,6.08,2024-10-29,ORD103044,CUST2518,KS,Midwest,Wholesale,24,138.62,7.3,71.11
RD001,Classic Rubber Duck,Classic,Yellow,Large,11.85,2024-10-16,ORD103045,CUST2435,AL,South,Wholesale,7,78.8,4.15,36.83
RD004,Superhero Rubber Duck,Themed,Purple,Mini,18.89,2025-04-21,ORD103046,CUST4050,NJ,Mid-Atlantic,Marketplace,33,529.86,93.51,109.23
RD001,Classic Rubber Duck,Classic,Purple,Large,8.34,2023-03-25,ORD103047,CUST2268,NC,South,Marketplace,36,300.24,0.0,165.01
RD001,Classic Rubber Duck,Classic,Green,Large,7.16,2024-12-16,ORD103048,CUST5841,VT,Northeast,Marketplace,39,279.24,0.0,116.67
RD006,Mini Rubber Duck,Mini,Pink,Large,4.43,2024-01-05,ORD103049,CUST8032,WY,West,Online,9,33.89,5.98,15.76
RD002,Pirate Rubber Duck,Themed,Purple,Standard,10.64,2023-01-13,ORD103050,CUST8850,SC,South,Wholesale,33,333.56,17.56,171.63
RD002,Pirate Rubber Duck,Themed,Yellow,Standard,12.98,2023-10-14,ORD103051,CUST8467,NY,Mid-Atlantic,Wholesale,1,12.33,0.65,3.58
RD006,Mini Rubber Duck,Mini,Yellow,Standard,6.3,2023-11-14,ORD103052,CUST5027,DE,Mid-Atlantic,Online,29,173.57,9.13,47.21
RD003,Princess Rubber Duck,Themed,Pink,Standard,9.22,2025-04-22,ORD103053,CUST1708,WI,Midwest,Retail,6,52.55,2.77,21.93
RD004,Superhero Rubber Duck,Themed,Green,Mini,5.81,2023-02-15,ORD103054,CUST5104,DE,Mid-Atlantic,Marketplace,27,141.18,15.69,57.26
RD006,Mini Rubber Duck,Mini,Green,Large,7.14,2024-05-10,ORD103055,CUST8750,FL,South,Online,30,203.49,10.71,59.21
RD003,Princess Rubber Duck,Themed,Purple,Large,10.59,2024-12-30,ORD103056,CUST8153,KS,Midwest,Marketplace,1,10.59,0.0,3.47
RD001,Classic Rubber Duck,Classic,Yellow,Large,4.05,2023-12-31,ORD103057,CUST9561,SD,Midwest,Online,30,121.5,0.0,43.36
RD007,Jumbo Rubber Duck,Large,Orange,Mini,16.57,2024-01-20,ORD103058,CUST4790,KS,Midwest,Online,12,188.9,9.94,81.28
RD006,Mini Rubber Duck,Mini,Pink,Standard,9.91,2025-05-07,ORD103059,CUST1918,TN,South,Marketplace,38,338.92,37.66,78.3
RD005,Glow Rubber Duck,Specialty,Blue,Standard,22.06,2024-07-09,ORD103060,CUST5342,NJ,Mid-Atlantic,Marketplace,46,964.02,50.74,499.24
RD006,Mini Rubber Duck,Mini,Yellow,Large,6.31,2024-09-15,ORD103061,CUST2061,LA,South,Wholesale,2,11.99,0.63,4.04
RD005,Glow Rubber Duck,Specialty,Blue,Standard,4.68,2024-03-29,ORD103062,CUST7411,MT,West,Wholesale,21,98.28,0.0,52.83
RD004,Superhero Rubber Duck,Themed,Purple,Standard,8.25,2025-01-24,ORD103063,CUST4170,DE,Mid-Atlantic,Marketplace,16,132.0,0.0,62.18
RD001,Classic Rubber Duck,Classic,Blue,Standard,21.2,2024-06-23,ORD103064,CUST8355,RI,Northeast,Online,19,402.8,0.0,180.69
RD003,Princess Rubber Duck,Themed,Blue,Standard,4.22,2023-08-16,ORD103065,CUST3779,MA,Northeast,Retail,48,182.3,20.26,68.82
RD004,Superhero Rubber Duck,Themed,Green,Standard,13.87,2023-08-11,ORD103066,CUST8281,AK,West,Wholesale,29,362.01,40.22,142.73
RD001,Classic Rubber Duck,Classic,Yellow,Large,5.97,2024-05-04,ORD103067,CUST2133,KY,South,Online,48,272.23,14.33,73.94
RD006,Mini Rubber Duck,Mini,Blue,Large,16.37,2024-01-23,ORD103068,CUST2206,TX,South,Marketplace,50,695.73,122.77,203.28
RD004,Superhero Rubber Duck,Themed,Green,Standard,17.51,2023-03-30,ORD103069,CUST5849,WI,Midwest,Wholesale,2,31.52,3.5,9.43
RD003,Princess Rubber Duck,Themed,Green,Standard,8.25,2025-10-15,ORD103070,CUST1109,KY,South,Wholesale,24,168.3,29.7,78.14
RD007,Jumbo Rubber Duck,Large,Green,Mini,13.84,2024-01-09,ORD103071,CUST3623,NY,Mid-Atlantic,Marketplace,42,523.15,58.13,199.76
RD001,Classic Rubber Duck,Classic,Orange,Mini,17.8,2025-06-12,ORD103072,CUST2925,DC,Mid-Atlantic,Online,48,854.4,0.0,444.01
RD004,Superhero Rubber Duck,Themed,Orange,Mini,16.33,2023-01-08,ORD103073,CUST8657,OH,Midwest,Online,5,73.49,8.16,19.51
RD001,Classic Rubber Duck,Classic,Purple,Large,14.48,2024-12-06,ORD103074,CUST9583,NJ,Mid-Atlantic,Marketplace,26,357.66,18.82,138.61
RD008,Holiday Rubber Duck,Seasonal,Blue,Large,20.47,2025-08-08,ORD103075,CUST7319,MO,Midwest,Retail,6,110.54,12.28,34.67
RD002,Pirate Rubber Duck,Themed,Green,Standard,11.04,2023-02-27,ORD103076,CUST4314,RI,Northeast,Wholesale,42,394.13,69.55,150.01
RD006,Mini Rubber Duck,Mini,Blue,Mini,20.75,2023-12-09,ORD103077,CUST6801,KS,Midwest,Online,44,913.0,0.0,276.07
RD004,Superhero Rubber Duck,Themed,Purple,Large,9.03,2025-12-22,ORD103078,CUST3862,AL,South,Wholesale,47,360.75,63.66,85.19
RD001,Classic Rubber Duck,Classic,Green,Large,11.49,2025-12-11,ORD103079,CUST8747,MA,Northeast,Retail,28,273.46,48.26,68.6
RD006,Mini Rubber Duck,Mini,Pink,Large,15.56,2025-10-14,ORD103080,CUST8360,OR,West,Wholesale,47,731.32,0.0,312.63
RD008,Holiday Rubber Duck,Seasonal,Blue,Large,9.0,2024-09-20,ORD103081,CUST4853,SD,Midwest,Wholesale,40,324.0,36.0,103.09
RD007,Jumbo Rubber Duck,Large,Yellow,Mini,16.39,2023-10-24,ORD103082,CUST4279,WY,West,Online,49,803.11,0.0,406.08
RD007,Jumbo Rubber Duck,Large,Yellow,Large,17.44,2025-10-02,ORD103083,CUST2458,AL,South,Marketplace,8,132.54,6.98,56.45
RD004,Superhero Rubber Duck,Themed,Orange,Standard,9.01,2024-05-17,ORD103084,CUST4551,PA,Mid-Atlantic,Online,3,25.68,1.35,9.28
RD006,Mini Rubber Duck,Mini,Pink,Standard,6.77,2024-04-27,ORD103085,CUST3915,ND,Midwest,Marketplace,48,276.22,48.74,99.61
RD003,Princess Rubber Duck,Themed,Yellow,Mini,16.55,2025-10-29,ORD103086,CUST4052,NH,Northeast,Retail,18,253.21,44.69,100.27
RD007,Jumbo Rubber Duck,Large,Orange,Mini,16.36,2024-04-17,ORD103087,CUST3089,NM,West,Retail,19,279.76,31.08,130.38
RD004,Superhero Rubber Duck,Themed,Blue,Large,17.53,2023-01-17,ORD103088,CUST5536,MA,Northeast,Marketplace,33,491.72,86.77,182.86
RD006,Mini Rubber Duck,Mini,Green,Standard,10.83,2023-06-11,ORD103089,CUST4339,VT,Northeast,Online,31,285.37,50.36,73.46
RD003,Princess Rubber Duck,Themed,Purple,Mini,10.33,2025-10-26,ORD103090,CUST2125,SC,South,Wholesale,21,206.08,10.85,89.49
RD008,Holiday Rubber Duck,Seasonal,Orange,Mini,21.99,2024-07-10,ORD103091,CUST4081,VA,South,Marketplace,10,186.92,32.98,79.28
RD006,Mini Rubber Duck,Mini,Blue,Mini,11.39,2024-06-09,ORD103092,CUST2645,NE,Midwest,Marketplace,27,292.15,15.38,85.95
RD007,Jumbo Rubber Duck,Large,Orange,Standard,20.93,2025-03-29,ORD103093,CUST4732,OH,Midwest,Wholesale,35,659.3,73.25,270.22
RD005,Glow Rubber Duck,Specialty,Purple,Large,20.49,2025-09-23,ORD103094,CUST8765,ME,Northeast,Wholesale,5,102.45,0.0,48.67
RD004,Superhero Rubber Duck,Themed,Yellow,Large,21.66,2023-01-03,ORD103095,CUST2163,GA,South,Marketplace,10,216.6,0.0,69.27
RD002,Pirate Rubber Duck,Themed,Blue,Large,20.01,2024-10-19,ORD103096,CUST6024,NJ,Mid-Atlantic,Online,41,779.39,41.02,334.38
RD002,Pirate Rubber Duck,Themed,Green,Mini,19.04,2025-01-26,ORD103097,CUST2515,VT,Northeast,Marketplace,3,54.26,2.86,24.28
RD005,Glow Rubber Duck,Specialty,Yellow,Mini,7.92,2023-11-30,ORD103098,CUST3022,DE,Mid-Atlantic,Retail,22,156.82,17.42,66.05
RD006,Mini Rubber Duck,Mini,Orange,Standard,12.17,2024-05-26,ORD103099,CUST1064,OK,South,Marketplace,46,531.83,27.99,259.75
RD002,Pirate Rubber Duck,Themed,Orange,Standard,17.98,2023-05-08,ORD103100,CUST5246,IL,Midwest,Marketplace,15,242.73,26.97,95.41
RD001,Classic Rubber Duck,Classic,Yellow,Standard,5.06,2025-01-02,ORD103101,CUST4111,MA,Northeast,Wholesale,16,80.96,0.0,43.49
RD003,Princess Rubber Duck,Themed,Blue,Mini,17.27,2023-01-01,ORD103102,CUST5768,VT,Northeast,Online,48,828.96,0.0,302.53
RD008,Holiday Rubber Duck,Seasonal,Green,Standard,5.4,2024-11-22,ORD103103,CUST2407,AL,South,Wholesale,33,178.2,0.0,57.67
RD005,Glow Rubber Duck,Specialty,Blue,Large,8.57,2023-01-26,ORD103104,CUST6579,NH,Northeast,Online,13,94.7,16.71,33.65
RD006,Mini Rubber Duck,Mini,Purple,Standard,19.93,2023-07-22,ORD103105,CUST8756,KS,Midwest,Retail,21,418.53,0.0,184.23
RD001,Classic Rubber Duck,Classic,Purple,Large,19.48,2023-08-26,ORD103106,CUST2681,NC,South,Wholesale,20,370.12,19.48,178.22
RD003,Princess Rubber Duck,Themed,Yellow,Mini,23.11,2024-08-05,ORD103107,CUST4545,WY,West,Wholesale,18,415.98,0.0,198.61
RD007,Jumbo Rubber Duck,Large,Pink,Mini,7.97,2025-04-24,ORD103108,CUST1093,WY,West,Online,8,57.38,6.38,15.06
RD003,Princess Rubber Duck,Themed,Purple,Standard,13.44,2025-11-02,ORD103109,CUST6033,ME,Northeast,Marketplace,3,38.3,2.02,19.64
RD007,Jumbo Rubber Duck,Large,Green,Mini,17.1,2023-10-28,ORD103110,CUST3041,MN,Midwest,Retail,35,598.5,0.0,225.78
RD007,Jumbo Rubber Duck,Large,Pink,Large,10.86,2024-10-01,ORD103111,CUST3027,NE,Midwest,Wholesale,39,423.54,0.0,136.26
RD004,Superhero Rubber Duck,Themed,Blue,Mini,6.38,2023-07-21,ORD103112,CUST9476,DC,Mid-Atlantic,Wholesale,42,267.96,0.0,87.59
RD003,Princess Rubber Duck,Themed,Pink,Mini,11.54,2024-04-27,ORD103113,CUST9898,NY,Mid-Atlantic,Wholesale,35,383.7,20.2,112.36
RD001,Classic Rubber Duck,Classic,Green,Mini,22.5,2025-03-15,ORD103114,CUST4976,NJ,Mid-Atlantic,Retail,48,972.0,108.0,379.48
RD001,Classic Rubber Duck,Classic,Green,Mini,9.17,2025-05-18,ORD103115,CUST8343,PA,Mid-Atlantic,Marketplace,49,404.4,44.93,184.35
RD007,Jumbo Rubber Duck,Large,Purple,Large,20.22,2025-10-07,ORD103116,CUST7989,VT,Northeast,Marketplace,40,768.36,40.44,272.6
RD008,Holiday Rubber Duck,Seasonal,Yellow,Mini,24.39,2023-10-02,ORD103117,CUST8353,VA,South,Wholesale,45,932.92,164.63,305.45
RD003,Princess Rubber Duck,Themed,Pink,Mini,18.44,2023-03-15,ORD103118,CUST1305,TX,South,Marketplace,2,35.04,1.84,10.77
RD003,Princess Rubber Duck,Themed,Pink,Standard,13.69,2025-06-04,ORD103119,CUST2060,OK,South,Marketplace,9,110.89,12.32,46.93
RD004,Superhero Rubber Duck,Themed,Purple,Mini,14.18,2024-10-15,ORD103120,CUST4596,WA,West,Online,28,377.19,19.85,140.86
RD003,Princess Rubber Duck,Themed,Green,Large,8.0,2023-12-07,ORD103121,CUST7987,WY,West,Online,25,190.0,10.0,51.49
RD008,Holiday Rubber Duck,Seasonal,Purple,Mini,7.78,2025-07-24,ORD103122,CUST2295,VT,Northeast,Wholesale,15,105.03,11.67,26.15
RD004,Superhero Rubber Duck,Themed,Pink,Mini,19.22,2024-01-27,ORD103123,CUST6119,ME,Northeast,Marketplace,44,803.4,42.28,280.25
RD001,Classic Rubber Duck,Classic,Yellow,Large,21.11,2025-02-06,ORD103124,CUST5874,VA,South,Wholesale,42,886.62,0.0,377.78
RD007,Jumbo Rubber Duck,Large,Blue,Mini,13.57,2025-04-29,ORD103125,CUST4894,PA,Mid-Atlantic,Online,33,380.64,67.17,100.27
RD006,Mini Rubber Duck,Mini,Pink,Large,5.52,2025-01-05,ORD103126,CUST3806,UT,West,Retail,50,248.4,27.6,86.08
RD006,Mini Rubber Duck,Mini,Orange,Mini,11.06,2024-11-01,ORD103127,CUST6751,UT,West,Wholesale,13,136.59,7.19,46.44
RD002,Pirate Rubber Duck,Themed,Yellow,Large,8.36,2023-07-23,ORD103128,CUST7729,CO,West,Marketplace,45,338.58,37.62,158.97
RD005,Glow Rubber Duck,Specialty,Purple,Large,18.11,2024-12-29,ORD103129,CUST1160,WV,South,Wholesale,28,481.73,25.35,202.59
RD001,Classic Rubber Duck,Classic,Blue,Standard,14.31,2024-06-18,ORD103130,CUST8976,WV,South,Marketplace,32,435.02,22.9,212.85
RD001,Classic Rubber Duck,Classic,Green,Mini,7.61,2023-06-14,ORD103131,CUST9623,DC,Mid-Atlantic,Retail,41,312.01,0.0,160.69
RD006,Mini Rubber Duck,Mini,Yellow,Mini,13.3,2023-09-03,ORD103132,CUST8229,AR,South,Wholesale,44,526.68,58.52,134.99
RD007,Jumbo Rubber Duck,Large,Blue,Mini,22.7,2024-02-26,ORD103133,CUST1264,DE,Mid-Atlantic,Marketplace,14,317.8,0.0,167.82
RD003,Princess Rubber Duck,Themed,Purple,Mini,21.13,2024-06-15,ORD103134,CUST1438,NY,Mid-Atlantic,Retail,47,893.8,99.31,252.88
RD002,Pirate Rubber Duck,Themed,Purple,Mini,4.38,2025-02-01,ORD103135,CUST1613,HI,West,Online,46,171.26,30.22,65.59
RD003,Princess Rubber Duck,Themed,Green,Mini,7.2,2023-06-28,ORD103136,CUST3207,RI,Northeast,Wholesale,5,32.4,3.6,15.99
RD007,Jumbo Rubber Duck,Large,Blue,Mini,17.31,2024-01-28,ORD103137,CUST5612,MA,Northeast,Marketplace,31,456.12,80.49,128.58
RD001,Classic Rubber Duck,Classic,Purple,Standard,6.69,2024-09-29,ORD103138,CUST5191,DC,Mid-Atlantic,Retail,2,12.04,1.34,5.39
RD004,Superhero Rubber Duck,Themed,Yellow,Standard,6.71,2023-04-03,ORD103139,CUST7473,GA,South,Online,3,17.11,3.02,6.23
RD002,Pirate Rubber Duck,Themed,Pink,Large,10.13,2025-01-20,ORD103140,CUST8458,CT,Northeast,Wholesale,13,131.69,0.0,64.71
RD003,Princess Rubber Duck,Themed,Green,Large,13.91,2025-01-01,ORD103141,CUST8606,CT,Northeast,Retail,10,132.14,6.96,45.93
RD002,Pirate Rubber Duck,Themed,Green,Standard,20.68,2025-07-18,ORD103142,CUST8800,IA,Midwest,Marketplace,5,87.89,15.51,22.87
RD006,Mini Rubber Duck,Mini,Orange,Large,14.49,2024-03-12,ORD103143,CUST2376,NH,Northeast,Retail,30,434.7,0.0,225.09
RD008,Holiday Rubber Duck,Seasonal,Yellow,Large,9.82,2025-01-09,ORD103144,CUST5143,NY,Mid-Atlantic,Wholesale,31,289.2,15.22,149.26
RD006,Mini Rubber Duck,Mini,Pink,Mini,23.51,2024-04-02,ORD103145,CUST9823,CO,West,Online,6,119.9,21.16,27.21
RD008,Holiday Rubber Duck,Seasonal,Pink,Standard,12.45,2023-08-08,ORD103146,CUST6226,NM,West,Wholesale,20,249.0,0.0,121.51
RD004,Superhero Rubber Duck,Themed,Purple,Mini,20.1,2025-03-12,ORD103147,CUST1540,OR,West,Wholesale,35,633.15,70.35,274.64
RD005,Glow Rubber Duck,Specialty,Pink,Mini,8.01,2024-10-09,ORD103148,CUST7726,KY,South,Retail,16,121.75,6.41,49.72
RD006,Mini Rubber Duck,Mini,Pink,Mini,4.17,2023-06-02,ORD103149,CUST8514,MO,Midwest,Wholesale,4,14.18,2.5,2.66
RD003,Princess Rubber Duck,Themed,Purple,Standard,22.79,2024-03-24,ORD103150,CUST5374,CT,Northeast,Wholesale,23,471.75,52.42,141.66
RD001,Classic Rubber Duck,Classic,Orange,Large,18.86,2025-10-27,ORD103151,CUST3699,ND,Midwest,Retail,44,705.36,124.48,237.32
RD002,Pirate Rubber Duck,Themed,Pink,Mini,4.8,2023-01-19,ORD103152,CUST6084,CT,Northeast,Marketplace,50,228.0,12.0,79.25
RD002,Pirate Rubber Duck,Themed,Orange,Large,10.19,2025-10-04,ORD103153,CUST1255,NH,Northeast,Wholesale,7,60.63,10.7,21.99
RD002,Pirate Rubber Duck,Themed,Orange,Standard,24.69,2023-06-17,ORD103154,CUST5212,CT,Northeast,Wholesale,36,755.51,133.33,264.68
RD003,Princess Rubber Duck,Themed,Orange,Large,20.15,2024-06-13,ORD103155,CUST7789,IN,Midwest,Marketplace,20,342.55,60.45,155.23
RD002,Pirate Rubber Duck,Themed,Blue,Mini,24.56,2023-01-29,ORD103156,CUST3572,ME,Northeast,Wholesale,33,688.91,121.57,229.73
RD008,Holiday Rubber Duck,Seasonal,Green,Mini,9.98,2023-03-01,ORD103157,CUST3205,CT,Northeast,Wholesale,19,180.14,9.48,57.56
RD007,Jumbo Rubber Duck,Large,Orange,Large,15.88,2024-06-09,ORD103158,CUST1980,ND,Midwest,Retail,40,539.92,95.28,149.71
RD001,Classic Rubber Duck,Classic,Orange,Large,24.16,2025-06-24,ORD103159,CUST9195,OK,South,Retail,33,797.28,0.0,278.49
RD005,Glow Rubber Duck,Specialty,Yellow,Mini,7.37,2025-12-16,ORD103160,CUST4139,SD,Midwest,Online,30,221.1,0.0,105.99
RD002,Pirate Rubber Duck,Themed,Pink,Standard,20.11,2023-06-21,ORD103161,CUST7208,CO,West,Wholesale,19,362.99,19.1,178.07
RD002,Pirate Rubber Duck,Themed,Yellow,Mini,6.61,2025-08-30,ORD103162,CUST5026,HI,West,Wholesale,30,178.47,19.83,59.75
RD004,Superhero Rubber Duck,Themed,Pink,Mini,8.14,2025-08-18,ORD103163,CUST6416,WI,Midwest,Retail,10,73.26,8.14,18.55
RD007,Jumbo Rubber Duck,Large,Pink,Standard,5.91,2023-05-30,ORD103164,CUST2789,PA,Mid-Atlantic,Online,42,235.81,12.41,111.36
RD002,Pirate Rubber Duck,Themed,Blue,Large,17.43,2023-07-29,ORD103165,CUST7586,CA,West,Retail,2,29.63,5.23,13.84
RD001,Classic Rubber Duck,Classic,Pink,Mini,22.28,2024-09-25,ORD103166,CUST7944,VT,Northeast,Marketplace,12,267.36,0.0,81.69
RD004,Superhero Rubber Duck,Themed,Yellow,Mini,8.19,2025-05-19,ORD103167,CUST7706,TX,South,Online,17,132.27,6.96,58.62
RD006,Mini Rubber Duck,Mini,Purple,Mini,19.01,2025-04-26,ORD103168,CUST9748,WY,West,Wholesale,20,342.18,38.02,101.27
RD006,Mini Rubber Duck,Mini,Green,Large,13.2,2023-11-12,ORD103169,CUST3084,SC,South,Wholesale,50,594.0,66.0,208.67
RD001,Classic Rubber Duck,Classic,Blue,Mini,9.65,2024-01-10,ORD103170,CUST4192,OR,West,Wholesale,40,347.4,38.6,80.34
RD006,Mini Rubber Duck,Mini,Purple,Mini,21.33,2024-11-13,ORD103171,CUST9322,NV,West,Online,33,703.89,0.0,265.07
RD006,Mini Rubber Duck,Mini,Blue,Standard,10.63,2025-07-12,ORD103172,CUST5247,MA,Northeast,Wholesale,32,340.16,0.0,137.26
RD003,Princess Rubber Duck,Themed,Pink,Standard,9.88,2025-09-15,ORD103173,CUST5480,NC,South,Marketplace,45,377.91,66.69,123.12
RD005,Glow Rubber Duck,Specialty,Green,Mini,4.7,2023-04-10,ORD103174,CUST7332,NV,West,Retail,28,118.44,13.16,32.68
RD007,Jumbo Rubber Duck,Large,Blue,Standard,13.11,2025-01-17,ORD103175,CUST8579,TN,South,Retail,48,534.89,94.39,194.43
RD006,Mini Rubber Duck,Mini,Pink,Mini,20.88,2023-02-15,ORD103176,CUST8664,AR,South,Retail,2,41.76,0.0,21.51
RD006,Mini Rubber Duck,Mini,Yellow,Standard,24.52,2023-03-31,ORD103177,CUST1990,OK,South,Retail,47,1094.82,57.62,402.48
RD003,Princess Rubber Duck,Themed,Pink,Large,4.64,2023-10-06,ORD103178,CUST2706,MS,South,Marketplace,37,163.1,8.58,68.8
RD005,Glow Rubber Duck,Specialty,Yellow,Large,18.39,2025-01-31,ORD103179,CUST4786,NY,Mid-Atlantic,Wholesale,50,919.5,0.0,455.7
RD004,Superhero Rubber Duck,Themed,Orange,Large,23.61,2025-07-30,ORD103180,CUST6857,MT,West,Retail,17,361.23,40.14,86.51
RD004,Superhero Rubber Duck,Themed,Pink,Standard,20.5,2024-06-21,ORD103181,CUST6805,MI,Midwest,Wholesale,32,590.4,65.6,201.73
RD008,Holiday Rubber Duck,Seasonal,Purple,Standard,7.63,2025-10-06,ORD103182,CUST3354,OR,West,Marketplace,47,340.68,17.93,114.25
RD002,Pirate Rubber Duck,Themed,Blue,Large,6.78,2023-11-27,ORD103183,CUST4418,NV,West,Marketplace,10,61.02,6.78,15.22
RD003,Princess Rubber Duck,Themed,Yellow,Standard,6.14,2024-07-20,ORD103184,CUST7380,IA,Midwest,Wholesale,27,149.2,16.58,45.15
RD006,Mini Rubber Duck,Mini,Yellow,Standard,7.42,2023-09-09,ORD103185,CUST1107,ME,Northeast,Retail,25,176.22,9.28,69.34
RD003,Princess Rubber Duck,Themed,Purple,Large,16.66,2024-08-20,ORD103186,CUST6546,AK,West,Wholesale,3,42.48,7.5,10.31
RD003,Princess Rubber Duck,Themed,Blue,Mini,23.88,2024-07-12,ORD103187,CUST4443,AK,West,Wholesale,29,588.64,103.88,192.11
RD005,Glow Rubber Duck,Specialty,Purple,Standard,21.21,2023-09-30,ORD103188,CUST9520,NJ,Mid-Atlantic,Retail,30,604.48,31.82,201.8
RD007,Jumbo Rubber Duck,Large,Green,Mini,5.67,2023-10-10,ORD103189,CUST9023,WA,West,Marketplace,23,130.41,0.0,70.39
RD003,Princess Rubber Duck,Themed,Green,Large,8.06,2025-12-04,ORD103190,CUST7269,VT,Northeast,Wholesale,41,297.41,33.05,69.91
RD004,Superhero Rubber Duck,Themed,Pink,Mini,11.58,2023-02-23,ORD103191,CUST1070,MI,Midwest,Retail,23,226.39,39.95,89.98
RD002,Pirate Rubber Duck,Themed,Blue,Standard,8.65,2024-03-05,ORD103192,CUST8361,ID,West,Retail,43,334.75,37.2,162.56
RD002,Pirate Rubber Duck,Themed,Orange,Standard,13.99,2024-09-29,ORD103193,CUST1846,MD,Mid-Atlantic,Retail,13,163.68,18.19,39.04
RD008,Holiday Rubber Duck,Seasonal,Orange,Large,17.41,2025-04-23,ORD103194,CUST1303,KY,South,Online,45,783.45,0.0,327.97
RD001,Classic Rubber Duck,Classic,Yellow,Large,7.62,2023-11-17,ORD103195,CUST5575,IN,Midwest,Wholesale,36,233.17,41.15,103.87
RD003,Princess Rubber Duck,Themed,Blue,Mini,24.91,2023-03-19,ORD103196,CUST4435,MD,Mid-Atlantic,Online,45,1008.85,112.1,344.62
RD006,Mini Rubber Duck,Mini,Green,Standard,22.76,2023-08-24,ORD103197,CUST8298,HI,West,Online,34,657.76,116.08,126.5
RD004,Superhero Rubber Duck,Themed,Orange,Standard,4.28,2023-01-07,ORD103198,CUST2098,NJ,Mid-Atlantic,Marketplace,36,154.08,0.0,54.15
RD006,Mini Rubber Duck,Mini,Yellow,Mini,24.04,2024-03-28,ORD103199,CUST8269,NH,Northeast,Marketplace,47,1016.89,112.99,474.05
RD008,Holiday Rubber Duck,Seasonal,Yellow,Large,18.7,2024-11-23,ORD103200,CUST6550,TN,South,Online,32,538.56,59.84,218.32
RD005,Glow Rubber Duck,Specialty,Green,Large,10.22,2025-03-11,ORD103201,CUST5772,VA,South,Marketplace,29,281.56,14.82,81.41
RD003,Princess Rubber Duck,Themed,Pink,Large,14.53,2023-09-13,ORD103202,CUST3200,IN,Midwest,Online,22,319.66,0.0,132.64
RD005,Glow Rubber Duck,Specialty,Green,Mini,15.61,2024-06-14,ORD103203,CUST2737,DC,Mid-Atlantic,Marketplace,49,688.4,76.49,169.56
RD007,Jumbo Rubber Duck,Large,Yellow,Standard,8.05,2024-08-09,ORD103204,CUST7187,AR,South,Marketplace,19,145.3,7.65,43.65
RD005,Glow Rubber Duck,Specialty,Orange,Standard,15.66,2025-01-07,ORD103205,CUST8315,MA,Northeast,Wholesale,44,585.68,103.36,178.52
RD002,Pirate Rubber Duck,Themed,Pink,Mini,12.29,2025-05-28,ORD103206,CUST9257,ME,Northeast,Marketplace,28,292.5,51.62,82.49
RD004,Superhero Rubber Duck,Themed,Yellow,Mini,15.29,2023-04-18,ORD103207,CUST5566,ID,West,Retail,21,305.04,16.05,124.06
RD002,Pirate Rubber Duck,Themed,Blue,Standard,9.58,2024-06-13,ORD103208,CUST9955,KS,Midwest,Online,44,400.44,21.08,113.14
RD005,Glow Rubber Duck,Specialty,Orange,Standard,10.14,2023-05-20,ORD103209,CUST7115,OH,Midwest,Marketplace,31,298.62,15.72,126.6
RD003,Princess Rubber Duck,Themed,Purple,Large,22.95,2024-03-27,ORD103210,CUST3605,KS,Midwest,Marketplace,9,206.55,0.0,70.55
RD004,Superhero Rubber Duck,Themed,Blue,Mini,14.41,2025-09-17,ORD103211,CUST3528,OK,South,Retail,10,129.69,14.41,50.82
RD001,Classic Rubber Duck,Classic,Pink,Mini,20.38,2023-08-24,ORD103212,CUST3324,RI,Northeast,Wholesale,30,550.26,61.14,154.73
RD003,Princess Rubber Duck,Themed,Pink,Standard,12.15,2023-01-02,ORD103213,CUST9809,OK,South,Retail,2,24.3,0.0,9.84
RD007,Jumbo Rubber Duck,Large,Yellow,Mini,18.64,2024-07-04,ORD103214,CUST7646,CA,West,Wholesale,14,260.96,0.0,130.34
RD004,Superhero Rubber Duck,Themed,Purple,Standard,14.82,2025-06-27,ORD103215,CUST1452,MD,Mid-Atlantic,Marketplace,28,373.46,41.5,122.77
RD001,Classic Rubber Duck,Classic,Blue,Mini,4.51,2024-07-23,ORD103216,CUST8293,OH,Midwest,Online,18,69.0,12.18,30.45
RD001,Classic Rubber Duck,Classic,Blue,Standard,16.41,2024-08-04,ORD103217,CUST8170,LA,South,Online,47,655.58,115.69,117.27
RD007,Jumbo Rubber Duck,Large,Pink,Standard,23.11,2023-06-12,ORD103218,CUST9024,MD,Mid-Atlantic,Wholesale,30,589.31,103.99,245.01
RD001,Classic Rubber Duck,Classic,Blue,Standard,24.41,2025-12-08,ORD103219,CUST9834,GA,South,Marketplace,33,684.7,120.83,235.8
RD005,Glow Rubber Duck,Specialty,Pink,Mini,7.57,2023-05-11,ORD103220,CUST9243,VT,Northeast,Marketplace,33,224.83,24.98,57.31
RD003,Princess Rubber Duck,Themed,Blue,Mini,18.87,2023-11-26,ORD103221,CUST4584,IL,Midwest,Retail,44,788.77,41.51,398.09
RD002,Pirate Rubber Duck,Themed,Blue,Mini,20.49,2023-09-09,ORD103222,CUST1110,KY,South,Wholesale,1,17.42,3.07,4.62
RD005,Glow Rubber Duck,Specialty,Yellow,Standard,23.37,2025-09-16,ORD103223,CUST5356,AZ,West,Online,23,456.88,80.63,154.08
RD008,Holiday Rubber Duck,Seasonal,Orange,Mini,4.14,2024-04-17,ORD103224,CUST2617,IA,Midwest,Marketplace,21,73.9,13.04,22.86
RD005,Glow Rubber Duck,Specialty,Pink,Standard,17.7,2025-03-29,ORD103225,CUST8094,MS,South,Marketplace,32,481.44,84.96,120.1
RD007,Jumbo Rubber Duck,Large,Purple,Large,24.42,2025-10-21,ORD103226,CUST6603,MS,South,Retail,3,65.93,7.33,30.66
RD007,Jumbo Rubber Duck,Large,Pink,Large,22.48,2023-05-08,ORD103227,CUST9802,FL,South,Marketplace,12,269.76,0.0,115.25
RD003,Princess Rubber Duck,Themed,Blue,Mini,14.52,2024-07-18,ORD103228,CUST1081,MT,West,Marketplace,10,123.42,21.78,44.99
RD002,Pirate Rubber Duck,Themed,Purple,Mini,18.53,2025-08-15,ORD103229,CUST9621,UT,West,Marketplace,27,475.29,25.02,175.74
RD005,Glow Rubber Duck,Specialty,Blue,Large,11.97,2025-06-03,ORD103230,CUST1613,ME,Northeast,Retail,31,352.52,18.55,157.22
RD003,Princess Rubber Duck,Themed,Orange,Mini,9.18,2024-01-24,ORD103231,CUST4961,VT,Northeast,Online,13,119.34,0.0,49.41
RD002,Pirate Rubber Duck,Themed,Pink,Standard,20.81,2025-03-31,ORD103232,CUST9220,ME,Northeast,Wholesale,33,618.06,68.67,194.25
RD006,Mini Rubber Duck,Mini,Yellow,Standard,10.71,2025-03-15,ORD103233,CUST2225,ID,West,Wholesale,9,86.75,9.64,34.81
RD004,Superhero Rubber Duck,Themed,Blue,Standard,13.6,2025-12-07,ORD103234,CUST2193,SD,Midwest,Marketplace,17,208.08,23.12,77.75
RD004,Superhero Rubber Duck,Themed,Green,Large,18.96,2025-03-24,ORD103235,CUST8078,ID,West,Retail,6,108.07,5.69,47.54
RD004,Superhero Rubber Duck,Themed,Green,Large,20.91,2023-05-20,ORD103236,CUST9747,AK,West,Retail,23,408.79,72.14,112.5
RD006,Mini Rubber Duck,Mini,Blue,Standard,18.53,2025-06-04,ORD103237,CUST7956,OH,Midwest,Wholesale,39,722.67,0.0,257.47
RD008,Holiday Rubber Duck,Seasonal,Blue,Standard,23.92,2024-08-04,ORD103238,CUST9605,KS,Midwest,Wholesale,38,863.51,45.45,365.1
RD002,Pirate Rubber Duck,Themed,Yellow,Mini,13.6,2023-04-10,ORD103239,CUST3148,SD,Midwest,Marketplace,28,323.68,57.12,98.57
RD002,Pirate Rubber Duck,Themed,Yellow,Mini,5.21,2023-09-18,ORD103240,CUST9847,HI,West,Marketplace,40,187.56,20.84,49.18
RD003,Princess Rubber Duck,Themed,Pink,Large,6.6,2024-07-15,ORD103241,CUST7270,NH,Northeast,Retail,24,158.4,0.0,64.46
RD005,Glow Rubber Duck,Specialty,Green,Standard,18.45,2024-11-20,ORD103242,CUST4556,AL,South,Retail,10,184.5,0.0,97.15
RD004,Superhero Rubber Duck,Themed,Blue,Standard,14.95,2025-02-23,ORD103243,CUST4941,VA,South,Online,19,269.85,14.2,90.06
RD005,Glow Rubber Duck,Specialty,Pink,Mini,5.12,2025-12-15,ORD103244,CUST5483,NH,Northeast,Retail,32,147.46,16.38,60.9
RD001,Classic Rubber Duck,Classic,Pink,Mini,15.1,2024-07-27,ORD103245,CUST4479,PA,Mid-Atlantic,Retail,13,176.67,19.63,85.92
RD003,Princess Rubber Duck,Themed,Pink,Mini,21.94,2024-06-26,ORD103246,CUST5952,CA,West,Retail,41,764.61,134.93,354.32
RD002,Pirate Rubber Duck,Themed,Blue,Large,4.24,2023-12-23,ORD103247,CUST6382,RI,Northeast,Retail,31,131.44,0.0,50.3
RD003,Princess Rubber Duck,Themed,Pink,Standard,17.21,2024-12-03,ORD103248,CUST7518,MO,Midwest,Online,15,219.43,38.72,75.11
RD008,Holiday Rubber Duck,Seasonal,Pink,Standard,11.49,2023-08-07,ORD103249,CUST2594,DE,Mid-Atlantic,Retail,15,155.12,17.23,63.75
RD007,Jumbo Rubber Duck,Large,Orange,Standard,6.21,2023-09-19,ORD103250,CUST3936,IA,Midwest,Marketplace,44,259.58,13.66,97.0
RD001,Classic Rubber Duck,Classic,Blue,Large,11.25,2024-06-05,ORD103251,CUST5088,NY,Mid-Atlantic,Online,42,472.5,0.0,235.34
RD007,Jumbo Rubber Duck,Large,Green,Standard,16.98,2024-08-12,ORD103252,CUST4095,DE,Mid-Atlantic,Retail,48,733.54,81.5,264.03
RD002,Pirate Rubber Duck,Themed,Purple,Large,22.15,2023-08-18,ORD103253,CUST2796,MD,Mid-Atlantic,Retail,3,63.13,3.32,25.75
RD008,Holiday Rubber Duck,Seasonal,Pink,Mini,9.08,2023-06-29,ORD103254,CUST2380,KY,South,Online,45,367.74,40.86,151.69
RD007,Jumbo Rubber Duck,Large,Orange,Mini,4.7,2024-10-28,ORD103255,CUST1751,NJ,Mid-Atlantic,Online,46,183.77,32.43,40.19
RD005,Glow Rubber Duck,Specialty,Blue,Mini,12.26,2024-05-29,ORD103256,CUST7855,SC,South,Online,14,145.89,25.75,57.19
RD005,Glow Rubber Duck,Specialty,Purple,Mini,18.48,2025-08-07,ORD103257,CUST3705,NJ,Mid-Atlantic,Marketplace,46,850.08,0.0,333.33
RD007,Jumbo Rubber Duck,Large,Green,Large,10.69,2025-11-04,ORD103258,CUST6236,NV,West,Marketplace,30,320.7,0.0,108.46
RD002,Pirate Rubber Duck,Themed,Yellow,Large,23.23,2023-01-30,ORD103259,CUST1710,RI,Northeast,Online,13,271.79,30.2,119.43
RD007,Jumbo Rubber Duck,Large,Green,Standard,24.47,2025-09-01,ORD103260,CUST5647,DC,Mid-Atlantic,Marketplace,22,457.59,80.75,128.48
RD006,Mini Rubber Duck,Mini,Blue,Standard,6.52,2023-02-26,ORD103261,CUST5492,CO,West,Marketplace,11,64.55,7.17,14.99
RD004,Superhero Rubber Duck,Themed,Orange,Standard,18.94,2025-04-26,ORD103262,CUST2065,NJ,Mid-Atlantic,Wholesale,25,426.15,47.35,136.31
RD005,Glow Rubber Duck,Specialty,Pink,Mini,8.2,2024-02-22,ORD103263,CUST9432,KS,Midwest,Wholesale,8,55.76,9.84,21.11
RD002,Pirate Rubber Duck,Themed,Orange,Standard,15.94,2025-01-09,ORD103264,CUST6360,IA,Midwest,Marketplace,25,358.65,39.85,109.23
RD001,Classic Rubber Duck,Classic,Blue,Mini,23.34,2024-10-06,ORD103265,CUST7474,CT,Northeast,Wholesale,15,332.59,17.51,135.86
RD005,Glow Rubber Duck,Specialty,Pink,Mini,4.17,2023-09-19,ORD103266,CUST5351,NY,Mid-Atlantic,Wholesale,11,43.58,2.29,11.81
RD006,Mini Rubber Duck,Mini,Blue,Standard,17.3,2023-09-25,ORD103267,CUST7496,SD,Midwest,Marketplace,47,772.44,40.66,314.43
RD001,Classic Rubber Duck,Classic,Orange,Standard,9.97,2024-01-14,ORD103268,CUST1757,WV,South,Online,28,251.24,27.92,110.68
RD004,Superhero Rubber Duck,Themed,Pink,Large,7.75,2024-02-15,ORD103269,CUST3434,IN,Midwest,Wholesale,36,265.05,13.95,131.0
RD004,Superhero Rubber Duck,Themed,Orange,Standard,7.48,2024-09-17,ORD103270,CUST3180,WA,West,Wholesale,41,276.01,30.67,135.48
RD001,Classic Rubber Duck,Classic,Orange,Standard,18.2,2023-04-22,ORD103271,CUST9822,IA,Midwest,Retail,43,704.34,78.26,313.4
RD005,Glow Rubber Duck,Specialty,Orange,Mini,13.61,2025-06-16,ORD103272,CUST6090,IA,Midwest,Wholesale,40,544.4,0.0,292.57
RD007,Jumbo Rubber Duck,Large,Purple,Large,11.91,2023-01-10,ORD103273,CUST6067,IA,Midwest,Retail,20,226.29,11.91,93.41
RD007,Jumbo Rubber Duck,Large,Orange,Standard,22.44,2023-02-03,ORD103274,CUST6495,WA,West,Retail,48,969.41,107.71,240.89
RD006,Mini Rubber Duck,Mini,Blue,Mini,15.98,2023-10-27,ORD103275,CUST6364,IN,Midwest,Marketplace,12,163.0,28.76,58.48
RD003,Princess Rubber Duck,Themed,Green,Mini,17.26,2023-12-06,ORD103276,CUST5431,IL,Midwest,Marketplace,20,293.42,51.78,58.53
RD003,Princess Rubber Duck,Themed,Green,Standard,18.27,2025-05-31,ORD103277,CUST2726,DC,Mid-Atlantic,Online,17,279.53,31.06,71.8
RD006,Mini Rubber Duck,Mini,Green,Large,16.58,2023-04-09,ORD103278,CUST7485,VT,Northeast,Retail,48,676.46,119.38,301.04
RD007,Jumbo Rubber Duck,Large,Orange,Standard,14.95,2024-05-28,ORD103279,CUST1311,AK,West,Retail,31,440.28,23.17,200.23
RD006,Mini Rubber Duck,Mini,Blue,Large,24.09,2023-06-27,ORD103280,CUST5910,RI,Northeast,Wholesale,40,867.24,96.36,333.14
RD001,Classic Rubber Duck,Classic,Orange,Mini,8.78,2024-05-22,ORD103281,CUST2987,MT,West,Marketplace,42,350.32,18.44,104.28
RD004,Superhero Rubber Duck,Themed,Green,Standard,12.83,2024-02-21,ORD103282,CUST5058,MS,South,Online,5,60.94,3.21,21.72
RD002,Pirate Rubber Duck,Themed,Orange,Standard,23.53,2023-07-16,ORD103283,CUST3955,NJ,Mid-Atlantic,Online,2,47.06,0.0,21.35
RD001,Classic Rubber Duck,Classic,Blue,Standard,16.17,2024-02-04,ORD103284,CUST4552,NJ,Mid-Atlantic,Online,24,368.68,19.4,173.06
RD005,Glow Rubber Duck,Specialty,Blue,Mini,15.61,2024-01-11,ORD103285,CUST9999,RI,Northeast,Marketplace,6,88.98,4.68,35.48
RD008,Holiday Rubber Duck,Seasonal,Yellow,Large,21.5,2024-05-16,ORD103286,CUST8479,NY,Mid-Atlantic,Marketplace,12,232.2,25.8,77.12
RD006,Mini Rubber Duck,Mini,Purple,Large,18.64,2023-08-04,ORD103287,CUST2297,SD,Midwest,Marketplace,1,18.64,0.0,6.99
RD007,Jumbo Rubber Duck,Large,Orange,Mini,24.14,2024-09-24,ORD103288,CUST5213,TX,South,Retail,14,321.06,16.9,89.64
RD008,Holiday Rubber Duck,Seasonal,Green,Large,23.17,2024-09-15,ORD103289,CUST2888,VT,Northeast,Online,21,437.91,48.66,131.52
RD008,Holiday Rubber Duck,Seasonal,Orange,Mini,18.48,2023-10-16,ORD103290,CUST1543,CT,Northeast,Wholesale,29,535.92,0.0,276.89
RD001,Classic Rubber Duck,Classic,Pink,Large,8.98,2024-02-18,ORD103291,CUST2868,RI,Northeast,Retail,47,422.06,0.0,141.28
RD004,Superhero Rubber Duck,Themed,Blue,Standard,11.98,2024-03-15,ORD103292,CUST2246,NY,Mid-Atlantic,Retail,44,527.12,0.0,286.62
RD003,Princess Rubber Duck,Themed,Blue,Mini,18.93,2023-03-29,ORD103293,CUST4608,NC,South,Online,25,449.59,23.66,193.92
RD002,Pirate Rubber Duck,Themed,Blue,Standard,15.83,2024-03-16,ORD103294,CUST9095,MO,Midwest,Online,47,669.61,74.4,304.0
RD002,Pirate Rubber Duck,Themed,Purple,Large,13.35,2025-08-17,ORD103295,CUST7740,MA,Northeast,Retail,8,106.8,0.0,37.29
RD001,Classic Rubber Duck,Classic,Green,Standard,6.0,2023-12-13,ORD103296,CUST4831,PA,Mid-Atlantic,Online,13,66.3,11.7,14.14
RD003,Princess Rubber Duck,Themed,Blue,Large,16.9,2024-11-23,ORD103297,CUST1379,NY,Mid-Atlantic,Wholesale,20,338.0,0.0,145.06
RD001,Classic Rubber Duck,Classic,Purple,Standard,8.14,2023-05-05,ORD103298,CUST1450,OK,South,Marketplace,39,285.71,31.75,81.0
RD006,Mini Rubber Duck,Mini,Green,Standard,15.07,2024-08-19,ORD103299,CUST8316,VA,South,Online,33,447.58,49.73,203.42
RD004,Superhero Rubber Duck,Themed,Orange,Large,9.25,2023-01-15,ORD103300,CUST4722,ND,Midwest,Online,29,228.01,40.24,103.98
RD008,Holiday Rubber Duck,Seasonal,Pink,Standard,17.85,2024-04-20,ORD103301,CUST1127,WI,Midwest,Online,3,48.19,5.36,11.59
RD008,Holiday Rubber Duck,Seasonal,Orange,Mini,7.5,2023-10-09,ORD103302,CUST1422,DE,Mid-Atlantic,Online,42,267.75,47.25,106.91
RD004,Superhero Rubber Duck,Themed,Pink,Mini,11.57,2024-01-31,ORD103303,CUST7998,NY,Mid-Atlantic,Retail,6,65.95,3.47,33.61
RD007,Jumbo Rubber Duck,Large,Pink,Mini,5.52,2024-01-02,ORD103304,CUST7573,CA,West,Wholesale,40,220.8,0.0,101.35
RD002,Pirate Rubber Duck,Themed,Yellow,Large,13.84,2025-08-30,ORD103305,CUST2453,CT,Northeast,Marketplace,46,572.98,63.66,150.27
RD001,Classic Rubber Duck,Classic,Blue,Large,15.35,2025-04-10,ORD103306,CUST2467,WI,Midwest,Retail,29,378.38,66.77,76.53
RD005,Glow Rubber Duck,Specialty,Orange,Large,19.49,2024-09-01,ORD103307,CUST2314,MA,Northeast,Retail,39,760.11,0.0,359.55
RD002,Pirate Rubber Duck,Themed,Purple,Standard,23.18,2024-11-17,ORD103308,CUST9189,CA,West,Marketplace,7,146.03,16.23,39.71
RD008,Holiday Rubber Duck,Seasonal,Purple,Mini,22.93,2025-03-28,ORD103309,CUST2579,IA,Midwest,Marketplace,38,784.21,87.13,363.95
RD001,Classic Rubber Duck,Classic,Green,Standard,20.58,2023-06-03,ORD103310,CUST1657,WA,West,Retail,29,507.3,89.52,193.01
RD003,Princess Rubber Duck,Themed,Green,Large,4.08,2024-09-17,ORD103311,CUST3656,MD,Mid-Atlantic,Marketplace,46,168.91,18.77,39.54
RD008,Holiday Rubber Duck,Seasonal,Purple,Large,22.09,2024-12-24,ORD103312,CUST3991,PA,Mid-Atlantic,Wholesale,47,986.32,51.91,503.72
RD008,Holiday Rubber Duck,Seasonal,Orange,Large,18.87,2023-12-18,ORD103313,CUST4115,PA,Mid-Atlantic,Retail,32,573.65,30.19,154.21
RD006,Mini Rubber Duck,Mini,Orange,Large,17.16,2024-05-12,ORD103314,CUST7568,NE,Midwest,Marketplace,11,169.88,18.88,83.52
RD004,Superhero Rubber Duck,Themed,Pink,Mini,15.09,2024-08-08,ORD103315,CUST8453,HI,West,Retail,50,641.33,113.17,247.82
RD004,Superhero Rubber Duck,Themed,Orange,Mini,19.92,2024-05-06,ORD103316,CUST7820,LA,South,Marketplace,44,788.83,87.65,365.74
RD007,Jumbo Rubber Duck,Large,Yellow,Standard,13.93,2024-09-30,ORD103317,CUST3589,NJ,Mid-Atlantic,Online,22,291.14,15.32,89.61
RD002,Pirate Rubber Duck,Themed,Yellow,Standard,8.07,2023-09-30,ORD103318,CUST7526,IA,Midwest,Retail,18,145.26,0.0,75.66
RD005,Glow Rubber Duck,Specialty,Orange,Standard,24.41,2025-12-17,ORD103319,CUST3981,NC,South,Retail,27,626.12,32.95,263.44
RD004,Superhero Rubber Duck,Themed,Purple,Large,4.67,2023-08-29,ORD103320,CUST6021,MS,South,Retail,18,75.65,8.41,30.18
RD005,Glow Rubber Duck,Specialty,Pink,Large,5.76,2024-06-26,ORD103321,CUST6446,NC,South,Marketplace,7,34.27,6.05,12.7
RD005,Glow Rubber Duck,Specialty,Green,Mini,17.26,2024-09-06,ORD103322,CUST9284,NY,Mid-Atlantic,Online,35,543.69,60.41,244.72
RD006,Mini Rubber Duck,Mini,Purple,Large,17.09,2025-10-02,ORD103323,CUST3844,NH,Northeast,Wholesale,8,116.21,20.51,45.35
RD007,Jumbo Rubber Duck,Large,Purple,Mini,16.31,2025-06-22,ORD103324,CUST6295,NC,South,Retail,33,457.5,80.73,191.95
RD008,Holiday Rubber Duck,Seasonal,Yellow,Standard,17.54,2023-01-05,ORD103325,CUST6178,OK,South,Online,8,126.29,14.03,54.73
RD005,Glow Rubber Duck,Specialty,Orange,Mini,5.57,2025-09-10,ORD103326,CUST4843,AR,South,Online,34,179.91,9.47,54.13
RD006,Mini Rubber Duck,Mini,Purple,Large,7.59,2023-02-22,ORD103327,CUST2503,ND,Midwest,Retail,21,151.42,7.97,39.94
RD005,Glow Rubber Duck,Specialty,Blue,Standard,22.98,2025-02-25,ORD103328,CUST4368,WI,Midwest,Online,16,312.53,55.15,97.89
RD002,Pirate Rubber Duck,Themed,Yellow,Large,12.72,2025-03-08,ORD103329,CUST1433,AR,South,Marketplace,28,302.74,53.42,76.9
RD007,Jumbo Rubber Duck,Large,Yellow,Large,13.35,2023-10-29,ORD103330,CUST9045,DC,Mid-Atlantic,Online,20,267.0,0.0,88.05
RD007,Jumbo Rubber Duck,Large,Orange,Mini,12.91,2024-12-17,ORD103331,CUST2677,VA,South,Online,50,580.95,64.55,219.83
RD003,Princess Rubber Duck,Themed,Pink,Mini,6.9,2023-01-04,ORD103332,CUST4067,VA,South,Marketplace,13,89.7,0.0,40.02
RD003,Princess Rubber Duck,Themed,Blue,Mini,17.03,2023-08-20,ORD103333,CUST7407,HI,West,Online,27,436.82,22.99,156.47
RD005,Glow Rubber Duck,Specialty,Green,Large,10.19,2025-03-20,ORD103334,CUST8416,MT,West,Wholesale,24,244.56,0.0,82.51
RD003,Princess Rubber Duck,Themed,Blue,Standard,17.58,2024-07-06,ORD103335,CUST7426,ME,Northeast,Online,19,334.02,0.0,160.47
RD008,Holiday Rubber Duck,Seasonal,Orange,Standard,7.55,2024-12-25,ORD103336,CUST3779,DE,Mid-Atlantic,Wholesale,46,295.21,52.09,133.04
RD005,Glow Rubber Duck,Specialty,Purple,Large,17.84,2025-09-30,ORD103337,CUST9254,MN,Midwest,Retail,45,682.38,120.42,278.3
RD004,Superhero Rubber Duck,Themed,Blue,Standard,10.59,2025-12-30,ORD103338,CUST8267,VT,Northeast,Marketplace,31,279.05,49.24,77.15
RD001,Classic Rubber Duck,Classic,Orange,Standard,19.11,2024-03-23,ORD103339,CUST9773,WI,Midwest,Online,7,133.77,0.0,61.23
RD006,Mini Rubber Duck,Mini,Green,Large,21.15,2024-11-29,ORD103340,CUST1416,VT,Northeast,Retail,15,317.25,0.0,97.14
RD006,Mini Rubber Duck,Mini,Orange,Standard,12.6,2023-01-31,ORD103341,CUST4464,NM,West,Wholesale,41,439.11,77.49,151.68
RD005,Glow Rubber Duck,Specialty,Yellow,Mini,4.35,2023-12-18,ORD103342,CUST2451,IA,Midwest,Wholesale,32,125.28,13.92,33.22
RD003,Princess Rubber Duck,Themed,Yellow,Large,17.92,2024-08-08,ORD103343,CUST1382,IN,Midwest,Retail,25,403.2,44.8,107.69
RD005,Glow Rubber Duck,Specialty,Pink,Standard,10.15,2024-04-24,ORD103344,CUST7119,KY,South,Retail,33,301.46,33.49,68.45
RD006,Mini Rubber Duck,Mini,Yellow,Standard,17.45,2024-11-08,ORD103345,CUST7837,PA,Mid-Atlantic,Wholesale,31,459.81,81.14,113.09
RD006,Mini Rubber Duck,Mini,Pink,Mini,14.19,2023-11-13,ORD103346,CUST3792,IL,Midwest,Retail,17,217.11,24.12,64.69
RD006,Mini Rubber Duck,Mini,Pink,Mini,12.8,2025-10-04,ORD103347,CUST3585,AZ,West,Marketplace,38,486.4,0.0,257.51
RD003,Princess Rubber Duck,Themed,Blue,Large,15.8,2023-11-28,ORD103348,CUST7511,AZ,West,Marketplace,49,658.07,116.13,246.24
RD005,Glow Rubber Duck,Specialty,Pink,Standard,16.94,2025-11-24,ORD103349,CUST1623,WY,West,Marketplace,10,169.4,0.0,58.45
RD001,Classic Rubber Duck,Classic,Blue,Standard,9.5,2023-06-18,ORD103350,CUST3351,RI,Northeast,Marketplace,6,51.3,5.7,17.52
RD006,Mini Rubber Duck,Mini,Purple,Large,8.64,2024-02-18,ORD103351,CUST8898,MN,Midwest,Marketplace,45,349.92,38.88,168.23
RD004,Superhero Rubber Duck,Themed,Purple,Mini,16.91,2025-06-08,ORD103352,CUST1356,NC,South,Wholesale,27,456.57,0.0,215.47
RD001,Classic Rubber Duck,Classic,Yellow,Mini,6.95,2025-04-14,ORD103353,CUST9637,UT,West,Marketplace,26,171.66,9.04,81.11
RD008,Holiday Rubber Duck,Seasonal,Purple,Mini,7.01,2024-01-22,ORD103354,CUST9316,DE,Mid-Atlantic,Online,12,71.5,12.62,14.68
RD005,Glow Rubber Duck,Specialty,Yellow,Mini,24.03,2025-02-26,ORD103355,CUST4315,CT,Northeast,Retail,5,102.13,18.02,45.51
RD001,Classic Rubber Duck,Classic,Yellow,Large,10.12,2025-05-30,ORD103356,CUST3961,UT,West,Online,6,54.65,6.07,23.53
RD004,Superhero Rubber Duck,Themed,Yellow,Large,13.89,2023-05-17,ORD103357,CUST4936,NH,Northeast,Marketplace,36,500.04,0.0,183.62
RD008,Holiday Rubber Duck,Seasonal,Pink,Standard,23.72,2025-05-02,ORD103358,CUST7184,MO,Midwest,Wholesale,30,604.86,106.74,241.91
RD006,Mini Rubber Duck,Mini,Yellow,Large,10.94,2025-10-29,ORD103359,CUST6420,GA,South,Wholesale,4,41.57,2.19,19.14
RD004,Superhero Rubber Duck,Themed,Green,Large,19.51,2023-10-14,ORD103360,CUST4347,OK,South,Wholesale,8,156.08,0.0,50.66
RD006,Mini Rubber Duck,Mini,Blue,Large,21.26,2024-05-25,ORD103361,CUST2347,NJ,Mid-Atlantic,Retail,35,706.89,37.21,336.3
RD006,Mini Rubber Duck,Mini,Green,Mini,24.44,2023-02-28,ORD103362,CUST3347,VT,Northeast,Marketplace,34,747.86,83.1,304.05
RD005,Glow Rubber Duck,Specialty,Purple,Mini,6.9,2024-07-30,ORD103363,CUST6240,MA,Northeast,Online,28,193.2,0.0,87.64
RD005,Glow Rubber Duck,Specialty,Pink,Large,14.64,2025-05-10,ORD103364,CUST5008,TX,South,Wholesale,28,389.42,20.5,193.95
RD003,Princess Rubber Duck,Themed,Orange,Standard,22.44,2023-12-23,ORD103365,CUST1879,KS,Midwest,Marketplace,38,724.81,127.91,287.95
RD006,Mini Rubber Duck,Mini,Orange,Large,11.23,2025-01-09,ORD103366,CUST4379,IN,Midwest,Marketplace,43,482.89,0.0,246.55
RD008,Holiday Rubber Duck,Seasonal,Orange,Large,11.85,2023-06-23,ORD103367,CUST5917,NH,Northeast,Wholesale,12,127.98,14.22,45.12
RD002,Pirate Rubber Duck,Themed,Pink,Standard,19.22,2024-07-19,ORD103368,CUST5803,NE,Midwest,Wholesale,40,768.8,0.0,278.86
RD007,Jumbo Rubber Duck,Large,Pink,Mini,10.74,2023-05-29,ORD103369,CUST5966,OK,South,Retail,16,171.84,0.0,93.22
RD007,Jumbo Rubber Duck,Large,Orange,Large,11.67,2023-05-22,ORD103370,CUST8699,ND,Midwest,Marketplace,17,168.63,29.76,35.18
RD006,Mini Rubber Duck,Mini,Purple,Large,22.75,2023-03-31,ORD103371,CUST4743,ME,Northeast,Marketplace,20,386.75,68.25,130.65
RD008,Holiday Rubber Duck,Seasonal,Yellow,Large,24.0,2023-02-27,ORD103372,CUST6072,DC,Mid-Atlantic,Online,3,68.4,3.6,19.66
RD008,Holiday Rubber Duck,Seasonal,Yellow,Large,4.67,2025-05-17,ORD103373,CUST5066,KS,Midwest,Online,41,162.75,28.72,65.04
RD007,Jumbo Rubber Duck,Large,Purple,Large,17.93,2023-09-19,ORD103374,CUST2438,NH,Northeast,Marketplace,1,15.24,2.69,4.54
RD005,Glow Rubber Duck,Specialty,Purple,Large,10.79,2024-01-02,ORD103375,CUST4296,MS,South,Retail,12,110.06,19.42,40.62
RD007,Jumbo Rubber Duck,Large,Green,Standard,22.87,2023-04-17,ORD103376,CUST9537,NE,Midwest,Online,22,503.14,0.0,156.04
RD006,Mini Rubber Duck,Mini,Purple,Standard,13.82,2025-05-01,ORD103377,CUST2326,LA,South,Marketplace,45,559.71,62.19,223.14
RD007,Jumbo Rubber Duck,Large,Green,Standard,22.71,2024-05-04,ORD103378,CUST7673,WY,West,Online,3,64.72,3.41,26.9
RD006,Mini Rubber Duck,Mini,Blue,Mini,10.58,2023-05-27,ORD103379,CUST6475,UT,West,Marketplace,45,404.68,71.42,176.56
RD004,Superhero Rubber Duck,Themed,Green,Large,9.47,2025-02-03,ORD103380,CUST7620,NJ,Mid-Atlantic,Online,24,227.28,0.0,95.98
RD003,Princess Rubber Duck,Themed,Orange,Large,17.46,2024-09-30,ORD103381,CUST7354,NH,Northeast,Marketplace,28,415.55,73.33,92.2
RD005,Glow Rubber Duck,Specialty,Orange,Standard,15.98,2023-06-24,ORD103382,CUST4677,ID,West,Online,33,448.24,79.1,113.44
RD006,Mini Rubber Duck,Mini,Blue,Standard,17.16,2024-01-11,ORD103383,CUST2287,DE,Mid-Atlantic,Marketplace,17,277.13,14.59,117.51
RD005,Glow Rubber Duck,Specialty,Orange,Large,4.08,2025-04-10,ORD103384,CUST1163,NJ,Mid-Atlantic,Online,8,31.01,1.63,12.38
RD008,Holiday Rubber Duck,Seasonal,Green,Mini,24.42,2025-10-25,ORD103385,CUST8646,IL,Midwest,Online,49,1196.58,0.0,487.41
RD006,Mini Rubber Duck,Mini,Blue,Mini,21.05,2023-12-22,ORD103386,CUST7770,SC,South,Retail,1,17.89,3.16,4.27
RD006,Mini Rubber Duck,Mini,Green,Large,8.32,2025-02-04,ORD103387,CUST5740,MO,Midwest,Retail,48,359.42,39.94,130.75
RD005,Glow Rubber Duck,Specialty,Green,Mini,20.77,2023-11-23,ORD103388,CUST1302,ME,Northeast,Retail,1,20.77,0.0,10.3
RD003,Princess Rubber Duck,Themed,Blue,Large,14.99,2025-02-19,ORD103389,CUST6322,OK,South,Retail,46,586.11,103.43,223.31
RD004,Superhero Rubber Duck,Themed,Orange,Mini,12.67,2024-05-12,ORD103390,CUST8033,TX,South,Wholesale,8,96.29,5.07,50.35
RD007,Jumbo Rubber Duck,Large,Purple,Mini,5.4,2023-05-12,ORD103391,CUST2538,DC,Mid-Atlantic,Retail,22,112.86,5.94,32.12
RD002,Pirate Rubber Duck,Themed,Green,Standard,20.69,2025-05-18,ORD103392,CUST4744,MO,Midwest,Marketplace,2,39.31,2.07,14.09
RD005,Glow Rubber Duck,Specialty,Orange,Large,14.64,2024-10-30,ORD103393,CUST5585,IN,Midwest,Wholesale,42,584.14,30.74,283.1
RD001,Classic Rubber Duck,Classic,Yellow,Mini,24.51,2024-07-23,ORD103394,CUST9037,NJ,Mid-Atlantic,Wholesale,32,784.32,0.0,290.76
RD004,Superhero Rubber Duck,Themed,Purple,Standard,18.45,2023-11-15,ORD103395,CUST6618,AR,South,Retail,43,793.35,0.0,305.41
RD008,Holiday Rubber Duck,Seasonal,Yellow,Standard,13.47,2024-05-26,ORD103396,CUST7599,AL,South,Marketplace,7,84.86,9.43,41.31
RD001,Classic Rubber Duck,Classic,Orange,Standard,6.63,2024-08-04,ORD103397,CUST9877,MI,Midwest,Online,50,281.77,49.73,105.27
RD006,Mini Rubber Duck,Mini,Yellow,Large,16.58,2023-12-13,ORD103398,CUST2209,DC,Mid-Atlantic,Wholesale,33,519.78,27.36,204.12
RD002,Pirate Rubber Duck,Themed,Blue,Standard,13.79,2023-07-02,ORD103399,CUST2390,KY,South,Marketplace,32,375.09,66.19,146.92
RD006,Mini Rubber Duck,Mini,Yellow,Large,21.61,2025-03-03,ORD103400,CUST6370,IA,Midwest,Wholesale,9,184.77,9.72,50.63
RD001,Classic Rubber Duck,Classic,Purple,Standard,10.39,2024-06-08,ORD103401,CUST8504,MD,Mid-Atlantic,Marketplace,17,158.97,17.66,71.11
RD007,Jumbo Rubber Duck,Large,Yellow,Large,19.15,2024-11-27,ORD103402,CUST1556,MI,Midwest,Online,16,260.44,45.96,96.27
RD006,Mini Rubber Duck,Mini,Blue,Large,19.12,2023-10-18,ORD103403,CUST6973,UT,West,Retail,48,780.1,137.66,248.82
RD007,Jumbo Rubber Duck,Large,Yellow,Standard,16.15,2025-07-30,ORD103404,CUST7272,ME,Northeast,Online,19,306.85,0.0,156.94
RD006,Mini Rubber Duck,Mini,Blue,Mini,4.71,2025-06-16,ORD103405,CUST3291,DE,Mid-Atlantic,Online,34,136.12,24.02,42.64
RD004,Superhero Rubber Duck,Themed,Green,Standard,23.73,2025-05-24,ORD103406,CUST8022,MD,Mid-Atlantic,Retail,7,166.11,0.0,84.8
RD008,Holiday Rubber Duck,Seasonal,Orange,Mini,8.18,2024-05-27,ORD103407,CUST7149,NY,Mid-Atlantic,Wholesale,29,225.36,11.86,101.1
RD007,Jumbo Rubber Duck,Large,Green,Standard,13.65,2024-10-29,ORD103408,CUST4175,OH,Midwest,Marketplace,7,95.55,0.0,44.25
RD008,Holiday Rubber Duck,Seasonal,Yellow,Standard,10.66,2024-05-14,ORD103409,CUST5116,OH,Midwest,Online,26,235.59,41.57,96.92
RD006,Mini Rubber Duck,Mini,Purple,Large,22.77,2024-05-08,ORD103410,CUST1820,AL,South,Wholesale,42,812.89,143.45,204.12
RD007,Jumbo Rubber Duck,Large,Blue,Large,5.21,2023-07-13,ORD103411,CUST3885,OR,West,Marketplace,11,51.58,5.73,22.75
RD007,Jumbo Rubber Duck,Large,Orange,Mini,9.7,2024-11-02,ORD103412,CUST6011,PA,Mid-Atlantic,Online,32,310.4,0.0,117.45
RD002,Pirate Rubber Duck,Themed,Yellow,Mini,6.56,2023-01-27,ORD103413,CUST2152,AL,South,Online,21,117.1,20.66,28.64
RD001,Classic Rubber Duck,Classic,Purple,Standard,14.89,2024-04-19,ORD103414,CUST9128,IL,Midwest,Wholesale,21,281.42,31.27,110.03
RD004,Superhero Rubber Duck,Themed,Yellow,Mini,8.86,2024-07-19,ORD103415,CUST2758,SD,Midwest,Wholesale,37,327.82,0.0,134.86
RD007,Jumbo Rubber Duck,Large,Pink,Standard,14.99,2023-01-28,ORD103416,CUST3061,MI,Midwest,Wholesale,10,149.9,0.0,74.91
RD003,Princess Rubber Duck,Themed,Orange,Standard,5.41,2024-12-24,ORD103417,CUST1235,AR,South,Wholesale,6,32.46,0.0,16.26
RD003,Princess Rubber Duck,Themed,Purple,Large,5.31,2023-03-16,ORD103418,CUST4739,AZ,West,Retail,12,57.35,6.37,19.68
RD004,Superhero Rubber Duck,Themed,Green,Mini,18.89,2025-03-08,ORD103419,CUST7344,MT,West,Retail,44,706.49,124.67,127.33
RD006,Mini Rubber Duck,Mini,Orange,Mini,20.39,2025-08-21,ORD103420,CUST9745,NH,Northeast,Marketplace,20,407.8,0.0,158.26
RD005,Glow Rubber Duck,Specialty,Blue,Standard,18.68,2025-11-11,ORD103421,CUST4912,AR,South,Retail,13,242.84,0.0,101.5
RD004,Superhero Rubber Duck,Themed,Blue,Large,21.19,2025-02-21,ORD103422,CUST3733,NM,West,Online,46,974.74,0.0,492.16
RD008,Holiday Rubber Duck,Seasonal,Blue,Mini,23.59,2023-08-29,ORD103423,CUST2727,VT,Northeast,Online,36,849.24,0.0,350.11
RD008,Holiday Rubber Duck,Seasonal,Green,Mini,5.18,2025-07-15,ORD103424,CUST3237,CO,West,Retail,29,127.69,22.53,44.84
RD001,Classic Rubber Duck,Classic,Pink,Mini,23.35,2025-06-15,ORD103425,CUST6857,NY,Mid-Atlantic,Retail,34,674.81,119.09,254.12
RD004,Superhero Rubber Duck,Themed,Yellow,Large,12.76,2025-09-14,ORD103426,CUST3781,NH,Northeast,Wholesale,25,271.15,47.85,88.62
RD008,Holiday Rubber Duck,Seasonal,Pink,Large,10.79,2025-04-09,ORD103427,CUST7786,DE,Mid-Atlantic,Marketplace,49,449.4,79.31,203.0
RD005,Glow Rubber Duck,Specialty,Blue,Standard,18.57,2024-12-30,ORD103428,CUST8264,WV,South,Wholesale,20,334.26,37.14,145.88
RD005,Glow Rubber Duck,Specialty,Purple,Mini,7.06,2023-04-10,ORD103429,CUST9529,MT,West,Wholesale,21,140.85,7.41,47.44
RD002,Pirate Rubber Duck,Themed,Orange,Standard,10.6,2024-04-20,ORD103430,CUST2221,ME,Northeast,Wholesale,28,252.28,44.52,52.45
RD008,Holiday Rubber Duck,Seasonal,Purple,Standard,19.45,2023-05-04,ORD103431,CUST9717,WI,Midwest,Online,32,622.4,0.0,241.33
RD004,Superhero Rubber Duck,Themed,Purple,Mini,8.39,2024-10-24,ORD103432,CUST3907,AK,West,Marketplace,5,39.85,2.1,18.25
RD006,Mini Rubber Duck,Mini,Green,Mini,5.07,2024-12-05,ORD103433,CUST4949,CO,West,Retail,41,187.08,20.79,54.74
RD003,Princess Rubber Duck,Themed,Green,Mini,17.09,2024-10-19,ORD103434,CUST6554,PA,Mid-Atlantic,Online,24,389.65,20.51,176.48
RD006,Mini Rubber Duck,Mini,Purple,Mini,13.87,2023-01-16,ORD103435,CUST3722,LA,South,Wholesale,34,448.0,23.58,188.34
RD003,Princess Rubber Duck,Themed,Purple,Standard,11.92,2025-11-13,ORD103436,CUST8580,MI,Midwest,Wholesale,43,435.68,76.88,105.99
RD008,Holiday Rubber Duck,Seasonal,Purple,Standard,20.9,2024-12-06,ORD103437,CUST8693,KS,Midwest,Marketplace,14,248.71,43.89,115.24
RD003,Princess Rubber Duck,Themed,Blue,Large,6.01,2023-11-14,ORD103438,CUST5596,ND,Midwest,Online,13,78.13,0.0,27.41
RD003,Princess Rubber Duck,Themed,Blue,Standard,14.71,2025-03-13,ORD103439,CUST4942,NJ,Mid-Atlantic,Wholesale,45,661.95,0.0,220.59
RD002,Pirate Rubber Duck,Themed,Pink,Large,9.76,2023-12-03,ORD103440,CUST9680,UT,West,Retail,24,210.82,23.42,101.64
RD002,Pirate Rubber Duck,Themed,Blue,Mini,4.07,2023-02-27,ORD103441,CUST9275,OK,South,Retail,15,54.94,6.11,21.33
RD007,Jumbo Rubber Duck,Large,Orange,Large,10.84,2025-07-03,ORD103442,CUST7230,IL,Midwest,Wholesale,20,216.8,0.0,102.53
RD008,Holiday Rubber Duck,Seasonal,Blue,Mini,21.38,2023-07-09,ORD103443,CUST7007,MA,Northeast,Online,33,599.71,105.83,166.82
RD007,Jumbo Rubber Duck,Large,Pink,Standard,12.55,2024-03-06,ORD103444,CUST7334,MD,Mid-Atlantic,Online,35,395.32,43.93,155.28
RD003,Princess Rubber Duck,Themed,Green,Standard,16.1,2024-08-15,ORD103445,CUST4497,NY,Mid-Atlantic,Marketplace,24,328.44,57.96,137.45
RD004,Superhero Rubber Duck,Themed,Green,Mini,8.24,2023-07-31,ORD103446,CUST7457,MA,Northeast,Retail,2,14.83,1.65,5.82
RD001,Classic Rubber Duck,Classic,Pink,Large,18.71,2025-11-21,ORD103447,CUST9185,NJ,Mid-Atlantic,Wholesale,26,437.81,48.65,144.88
RD002,Pirate Rubber Duck,Themed,Purple,Mini,20.94,2024-03-31,ORD103448,CUST4747,MA,Northeast,Online,16,301.54,33.5,79.31
RD001,Classic Rubber Duck,Classic,Orange,Standard,12.64,2023-10-22,ORD103449,CUST6944,MA,Northeast,Wholesale,50,537.2,94.8,184.62
RD005,Glow Rubber Duck,Specialty,Blue,Mini,19.74,2025-02-13,ORD103450,CUST6767,VT,Northeast,Online,35,621.81,69.09,232.54
RD002,Pirate Rubber Duck,Themed,Purple,Mini,10.55,2025-04-29,ORD103451,CUST1985,RI,Northeast,Retail,28,295.4,0.0,159.78
RD007,Jumbo Rubber Duck,Large,Blue,Large,12.79,2024-11-18,ORD103452,CUST2735,VT,Northeast,Marketplace,2,25.58,0.0,11.24
RD003,Princess Rubber Duck,Themed,Orange,Large,5.51,2025-10-03,ORD103453,CUST5716,GA,South,Wholesale,2,9.37,1.65,3.34
RD008,Holiday Rubber Duck,Seasonal,Purple,Standard,23.08,2023-12-30,ORD103454,CUST3504,NJ,Mid-Atlantic,Retail,28,581.62,64.62,281.77
RD004,Superhero Rubber Duck,Themed,Purple,Mini,19.58,2023-05-19,ORD103455,CUST8603,GA,South,Retail,1,16.64,2.94,7.46
RD006,Mini Rubber Duck,Mini,Green,Standard,9.11,2023-03-04,ORD103456,CUST8282,NH,Northeast,Online,43,391.73,0.0,118.45
RD005,Glow Rubber Duck,Specialty,Yellow,Standard,8.9,2025-10-20,ORD103457,CUST8456,UT,West,Wholesale,15,126.82,6.68,40.84
RD006,Mini Rubber Duck,Mini,Blue,Mini,21.01,2023-12-31,ORD103458,CUST3947,LA,South,Online,11,219.55,11.56,98.64
RD006,Mini Rubber Duck,Mini,Green,Large,14.68,2025-06-21,ORD103459,CUST1058,NY,Mid-Atlantic,Online,44,581.33,64.59,268.27
RD003,Princess Rubber Duck,Themed,Green,Large,13.02,2023-04-27,ORD103460,CUST4735,SD,Midwest,Retail,22,286.44,0.0,96.6
RD005,Glow Rubber Duck,Specialty,Purple,Mini,8.86,2024-05-20,ORD103461,CUST6986,OR,West,Online,39,310.99,34.55,134.88
RD003,Princess Rubber Duck,Themed,Pink,Standard,16.6,2025-11-01,ORD103462,CUST1774,WI,Midwest,Retail,10,157.7,8.3,59.71
RD008,Holiday Rubber Duck,Seasonal,Purple,Large,9.38,2024-12-30,ORD103463,CUST1313,MN,Midwest,Retail,39,329.24,36.58,150.5
RD004,Superhero Rubber Duck,Themed,Purple,Mini,12.62,2025-04-22,ORD103464,CUST3097,RI,Northeast,Online,17,214.54,0.0,102.58
RD006,Mini Rubber Duck,Mini,Green,Large,24.46,2025-11-12,ORD103465,CUST2733,VT,Northeast,Wholesale,49,1078.69,119.85,258.48
RD001,Classic Rubber Duck,Classic,Yellow,Large,15.69,2023-08-03,ORD103466,CUST1851,WV,South,Marketplace,14,186.71,32.95,61.05
RD005,Glow Rubber Duck,Specialty,Green,Mini,13.87,2023-05-27,ORD103467,CUST8936,GA,South,Wholesale,45,592.94,31.21,223.44
RD001,Classic Rubber Duck,Classic,Purple,Standard,18.9,2025-10-29,ORD103468,CUST9682,NH,Northeast,Marketplace,23,369.5,65.2,116.52
RD006,Mini Rubber Duck,Mini,Green,Mini,14.05,2025-04-09,ORD103469,CUST8249,IL,Midwest,Retail,50,632.25,70.25,210.95
RD004,Superhero Rubber Duck,Themed,Pink,Mini,19.31,2025-08-20,ORD103470,CUST3424,IA,Midwest,Online,50,868.95,96.55,229.02
RD002,Pirate Rubber Duck,Themed,Pink,Mini,8.04,2023-11-12,ORD103471,CUST9740,CA,West,Wholesale,34,259.69,13.67,102.43
RD001,Classic Rubber Duck,Classic,Blue,Standard,16.19,2023-02-07,ORD103472,CUST6383,SC,South,Marketplace,50,728.55,80.95,340.6
RD008,Holiday Rubber Duck,Seasonal,Blue,Large,18.48,2023-04-16,ORD103473,CUST2616,NC,South,Marketplace,28,439.82,77.62,134.45
RD004,Superhero Rubber Duck,Themed,Blue,Standard,14.98,2023-05-18,ORD103474,CUST4999,MO,Midwest,Marketplace,30,404.46,44.94,185.44
RD007,Jumbo Rubber Duck,Large,Yellow,Mini,16.8,2024-03-26,ORD103475,CUST6863,NC,South,Retail,33,526.68,27.72,172.44
RD006,Mini Rubber Duck,Mini,Blue,Mini,18.65,2024-12-09,ORD103476,CUST8667,DC,Mid-Atlantic,Retail,26,484.9,0.0,203.43
RD005,Glow Rubber Duck,Specialty,Green,Standard,5.76,2024-09-15,ORD103477,CUST5461,ME,Northeast,Marketplace,40,195.84,34.56,44.02
RD004,Superhero Rubber Duck,Themed,Green,Large,4.77,2025-05-04,ORD103478,CUST2111,MO,Midwest,Wholesale,49,233.73,0.0,94.9
RD006,Mini Rubber Duck,Mini,Yellow,Large,16.06,2023-07-12,ORD103479,CUST4286,MN,Midwest,Wholesale,29,442.45,23.29,161.89
RD001,Classic Rubber Duck,Classic,Purple,Mini,8.31,2025-11-28,ORD103480,CUST5806,MS,South,Online,26,216.06,0.0,69.0
RD008,Holiday Rubber Duck,Seasonal,Yellow,Large,17.11,2023-11-27,ORD103481,CUST9238,AL,South,Marketplace,18,292.58,15.4,151.55
RD008,Holiday Rubber Duck,Seasonal,Green,Mini,19.09,2025-11-02,ORD103482,CUST4794,CT,Northeast,Marketplace,37,706.33,0.0,320.11
RD004,Superhero Rubber Duck,Themed,Green,Large,5.46,2024-11-10,ORD103483,CUST7874,OK,South,Marketplace,3,14.74,1.64,5.17
RD002,Pirate Rubber Duck,Themed,Orange,Mini,10.87,2023-05-17,ORD103484,CUST2927,DE,Mid-Atlantic,Retail,31,320.12,16.85,122.22
RD008,Holiday Rubber Duck,Seasonal,Pink,Large,17.46,2023-12-04,ORD103485,CUST2048,WY,West,Marketplace,35,549.99,61.11,135.7
RD001,Classic Rubber Duck,Classic,Pink,Mini,6.09,2024-11-16,ORD103486,CUST8621,AZ,West,Retail,45,246.64,27.41,76.91
RD001,Classic Rubber Duck,Classic,Pink,Large,13.56,2024-10-19,ORD103487,CUST7611,SC,South,Marketplace,27,347.81,18.31,171.71
RD001,Classic Rubber Duck,Classic,Pink,Large,13.13,2023-07-15,ORD103488,CUST6004,MI,Midwest,Online,40,472.68,52.52,202.82
RD001,Classic Rubber Duck,Classic,Blue,Mini,19.41,2023-04-03,ORD103489,CUST3015,CT,Northeast,Online,3,49.5,8.73,17.92
RD007,Jumbo Rubber Duck,Large,Orange,Large,4.84,2025-04-21,ORD103490,CUST3643,OK,South,Retail,50,205.7,36.3,87.19
RD006,Mini Rubber Duck,Mini,Orange,Large,13.51,2025-09-21,ORD103491,CUST3444,NC,South,Wholesale,14,170.23,18.91,72.89
RD002,Pirate Rubber Duck,Themed,Pink,Standard,18.47,2024-10-20,ORD103492,CUST7000,ID,West,Marketplace,27,423.89,74.8,120.8
RD004,Superhero Rubber Duck,Themed,Pink,Large,23.11,2023-10-20,ORD103493,CUST1903,MI,Midwest,Marketplace,45,935.95,104.0,419.22
RD008,Holiday Rubber Duck,Seasonal,Green,Standard,15.71,2023-08-07,ORD103494,CUST4676,MI,Midwest,Online,13,173.6,30.63,81.59
RD005,Glow Rubber Duck,Specialty,Yellow,Standard,11.34,2024-02-16,ORD103495,CUST7501,NH,Northeast,Marketplace,4,45.36,0.0,21.62
RD008,Holiday Rubber Duck,Seasonal,Green,Large,14.08,2023-11-15,ORD103496,CUST8679,NC,South,Online,1,11.97,2.11,5.25
RD008,Holiday Rubber Duck,Seasonal,Blue,Large,19.56,2024-08-28,ORD103497,CUST8512,IL,Midwest,Retail,21,410.76,0.0,183.77
RD001,Classic Rubber Duck,Classic,Green,Standard,14.74,2025-04-13,ORD103498,CUST3219,SC,South,Retail,41,604.34,0.0,258.8
RD008,Holiday Rubber Duck,Seasonal,Purple,Mini,19.49,2025-03-22,ORD103499,CUST2093,NH,Northeast,Wholesale,20,370.31,19.49,102.25
RD005,Glow Rubber Duck,Specialty,Green,Standard,22.59,2024-08-02,ORD103500,CUST9394,WI,Midwest,Retail,9,182.98,20.33,70.22
RD001,Classic Rubber Duck,Classic,Yellow,Large,17.02,2024-12-19,ORD103501,CUST4027,DE,Mid-Atlantic,Marketplace,26,442.52,0.0,207.95
RD002,Pirate Rubber Duck,Themed,Blue,Large,4.61,2023-10-04,ORD103502,CUST1908,PA,Mid-Atlantic,Marketplace,40,156.74,27.66,63.32
RD007,Jumbo Rubber Duck,Large,Blue,Large,12.51,2024-10-26,ORD103503,CUST3928,IA,Midwest,Wholesale,21,236.44,26.27,75.14
RD003,Princess Rubber Duck,Themed,Purple,Mini,22.1,2024-04-03,ORD103504,CUST9201,CT,Northeast,Marketplace,37,735.93,81.77,322.74
RD002,Pirate Rubber Duck,Themed,Yellow,Standard,17.97,2025-11-29,ORD103505,CUST8423,ND,Midwest,Retail,24,431.28,0.0,211.35
RD003,Princess Rubber Duck,Themed,Pink,Mini,11.93,2024-11-11,ORD103506,CUST7697,NH,Northeast,Online,29,294.07,51.9,112.73
RD006,Mini Rubber Duck,Mini,Yellow,Standard,13.24,2025-10-16,ORD103507,CUST3563,ME,Northeast,Wholesale,48,571.97,63.55,180.24
RD001,Classic Rubber Duck,Classic,Pink,Large,15.15,2024-01-27,ORD103508,CUST9948,CO,West,Marketplace,18,245.43,27.27,116.4
RD003,Princess Rubber Duck,Themed,Yellow,Mini,12.33,2025-06-01,ORD103509,CUST7273,TN,South,Retail,10,104.81,18.49,41.73
RD006,Mini Rubber Duck,Mini,Yellow,Large,11.68,2025-01-13,ORD103510,CUST4289,WV,South,Marketplace,31,307.77,54.31,81.94
RD005,Glow Rubber Duck,Specialty,Pink,Standard,8.57,2024-07-01,ORD103511,CUST9682,UT,West,Online,12,87.41,15.43,20.5
RD002,Pirate Rubber Duck,Themed,Green,Mini,12.88,2024-07-04,ORD103512,CUST7499,ID,West,Wholesale,11,141.68,0.0,70.93
RD007,Jumbo Rubber Duck,Large,Blue,Mini,7.11,2024-05-23,ORD103513,CUST3089,VT,Northeast,Wholesale,45,271.96,47.99,66.39
RD008,Holiday Rubber Duck,Seasonal,Purple,Mini,18.2,2025-12-17,ORD103514,CUST3749,CT,Northeast,Marketplace,7,127.4,0.0,66.66
RD002,Pirate Rubber Duck,Themed,Orange,Large,15.23,2024-09-10,ORD103515,CUST2956,MT,West,Retail,3,41.12,4.57,17.75
RD007,Jumbo Rubber Duck,Large,Orange,Mini,14.23,2023-01-30,ORD103516,CUST6302,OR,West,Online,39,527.22,27.75,276.33
RD006,Mini Rubber Duck,Mini,Purple,Mini,15.47,2024-08-01,ORD103517,CUST6569,CA,West,Online,18,278.46,0.0,139.75
RD002,Pirate Rubber Duck,Themed,Purple,Large,11.9,2025-11-27,ORD103518,CUST8079,VT,Northeast,Online,46,520.03,27.37,227.0
RD003,Princess Rubber Duck,Themed,Green,Mini,24.98,2024-09-13,ORD103519,CUST3246,NH,Northeast,Online,7,148.63,26.23,39.27
RD003,Princess Rubber Duck,Themed,Blue,Large,24.21,2023-08-24,ORD103520,CUST6680,AL,South,Retail,28,610.09,67.79,280.61
RD007,Jumbo Rubber Duck,Large,Orange,Mini,13.59,2024-10-19,ORD103521,CUST3820,NY,Mid-Atlantic,Marketplace,18,220.16,24.46,74.32
RD001,Classic Rubber Duck,Classic,Purple,Standard,4.0,2024-06-15,ORD103522,CUST7052,WA,West,Marketplace,15,60.0,0.0,22.14
RD006,Mini Rubber Duck,Mini,Orange,Large,22.92,2025-10-02,ORD103523,CUST2581,KS,Midwest,Retail,8,155.86,27.5,55.44
RD001,Classic Rubber Duck,Classic,Orange,Large,17.09,2025-10-23,ORD103524,CUST7489,KY,South,Wholesale,4,61.52,6.84,26.74
RD002,Pirate Rubber Duck,Themed,Blue,Mini,11.38,2024-10-23,ORD103525,CUST3082,WI,Midwest,Retail,34,328.88,58.04,140.82
RD001,Classic Rubber Duck,Classic,Blue,Standard,24.85,2023-07-12,ORD103526,CUST2617,IN,Midwest,Retail,47,992.76,175.19,354.61
RD006,Mini Rubber Duck,Mini,Purple,Standard,9.27,2023-01-28,ORD103527,CUST9257,MS,South,Retail,35,275.78,48.67,120.16
RD004,Superhero Rubber Duck,Themed,Blue,Large,14.87,2024-07-25,ORD103528,CUST8763,VA,South,Wholesale,24,321.19,35.69,104.07
RD002,Pirate Rubber Duck,Themed,Blue,Standard,4.31,2024-02-06,ORD103529,CUST7795,WA,West,Retail,40,146.54,25.86,52.89
RD008,Holiday Rubber Duck,Seasonal,Blue,Standard,7.42,2023-06-19,ORD103530,CUST6578,KS,Midwest,Retail,16,100.91,17.81,31.49
RD005,Glow Rubber Duck,Specialty,Orange,Large,8.31,2025-08-21,ORD103531,CUST1536,RI,Northeast,Retail,48,358.99,39.89,83.24
RD003,Princess Rubber Duck,Themed,Green,Mini,5.84,2023-02-24,ORD103532,CUST5852,CA,West,Wholesale,30,148.92,26.28,66.55
RD001,Classic Rubber Duck,Classic,Pink,Large,12.11,2024-04-02,ORD103533,CUST4498,DC,Mid-Atlantic,Wholesale,49,534.05,59.34,227.35
RD002,Pirate Rubber Duck,Themed,Blue,Large,9.17,2024-01-17,ORD103534,CUST3026,LA,South,Marketplace,5,45.85,0.0,16.7
RD007,Jumbo Rubber Duck,Large,Green,Standard,17.37,2024-06-10,ORD103535,CUST3224,SD,Midwest,Online,28,413.41,72.95,116.76
RD002,Pirate Rubber Duck,Themed,Pink,Mini,22.31,2025-11-09,ORD103536,CUST8672,CT,Northeast,Retail,19,423.89,0.0,174.72
RD007,Jumbo Rubber Duck,Large,Purple,Mini,17.48,2024-12-09,ORD103537,CUST4086,ME,Northeast,Wholesale,29,430.88,76.04,112.59
RD003,Princess Rubber Duck,Themed,Pink,Standard,8.44,2023-09-20,ORD103538,CUST8813,PA,Mid-Atlantic,Marketplace,15,120.27,6.33,59.06
RD003,Princess Rubber Duck,Themed,Purple,Large,9.29,2023-08-07,ORD103539,CUST9610,MO,Midwest,Wholesale,29,242.47,26.94,118.01
RD003,Princess Rubber Duck,Themed,Blue,Large,23.64,2023-03-13,ORD103540,CUST7200,ME,Northeast,Retail,19,404.24,44.92,153.61
RD004,Superhero Rubber Duck,Themed,Pink,Mini,18.93,2025-11-01,ORD103541,CUST1259,CO,West,Wholesale,35,563.17,99.38,175.24
RD008,Holiday Rubber Duck,Seasonal,Orange,Standard,17.13,2025-10-27,ORD103542,CUST8324,LA,South,Marketplace,38,618.39,32.55,265.5
RD001,Classic Rubber Duck,Classic,Orange,Standard,18.72,2023-12-30,ORD103543,CUST4954,SD,Midwest,Retail,47,835.85,43.99,289.81
RD001,Classic Rubber Duck,Classic,Orange,Standard,10.51,2025-08-29,ORD103544,CUST7742,PA,Mid-Atlantic,Marketplace,6,53.6,9.46,13.99
RD008,Holiday Rubber Duck,Seasonal,Purple,Mini,20.65,2025-04-28,ORD103545,CUST4683,NM,West,Wholesale,34,596.79,105.31,243.06
RD005,Glow Rubber Duck,Specialty,Purple,Standard,16.29,2024-11-17,ORD103546,CUST3833,OK,South,Retail,46,749.34,0.0,390.64
RD006,Mini Rubber Duck,Mini,Blue,Standard,16.98,2025-05-15,ORD103547,CUST4222,ME,Northeast,Marketplace,30,483.93,25.47,191.75
RD006,Mini Rubber Duck,Mini,Purple,Standard,24.15,2023-06-25,ORD103548,CUST3518,OK,South,Retail,40,821.1,144.9,222.43
RD001,Classic Rubber Duck,Classic,Purple,Standard,19.07,2023-07-19,ORD103549,CUST3914,RI,Northeast,Marketplace,8,152.56,0.0,53.82
RD007,Jumbo Rubber Duck,Large,Orange,Standard,12.29,2024-10-24,ORD103550,CUST2764,CA,West,Wholesale,21,258.09,0.0,121.19
RD001,Classic Rubber Duck,Classic,Yellow,Large,12.34,2023-01-17,ORD103551,CUST5344,AK,West,Wholesale,7,86.38,0.0,33.17
RD008,Holiday Rubber Duck,Seasonal,Purple,Large,7.28,2024-08-23,ORD103552,CUST7456,PA,Mid-Atlantic,Marketplace,12,74.26,13.1,16.21
RD006,Mini Rubber Duck,Mini,Yellow,Standard,10.24,2024-12-08,ORD103553,CUST3036,MD,Mid-Atlantic,Marketplace,34,330.75,17.41,99.79
RD003,Princess Rubber Duck,Themed,Pink,Mini,7.77,2024-04-26,ORD103554,CUST8078,WV,South,Marketplace,14,97.9,10.88,43.36
RD006,Mini Rubber Duck,Mini,Green,Standard,14.16,2023-09-24,ORD103555,CUST9716,NE,Midwest,Marketplace,29,390.11,20.53,179.59
RD006,Mini Rubber Duck,Mini,Orange,Mini,17.97,2025-06-15,ORD103556,CUST5206,NH,Northeast,Online,1,16.17,1.8,4.9
RD008,Holiday Rubber Duck,Seasonal,Green,Mini,17.21,2023-03-03,ORD103557,CUST1577,MI,Midwest,Marketplace,44,719.38,37.86,214.4
RD005,Glow Rubber Duck,Specialty,Green,Mini,22.63,2024-07-13,ORD103558,CUST2476,IA,Midwest,Marketplace,27,519.36,91.65,117.24
RD002,Pirate Rubber Duck,Themed,Purple,Mini,20.12,2024-05-16,ORD103559,CUST4572,PA,Mid-Atlantic,Retail,24,410.45,72.43,142.07
RD006,Mini Rubber Duck,Mini,Pink,Large,23.52,2025-01-12,ORD103560,CUST8298,DE,Mid-Atlantic,Marketplace,37,783.22,87.02,236.03
RD008,Holiday Rubber Duck,Seasonal,Blue,Large,19.31,2025-10-19,ORD103561,CUST4669,PA,Mid-Atlantic,Wholesale,31,598.61,0.0,217.58
RD008,Holiday Rubber Duck,Seasonal,Yellow,Standard,23.88,2025-02-14,ORD103562,CUST4352,WI,Midwest,Marketplace,27,644.76,0.0,325.05
RD004,Superhero Rubber Duck,Themed,Pink,Mini,12.28,2024-09-02,ORD103563,CUST1626,RI,Northeast,Wholesale,29,320.51,35.61,125.14
RD002,Pirate Rubber Duck,Themed,Purple,Standard,12.25,2023-05-07,ORD103564,CUST4290,UT,West,Marketplace,26,302.57,15.93,79.71
RD003,Princess Rubber Duck,Themed,Orange,Standard,11.52,2025-07-01,ORD103565,CUST1908,ME,Northeast,Wholesale,5,48.96,8.64,19.31
RD002,Pirate Rubber Duck,Themed,Purple,Large,19.55,2025-09-02,ORD103566,CUST5036,NH,Northeast,Marketplace,24,445.74,23.46,132.12
RD006,Mini Rubber Duck,Mini,Green,Standard,23.35,2025-03-14,ORD103567,CUST8681,DE,Mid-Atlantic,Online,11,231.16,25.69,78.29
RD006,Mini Rubber Duck,Mini,Purple,Large,14.84,2024-01-09,ORD103568,CUST7294,GA,South,Online,38,563.92,0.0,243.3
RD006,Mini Rubber Duck,Mini,Orange,Mini,15.52,2023-09-18,ORD103569,CUST4553,LA,South,Online,31,481.12,0.0,258.65
RD004,Superhero Rubber Duck,Themed,Yellow,Mini,14.69,2025-05-11,ORD103570,CUST2054,DE,Mid-Atlantic,Retail,13,162.32,28.65,37.46
RD007,Jumbo Rubber Duck,Large,Purple,Large,10.02,2023-10-05,ORD103571,CUST2104,MT,West,Wholesale,24,204.41,36.07,67.21
RD003,Princess Rubber Duck,Themed,Green,Large,19.16,2025-08-26,ORD103572,CUST6973,WV,South,Wholesale,23,374.58,66.1,93.33
RD003,Princess Rubber Duck,Themed,Orange,Standard,18.54,2024-10-23,ORD103573,CUST1423,NJ,Mid-Atlantic,Marketplace,24,422.71,22.25,145.63
RD004,Superhero Rubber Duck,Themed,Blue,Standard,7.17,2024-04-01,ORD103574,CUST3354,CT,Northeast,Marketplace,10,68.11,3.59,24.94
RD008,Holiday Rubber Duck,Seasonal,Pink,Standard,19.24,2025-04-19,ORD103575,CUST3566,VT,Northeast,Marketplace,13,225.11,25.01,62.36
RD005,Glow Rubber Duck,Specialty,Purple,Mini,12.65,2025-07-20,ORD103576,CUST9518,WI,Midwest,Retail,44,500.94,55.66,205.81
RD002,Pirate Rubber Duck,Themed,Orange,Standard,24.96,2023-04-11,ORD103577,CUST6178,ME,Northeast,Marketplace,23,574.08,0.0,240.2
RD005,Glow Rubber Duck,Specialty,Pink,Large,4.53,2023-01-25,ORD103578,CUST1172,OK,South,Online,44,179.39,19.93,62.64
RD001,Classic Rubber Duck,Classic,Pink,Standard,15.67,2025-10-04,ORD103579,CUST9184,NM,West,Marketplace,44,586.06,103.42,191.94
RD002,Pirate Rubber Duck,Themed,Purple,Standard,13.37,2025-02-25,ORD103580,CUST7367,NV,West,Wholesale,50,568.23,100.27,204.41
RD004,Superhero Rubber Duck,Themed,Blue,Mini,10.3,2025-04-16,ORD103581,CUST8856,NJ,Mid-Atlantic,Retail,29,253.89,44.81,98.83
RD003,Princess Rubber Duck,Themed,Blue,Standard,14.53,2024-01-07,ORD103582,CUST5754,IN,Midwest,Retail,40,581.2,0.0,269.54
RD008,Holiday Rubber Duck,Seasonal,Orange,Standard,24.72,2023-08-25,ORD103583,CUST1142,PA,Mid-Atlantic,Wholesale,4,88.99,9.89,20.67
RD001,Classic Rubber Duck,Classic,Blue,Large,6.73,2025-05-24,ORD103584,CUST2245,MS,South,Wholesale,27,181.71,0.0,71.58
RD006,Mini Rubber Duck,Mini,Purple,Standard,13.46,2025-12-26,ORD103585,CUST2881,ID,West,Online,27,308.91,54.51,143.91
RD008,Holiday Rubber Duck,Seasonal,Orange,Standard,24.51,2024-02-24,ORD103586,CUST9662,MS,South,Wholesale,15,312.5,55.15,107.0
RD008,Holiday Rubber Duck,Seasonal,Green,Mini,19.69,2025-01-11,ORD103587,CUST5009,TN,South,Online,44,779.72,86.64,194.24
RD005,Glow Rubber Duck,Specialty,Blue,Large,24.11,2025-06-10,ORD103588,CUST6245,GA,South,Retail,47,963.19,169.98,434.99
RD006,Mini Rubber Duck,Mini,Yellow,Mini,14.02,2023-11-20,ORD103589,CUST4641,WI,Midwest,Wholesale,31,391.16,43.46,169.83
RD008,Holiday Rubber Duck,Seasonal,Green,Standard,12.04,2025-11-29,ORD103590,CUST7116,MN,Midwest,Marketplace,5,60.2,0.0,19.15
RD004,Superhero Rubber Duck,Themed,Yellow,Standard,7.93,2023-02-28,ORD103591,CUST1201,DC,Mid-Atlantic,Wholesale,39,309.27,0.0,120.67
RD005,Glow Rubber Duck,Specialty,Pink,Mini,6.37,2025-01-16,ORD103592,CUST6284,LA,South,Online,15,81.22,14.33,30.53
RD004,Superhero Rubber Duck,Themed,Yellow,Mini,23.43,2025-08-19,ORD103593,CUST4087,GA,South,Retail,19,378.39,66.78,164.08
RD004,Superhero Rubber Duck,Themed,Purple,Standard,11.05,2024-02-03,ORD103594,CUST8738,MA,Northeast,Wholesale,13,129.28,14.37,33.13
RD001,Classic Rubber Duck,Classic,Orange,Standard,24.94,2023-09-03,ORD103595,CUST1001,CO,West,Marketplace,11,260.62,13.72,87.08
RD008,Holiday Rubber Duck,Seasonal,Blue,Standard,13.87,2025-09-02,ORD103596,CUST7961,AR,South,Retail,42,553.41,29.13,177.92
RD001,Classic Rubber Duck,Classic,Green,Mini,13.56,2025-02-27,ORD103597,CUST9184,ID,West,Marketplace,38,489.52,25.76,145.87
RD006,Mini Rubber Duck,Mini,Pink,Standard,20.6,2024-08-21,ORD103598,CUST1759,VA,South,Marketplace,49,1009.4,0.0,382.03
RD003,Princess Rubber Duck,Themed,Green,Large,7.29,2023-02-05,ORD103599,CUST4789,CO,West,Retail,40,291.6,0.0,110.35
RD003,Princess Rubber Duck,Themed,Blue,Mini,7.09,2025-03-01,ORD103600,CUST6448,MN,Midwest,Wholesale,34,229.01,12.05,99.7
RD002,Pirate Rubber Duck,Themed,Orange,Large,14.49,2024-02-21,ORD103601,CUST8246,AL,South,Retail,5,61.58,10.87,20.97
RD005,Glow Rubber Duck,Specialty,Purple,Large,5.89,2025-11-02,ORD103602,CUST5983,TN,South,Online,38,190.25,33.57,52.01
RD008,Holiday Rubber Duck,Seasonal,Pink,Large,10.61,2025-03-13,ORD103603,CUST8818,LA,South,Retail,13,137.93,0.0,63.29
RD007,Jumbo Rubber Duck,Large,Pink,Mini,22.27,2023-02-19,ORD103604,CUST4111,NV,West,Online,24,534.48,0.0,191.15
RD007,Jumbo Rubber Duck,Large,Green,Large,13.41,2024-10-12,ORD103605,CUST4970,CO,West,Marketplace,5,63.7,3.35,24.56
RD001,Classic Rubber Duck,Classic,Yellow,Standard,22.16,2023-11-15,ORD103606,CUST3795,DE,Mid-Atlantic,Wholesale,34,678.1,75.34,296.79
RD002,Pirate Rubber Duck,Themed,Purple,Mini,6.16,2025-05-22,ORD103607,CUST1579,DE,Mid-Atlantic,Wholesale,16,98.56,0.0,32.75
RD004,Superhero Rubber Duck,Themed,Orange,Mini,15.73,2025-05-20,ORD103608,CUST7936,MA,Northeast,Marketplace,44,657.51,34.61,176.87
RD003,Princess Rubber Duck,Themed,Green,Standard,12.28,2025-03-28,ORD103609,CUST7084,MD,Mid-Atlantic,Wholesale,22,229.64,40.52,104.97
RD006,Mini Rubber Duck,Mini,Pink,Large,19.43,2023-01-07,ORD103610,CUST8240,IL,Midwest,Marketplace,49,856.86,95.21,359.26
RD003,Princess Rubber Duck,Themed,Purple,Large,10.16,2025-12-27,ORD103611,CUST9227,VA,South,Online,12,109.73,12.19,33.88
RD001,Classic Rubber Duck,Classic,Green,Large,20.91,2024-12-02,ORD103612,CUST5783,UT,West,Wholesale,34,604.3,106.64,257.49
RD008,Holiday Rubber Duck,Seasonal,Pink,Mini,15.04,2023-02-03,ORD103613,CUST7059,NY,Mid-Atlantic,Online,10,135.36,15.04,32.29
RD008,Holiday Rubber Duck,Seasonal,Green,Large,9.13,2023-09-01,ORD103614,CUST2877,KY,South,Online,26,201.77,35.61,94.13
RD006,Mini Rubber Duck,Mini,Yellow,Large,12.02,2024-08-05,ORD103615,CUST5513,AR,South,Marketplace,28,336.56,0.0,165.68
RD006,Mini Rubber Duck,Mini,Purple,Large,4.86,2023-03-11,ORD103616,CUST3257,ME,Northeast,Retail,20,87.48,9.72,30.33
RD008,Holiday Rubber Duck,Seasonal,Pink,Large,22.35,2025-02-26,ORD103617,CUST6042,MA,Northeast,Retail,37,826.95,0.0,263.21
RD006,Mini Rubber Duck,Mini,Purple,Standard,11.3,2024-04-06,ORD103618,CUST4459,NE,Midwest,Retail,45,508.5,0.0,162.68
RD007,Jumbo Rubber Duck,Large,Purple,Mini,6.93,2025-11-10,ORD103619,CUST8938,MS,South,Online,11,68.61,7.62,27.39
RD004,Superhero Rubber Duck,Themed,Pink,Standard,5.35,2024-01-12,ORD103620,CUST7667,PA,Mid-Atlantic,Marketplace,49,235.94,26.21,60.88
RD004,Superhero Rubber Duck,Themed,Orange,Large,20.17,2024-03-09,ORD103621,CUST9991,CA,West,Online,47,947.99,0.0,459.81
RD005,Glow Rubber Duck,Specialty,Pink,Mini,15.41,2023-12-06,ORD103622,CUST5941,HI,West,Online,48,628.73,110.95,204.19
RD007,Jumbo Rubber Duck,Large,Yellow,Large,13.18,2025-10-16,ORD103623,CUST9209,CT,Northeast,Online,37,414.51,73.15,169.37
RD007,Jumbo Rubber Duck,Large,Purple,Large,23.12,2024-04-15,ORD103624,CUST5817,ND,Midwest,Marketplace,7,153.75,8.09,44.78
RD002,Pirate Rubber Duck,Themed,Pink,Standard,6.0,2024-10-28,ORD103625,CUST7308,MD,Mid-Atlantic,Retail,4,24.0,0.0,10.91
RD006,Mini Rubber Duck,Mini,Green,Standard,6.34,2023-09-18,ORD103626,CUST9201,IL,Midwest,Marketplace,23,138.53,7.29,57.54
RD007,Jumbo Rubber Duck,Large,Green,Standard,20.51,2024-09-24,ORD103627,CUST6961,NJ,Mid-Atlantic,Online,38,701.44,77.94,169.93
RD001,Classic Rubber Duck,Classic,Purple,Mini,14.61,2024-04-19,ORD103628,CUST2467,NM,West,Wholesale,29,423.69,0.0,183.64
RD008,Holiday Rubber Duck,Seasonal,Pink,Standard,4.76,2023-06-18,ORD103629,CUST8336,MA,Northeast,Online,18,81.4,4.28,34.65
RD007,Jumbo Rubber Duck,Large,Pink,Standard,21.8,2025-05-30,ORD103630,CUST6652,VA,South,Retail,17,370.6,0.0,169.55
RD007,Jumbo Rubber Duck,Large,Blue,Large,19.29,2023-08-23,ORD103631,CUST8584,AZ,West,Online,24,416.66,46.3,198.34
RD005,Glow Rubber Duck,Specialty,Orange,Mini,14.18,2024-01-23,ORD103632,CUST8278,MT,West,Retail,28,377.19,19.85,196.45
RD007,Jumbo Rubber Duck,Large,Purple,Standard,7.45,2023-01-05,ORD103633,CUST5609,LA,South,Online,12,75.99,13.41,20.78
RD005,Glow Rubber Duck,Specialty,Purple,Mini,21.73,2025-06-10,ORD103634,CUST4118,WI,Midwest,Wholesale,18,391.14,0.0,137.22
RD004,Superhero Rubber Duck,Themed,Blue,Standard,10.83,2024-02-09,ORD103635,CUST3497,NC,South,Online,22,202.52,35.74,90.16
RD004,Superhero Rubber Duck,Themed,Orange,Large,23.71,2023-01-19,ORD103636,CUST6760,AZ,West,Wholesale,45,960.25,106.7,388.18
RD003,Princess Rubber Duck,Themed,Orange,Large,6.96,2025-04-03,ORD103637,CUST2011,OK,South,Wholesale,31,194.18,21.58,96.73
RD003,Princess Rubber Duck,Themed,Pink,Mini,7.27,2024-02-25,ORD103638,CUST4020,MA,Northeast,Retail,5,34.53,1.82,14.62
RD008,Holiday Rubber Duck,Seasonal,Green,Mini,19.39,2023-11-21,ORD103639,CUST4995,OR,West,Retail,16,294.73,15.51,123.58
RD007,Jumbo Rubber Duck,Large,Orange,Standard,13.38,2025-06-08,ORD103640,CUST9300,DE,Mid-Atlantic,Online,47,534.53,94.33,182.53
RD005,Glow Rubber Duck,Specialty,Orange,Standard,24.35,2023-11-06,ORD103641,CUST5398,ND,Midwest,Retail,41,848.6,149.75,211.51
RD002,Pirate Rubber Duck,Themed,Green,Large,14.26,2025-04-05,ORD103642,CUST5270,DE,Mid-Atlantic,Online,41,496.96,87.7,210.92
RD006,Mini Rubber Duck,Mini,Blue,Mini,17.62,2023-03-07,ORD103643,CUST7501,DE,Mid-Atlantic,Online,29,485.43,25.55,157.99
RD004,Superhero Rubber Duck,Themed,Blue,Large,13.44,2023-03-26,ORD103644,CUST9749,MA,Northeast,Retail,1,12.1,1.34,5.23
RD004,Superhero Rubber Duck,Themed,Green,Standard,17.73,2023-08-04,ORD103645,CUST5580,NY,Mid-Atlantic,Online,43,762.39,0.0,321.71
RD003,Princess Rubber Duck,Themed,Orange,Large,6.83,2024-03-30,ORD103646,CUST6986,DE,Mid-Atlantic,Retail,4,27.32,0.0,9.07
RD002,Pirate Rubber Duck,Themed,Pink,Standard,9.79,2023-07-13,ORD103647,CUST5031,VT,Northeast,Wholesale,43,399.92,21.05,151.19
RD002,Pirate Rubber Duck,Themed,Orange,Standard,20.86,2023-01-26,ORD103648,CUST4004,KY,South,Retail,2,35.46,6.26,8.6
RD007,Jumbo Rubber Duck,Large,Blue,Standard,10.07,2023-12-24,ORD103649,CUST9101,VA,South,Retail,3,28.7,1.51,12.01
RD003,Princess Rubber Duck,Themed,Purple,Mini,17.39,2025-05-22,ORD103650,CUST5009,WV,South,Wholesale,36,594.74,31.3,177.04
RD001,Classic Rubber Duck,Classic,Green,Large,5.36,2024-10-23,ORD103651,CUST9133,IN,Midwest,Online,34,164.02,18.22,80.5
RD007,Jumbo Rubber Duck,Large,Purple,Standard,16.91,2025-09-05,ORD103652,CUST4013,DC,Mid-Atlantic,Marketplace,34,574.94,0.0,310.87
RD007,Jumbo Rubber Duck,Large,Green,Large,5.03,2023-07-10,ORD103653,CUST3686,MN,Midwest,Online,35,167.25,8.8,69.6
RD005,Glow Rubber Duck,Specialty,Yellow,Standard,24.02,2025-07-17,ORD103654,CUST4238,MA,Northeast,Online,31,707.39,37.23,362.27
RD004,Superhero Rubber Duck,Themed,Purple,Large,16.65,2024-11-29,ORD103655,CUST7408,CA,West,Retail,10,166.5,0.0,53.55
RD007,Jumbo Rubber Duck,Large,Pink,Large,4.14,2025-11-17,ORD103656,CUST8354,MA,Northeast,Retail,12,44.71,4.97,16.24
RD002,Pirate Rubber Duck,Themed,Blue,Large,13.69,2023-12-23,ORD103657,CUST4394,NJ,Mid-Atlantic,Retail,35,479.15,0.0,156.95
RD003,Princess Rubber Duck,Themed,Pink,Large,18.07,2023-08-18,ORD103658,CUST5076,ID,West,Wholesale,12,195.16,21.68,83.71
RD008,Holiday Rubber Duck,Seasonal,Orange,Standard,8.92,2025-01-09,ORD103659,CUST8446,GA,South,Online,6,45.49,8.03,10.87
RD001,Classic Rubber Duck,Classic,Green,Mini,21.44,2024-07-06,ORD103660,CUST7550,NE,Midwest,Marketplace,37,753.62,39.66,250.59
RD004,Superhero Rubber Duck,Themed,Pink,Large,11.54,2024-07-27,ORD103661,CUST4997,MN,Midwest,Marketplace,41,425.83,47.31,136.23
RD006,Mini Rubber Duck,Mini,Purple,Mini,22.35,2023-04-22,ORD103662,CUST2893,ME,Northeast,Marketplace,32,607.92,107.28,112.77
RD003,Princess Rubber Duck,Themed,Yellow,Standard,22.45,2025-10-21,ORD103663,CUST4161,CT,Northeast,Retail,15,303.07,33.68,68.07
RD004,Superhero Rubber Duck,Themed,Yellow,Mini,18.13,2023-08-25,ORD103664,CUST6118,VT,Northeast,Marketplace,38,585.6,103.34,230.0
RD001,Classic Rubber Duck,Classic,Blue,Mini,18.21,2025-06-09,ORD103665,CUST7278,RI,Northeast,Online,14,229.45,25.49,102.9
RD004,Superhero Rubber Duck,Themed,Blue,Mini,19.6,2024-04-09,ORD103666,CUST7211,MA,Northeast,Online,9,149.94,26.46,52.98
RD005,Glow Rubber Duck,Specialty,Yellow,Large,24.01,2025-08-31,ORD103667,CUST8354,RI,Northeast,Online,13,312.13,0.0,171.06
RD005,Glow Rubber Duck,Specialty,Orange,Large,23.34,2023-08-14,ORD103668,CUST6930,MS,South,Online,17,396.78,0.0,185.05
RD002,Pirate Rubber Duck,Themed,Blue,Large,4.23,2025-06-22,ORD103669,CUST6867,AK,West,Retail,49,186.54,20.73,71.86
RD007,Jumbo Rubber Duck,Large,Pink,Mini,16.55,2024-05-03,ORD103670,CUST5321,PA,Mid-Atlantic,Online,6,84.4,14.9,19.86
RD004,Superhero Rubber Duck,Themed,Yellow,Standard,18.79,2023-07-20,ORD103671,CUST7786,NH,Northeast,Wholesale,34,543.03,95.83,179.05
RD007,Jumbo Rubber Duck,Large,Green,Standard,10.18,2025-07-01,ORD103672,CUST5711,NH,Northeast,Online,11,106.38,5.6,45.73
RD005,Glow Rubber Duck,Specialty,Blue,Large,11.7,2023-11-06,ORD103673,CUST9126,CA,West,Marketplace,6,59.67,10.53,22.16
RD006,Mini Rubber Duck,Mini,Orange,Large,24.68,2025-12-06,ORD103674,CUST9586,DE,Mid-Atlantic,Online,21,440.54,77.74,85.02
RD007,Jumbo Rubber Duck,Large,Yellow,Mini,6.06,2023-08-21,ORD103675,CUST5228,NV,West,Retail,7,38.18,4.24,9.91
RD005,Glow Rubber Duck,Specialty,Green,Standard,10.14,2024-09-17,ORD103676,CUST4552,NH,Northeast,Online,33,301.16,33.46,67.43
RD004,Superhero Rubber Duck,Themed,Purple,Standard,23.37,2023-01-02,ORD103677,CUST7591,MI,Midwest,Wholesale,31,652.02,72.45,309.27
RD005,Glow Rubber Duck,Specialty,Blue,Standard,5.11,2023-01-11,ORD103678,CUST1121,AR,South,Online,23,99.9,17.63,25.26
RD002,Pirate Rubber Duck,Themed,Blue,Large,22.53,2023-08-02,ORD103679,CUST1602,IA,Midwest,Online,6,114.9,20.28,53.09
RD002,Pirate Rubber Duck,Themed,Purple,Large,8.47,2025-12-05,ORD103680,CUST2439,DE,Mid-Atlantic,Marketplace,15,127.05,0.0,48.77
RD003,Princess Rubber Duck,Themed,Pink,Mini,24.25,2025-05-14,ORD103681,CUST1502,NH,Northeast,Online,31,638.99,112.76,233.49
RD002,Pirate Rubber Duck,Themed,Orange,Mini,21.96,2025-06-15,ORD103682,CUST5766,GA,South,Online,50,933.3,164.7,240.79
RD002,Pirate Rubber Duck,Themed,Yellow,Standard,8.31,2023-05-23,ORD103683,CUST8750,WI,Midwest,Wholesale,49,386.83,20.36,172.75
RD005,Glow Rubber Duck,Specialty,Purple,Standard,7.02,2023-05-08,ORD103684,CUST5814,IA,Midwest,Retail,49,326.78,17.2,161.07
RD002,Pirate Rubber Duck,Themed,Orange,Standard,23.32,2025-11-27,ORD103685,CUST2602,MA,Northeast,Wholesale,17,336.97,59.47,153.14
RD003,Princess Rubber Duck,Themed,Green,Standard,23.3,2023-05-13,ORD103686,CUST7958,PA,Mid-Atlantic,Wholesale,28,554.54,97.86,209.0
RD006,Mini Rubber Duck,Mini,Yellow,Standard,6.06,2024-10-06,ORD103687,CUST1552,NJ,Mid-Atlantic,Wholesale,28,152.71,16.97,51.73
RD005,Glow Rubber Duck,Specialty,Blue,Large,18.5,2023-08-02,ORD103688,CUST5761,ME,Northeast,Marketplace,14,220.15,38.85,40.12
RD004,Superhero Rubber Duck,Themed,Orange,Large,4.24,2025-05-27,ORD103689,CUST6263,CT,Northeast,Marketplace,32,135.68,0.0,52.95
RD007,Jumbo Rubber Duck,Large,Yellow,Large,15.7,2024-07-15,ORD103690,CUST6287,ME,Northeast,Wholesale,50,745.75,39.25,199.4
RD005,Glow Rubber Duck,Specialty,Pink,Large,21.58,2024-04-01,ORD103691,CUST8680,WI,Midwest,Retail,16,328.02,17.26,149.56
RD007,Jumbo Rubber Duck,Large,Blue,Standard,4.71,2025-01-07,ORD103692,CUST4955,ID,West,Online,43,172.15,30.38,55.6
RD008,Holiday Rubber Duck,Seasonal,Purple,Mini,9.33,2023-06-19,ORD103693,CUST9492,VA,South,Wholesale,1,8.86,0.47,3.56
RD007,Jumbo Rubber Duck,Large,Blue,Large,18.62,2025-01-04,ORD103694,CUST1348,WY,West,Wholesale,18,335.16,0.0,122.52
RD006,Mini Rubber Duck,Mini,Pink,Standard,11.34,2025-12-22,ORD103695,CUST3511,RI,Northeast,Marketplace,37,398.6,20.98,157.11
RD007,Jumbo Rubber Duck,Large,Purple,Mini,12.32,2025-05-22,ORD103696,CUST2480,CA,West,Wholesale,14,163.86,8.62,73.82
RD005,Glow Rubber Duck,Specialty,Orange,Large,19.13,2025-09-26,ORD103697,CUST1424,CT,Northeast,Online,41,666.68,117.65,278.93
RD007,Jumbo Rubber Duck,Large,Green,Large,8.22,2023-08-30,ORD103698,CUST6443,HI,West,Retail,49,402.78,0.0,206.42
RD003,Princess Rubber Duck,Themed,Green,Mini,9.06,2025-09-22,ORD103699,CUST6672,NJ,Mid-Atlantic,Online,6,51.64,2.72,22.7
RD004,Superhero Rubber Duck,Themed,Purple,Mini,23.79,2025-08-01,ORD103700,CUST5279,UT,West,Online,28,666.12,0.0,295.65
RD004,Superhero Rubber Duck,Themed,Pink,Large,7.65,2024-02-17,ORD103701,CUST9059,OK,South,Retail,42,273.1,48.2,113.36
RD008,Holiday Rubber Duck,Seasonal,Orange,Standard,23.06,2023-01-25,ORD103702,CUST4033,NC,South,Online,7,145.28,16.14,43.49
RD008,Holiday Rubber Duck,Seasonal,Green,Mini,22.81,2025-11-06,ORD103703,CUST5710,NV,West,Retail,17,387.77,0.0,177.44
RD006,Mini Rubber Duck,Mini,Blue,Large,10.91,2024-11-06,ORD103704,CUST1035,CT,Northeast,Wholesale,37,383.49,20.18,134.92
RD006,Mini Rubber Duck,Mini,Green,Mini,14.37,2024-01-09,ORD103705,CUST8542,ID,West,Wholesale,46,627.97,33.05,265.17
RD008,Holiday Rubber Duck,Seasonal,Blue,Large,14.92,2023-05-27,ORD103706,CUST3434,NJ,Mid-Atlantic,Online,41,611.72,0.0,271.87
RD004,Superhero Rubber Duck,Themed,Yellow,Mini,6.13,2024-02-29,ORD103707,CUST1481,WV,South,Marketplace,41,251.33,0.0,123.19
RD006,Mini Rubber Duck,Mini,Green,Large,23.85,2024-06-16,ORD103708,CUST5569,PA,Mid-Atlantic,Wholesale,44,1049.4,0.0,530.44
RD002,Pirate Rubber Duck,Themed,Yellow,Large,6.92,2023-12-15,ORD103709,CUST8931,NJ,Mid-Atlantic,Retail,47,308.98,16.26,147.88
RD006,Mini Rubber Duck,Mini,Blue,Standard,23.75,2023-08-03,ORD103710,CUST1195,OH,Midwest,Wholesale,49,1047.37,116.38,463.4
RD008,Holiday Rubber Duck,Seasonal,Green,Large,14.06,2023-08-17,ORD103711,CUST4044,NV,West,Retail,11,154.66,0.0,76.36
RD007,Jumbo Rubber Duck,Large,Yellow,Large,4.13,2025-02-01,ORD103712,CUST4799,RI,Northeast,Online,39,153.02,8.05,62.56
RD008,Holiday Rubber Duck,Seasonal,Green,Large,9.66,2024-02-09,ORD103713,CUST5559,AZ,West,Marketplace,39,357.9,18.84,137.48
RD004,Superhero Rubber Duck,Themed,Orange,Standard,6.0,2024-05-27,ORD103714,CUST7482,OR,West,Retail,14,71.4,12.6,32.31
RD005,Glow Rubber Duck,Specialty,Yellow,Standard,10.47,2023-02-01,ORD103715,CUST4811,FL,South,Wholesale,29,258.09,45.54,54.48
RD006,Mini Rubber Duck,Mini,Purple,Mini,6.72,2023-07-27,ORD103716,CUST9375,MT,West,Online,14,84.67,9.41,29.36
RD003,Princess Rubber Duck,Themed,Purple,Large,19.66,2023-10-07,ORD103717,CUST5592,NM,West,Marketplace,34,601.6,66.84,291.12
RD008,Holiday Rubber Duck,Seasonal,Green,Mini,20.03,2024-03-24,ORD103718,CUST7080,MT,West,Marketplace,22,374.56,66.1,95.15
RD005,Glow Rubber Duck,Specialty,Yellow,Standard,22.56,2025-07-02,ORD103719,CUST7733,VT,Northeast,Marketplace,16,342.91,18.05,113.38
RD008,Holiday Rubber Duck,Seasonal,Yellow,Mini,22.68,2024-04-22,ORD103720,CUST2131,CT,Northeast,Marketplace,45,867.51,153.09,353.85
RD002,Pirate Rubber Duck,Themed,Green,Mini,10.97,2024-05-16,ORD103721,CUST2869,RI,Northeast,Retail,48,500.23,26.33,259.91
RD005,Glow Rubber Duck,Specialty,Blue,Standard,14.23,2023-01-18,ORD103722,CUST4460,NH,Northeast,Online,40,569.2,0.0,174.67
RD007,Jumbo Rubber Duck,Large,Orange,Mini,16.18,2025-01-29,ORD103723,CUST1738,RI,Northeast,Marketplace,4,64.72,0.0,30.96
RD003,Princess Rubber Duck,Themed,Blue,Standard,7.82,2024-09-03,ORD103724,CUST8071,MA,Northeast,Wholesale,18,119.65,21.11,22.04
RD008,Holiday Rubber Duck,Seasonal,Blue,Large,11.55,2024-11-03,ORD103725,CUST1394,NJ,Mid-Atlantic,Wholesale,21,242.55,0.0,86.85
RD004,Superhero Rubber Duck,Themed,Blue,Large,17.1,2025-07-11,ORD103726,CUST1560,MO,Midwest,Wholesale,8,129.96,6.84,67.57
RD008,Holiday Rubber Duck,Seasonal,Yellow,Large,24.35,2024-10-19,ORD103727,CUST2617,NM,West,Marketplace,2,46.26,2.44,20.52
RD005,Glow Rubber Duck,Specialty,Purple,Standard,13.13,2023-06-12,ORD103728,CUST5317,FL,South,Wholesale,46,513.38,90.6,90.76
RD003,Princess Rubber Duck,Themed,Purple,Large,9.46,2025-01-27,ORD103729,CUST6338,VT,Northeast,Marketplace,41,349.07,38.79,86.86
RD008,Holiday Rubber Duck,Seasonal,Purple,Standard,15.83,2025-03-17,ORD103730,CUST6176,VA,South,Retail,12,189.96,0.0,98.92
RD001,Classic Rubber Duck,Classic,Pink,Large,8.7,2023-03-10,ORD103731,CUST9828,ME,Northeast,Online,17,147.9,0.0,70.13
RD007,Jumbo Rubber Duck,Large,Pink,Large,15.98,2025-01-05,ORD103732,CUST5216,OH,Midwest,Online,17,244.49,27.17,57.49
RD001,Classic Rubber Duck,Classic,Pink,Standard,22.67,2025-04-24,ORD103733,CUST5127,ME,Northeast,Marketplace,3,68.01,0.0,32.43
RD007,Jumbo Rubber Duck,Large,Green,Mini,8.42,2025-01-09,ORD103734,CUST5621,HI,West,Retail,47,336.38,59.36,123.57
RD005,Glow Rubber Duck,Specialty,Orange,Mini,6.82,2024-01-30,ORD103735,CUST8708,IA,Midwest,Wholesale,29,168.11,29.67,76.12
RD002,Pirate Rubber Duck,Themed,Pink,Mini,6.34,2025-02-25,ORD103736,CUST7109,RI,Northeast,Online,43,272.62,0.0,95.92
RD002,Pirate Rubber Duck,Themed,Yellow,Standard,10.92,2024-11-23,ORD103737,CUST2157,KY,South,Marketplace,2,19.66,2.18,8.52
RD005,Glow Rubber Duck,Specialty,Purple,Large,13.08,2025-09-18,ORD103738,CUST7345,CT,Northeast,Retail,18,200.12,35.32,38.29
RD002,Pirate Rubber Duck,Themed,Orange,Standard,24.2,2023-09-07,ORD103739,CUST7586,CT,Northeast,Marketplace,15,344.85,18.15,117.92
RD001,Classic Rubber Duck,Classic,Pink,Standard,10.44,2024-06-04,ORD103740,CUST7221,PA,Mid-Atlantic,Marketplace,25,261.0,0.0,116.58
RD005,Glow Rubber Duck,Specialty,Yellow,Large,23.91,2024-09-23,ORD103741,CUST9884,OK,South,Retail,33,749.58,39.45,344.95
RD003,Princess Rubber Duck,Themed,Pink,Large,5.4,2023-09-18,ORD103742,CUST5571,HI,West,Marketplace,6,30.78,1.62,9.2
RD003,Princess Rubber Duck,Themed,Pink,Large,19.7,2024-06-29,ORD103743,CUST6009,ID,West,Online,21,413.7,0.0,153.32
RD001,Classic Rubber Duck,Classic,Orange,Mini,10.49,2024-04-25,ORD103744,CUST5738,NM,West,Marketplace,22,207.7,23.08,52.09
RD001,Classic Rubber Duck,Classic,Orange,Standard,14.04,2024-06-05,ORD103745,CUST4371,IL,Midwest,Marketplace,43,513.16,90.56,178.39
RD001,Classic Rubber Duck,Classic,Orange,Standard,9.75,2023-07-24,ORD103746,CUST3008,SC,South,Marketplace,10,87.75,9.75,41.16
RD003,Princess Rubber Duck,Themed,Green,Large,13.36,2025-06-04,ORD103747,CUST7558,WY,West,Online,29,329.32,58.12,76.83
RD002,Pirate Rubber Duck,Themed,Blue,Standard,16.62,2024-06-02,ORD103748,CUST4450,OR,West,Online,24,378.94,19.94,161.5
RD008,Holiday Rubber Duck,Seasonal,Pink,Large,14.41,2025-07-05,ORD103749,CUST2913,SD,Midwest,Online,1,12.97,1.44,4.97
RD006,Mini Rubber Duck,Mini,Pink,Standard,20.5,2024-09-12,ORD103750,CUST8822,KS,Midwest,Marketplace,47,818.97,144.53,268.59
RD002,Pirate Rubber Duck,Themed,Blue,Standard,11.45,2023-04-24,ORD103751,CUST1299,VA,South,Online,29,282.24,49.81,54.4
RD006,Mini Rubber Duck,Mini,Green,Standard,9.37,2024-10-18,ORD103752,CUST3165,GA,South,Wholesale,19,178.03,0.0,69.44
RD007,Jumbo Rubber Duck,Large,Purple,Large,9.42,2024-11-20,ORD103753,CUST8756,DE,Mid-Atlantic,Marketplace,18,152.6,16.96,61.17
RD007,Jumbo Rubber Duck,Large,Purple,Standard,21.38,2023-01-07,ORD103754,CUST1432,NJ,Mid-Atlantic,Wholesale,45,865.89,96.21,199.26
RD004,Superhero Rubber Duck,Themed,Green,Standard,13.43,2023-10-20,ORD103755,CUST6357,CT,Northeast,Marketplace,31,353.88,62.45,152.92
RD001,Classic Rubber Duck,Classic,Blue,Standard,24.8,2023-02-16,ORD103756,CUST7941,WY,West,Online,11,231.88,40.92,53.41
RD003,Princess Rubber Duck,Themed,Blue,Large,18.3,2024-08-07,ORD103757,CUST6904,IA,Midwest,Online,20,329.4,36.6,115.2
RD001,Classic Rubber Duck,Classic,Green,Standard,21.44,2025-09-06,ORD103758,CUST9609,SD,Midwest,Wholesale,7,127.57,22.51,46.72
RD003,Princess Rubber Duck,Themed,Blue,Large,6.22,2025-03-08,ORD103759,CUST8017,MS,South,Wholesale,19,118.18,0.0,47.67
RD001,Classic Rubber Duck,Classic,Orange,Mini,11.2,2025-03-06,ORD103760,CUST6712,IN,Midwest,Marketplace,12,120.96,13.44,59.27
RD008,Holiday Rubber Duck,Seasonal,Purple,Mini,14.08,2025-09-06,ORD103761,CUST1346,CA,West,Online,33,441.41,23.23,208.14
RD004,Superhero Rubber Duck,Themed,Pink,Mini,10.46,2025-09-10,ORD103762,CUST3913,DC,Mid-Atlantic,Marketplace,48,502.08,0.0,258.39
RD003,Princess Rubber Duck,Themed,Purple,Large,9.9,2025-02-15,ORD103763,CUST6774,KY,South,Online,36,356.4,0.0,187.98
RD002,Pirate Rubber Duck,Themed,Yellow,Large,21.78,2023-05-20,ORD103764,CUST3550,MD,Mid-Atlantic,Marketplace,27,529.25,58.81,258.83
RD002,Pirate Rubber Duck,Themed,Purple,Mini,23.2,2023-06-18,ORD103765,CUST1450,AL,South,Retail,38,793.44,88.16,375.59
RD004,Superhero Rubber Duck,Themed,Purple,Large,24.6,2025-06-05,ORD103766,CUST5158,AK,West,Retail,24,501.84,88.56,90.94
RD004,Superhero Rubber Duck,Themed,Purple,Large,21.36,2025-01-01,ORD103767,CUST5702,AZ,West,Retail,36,730.51,38.45,245.87
RD005,Glow Rubber Duck,Specialty,Yellow,Large,13.94,2024-10-26,ORD103768,CUST4991,IL,Midwest,Online,31,410.53,21.61,182.96
RD003,Princess Rubber Duck,Themed,Yellow,Standard,20.59,2024-02-23,ORD103769,CUST3594,MO,Midwest,Wholesale,44,905.96,0.0,272.82
RD001,Classic Rubber Duck,Classic,Pink,Large,8.15,2023-10-26,ORD103770,CUST6000,FL,South,Retail,28,193.97,34.23,56.06
RD008,Holiday Rubber Duck,Seasonal,Orange,Mini,24.03,2025-09-25,ORD103771,CUST9359,DE,Mid-Atlantic,Wholesale,46,939.57,165.81,231.49
RD002,Pirate Rubber Duck,Themed,Pink,Standard,24.31,2025-09-10,ORD103772,CUST9820,MD,Mid-Atlantic,Marketplace,29,669.74,35.25,263.24
RD002,Pirate Rubber Duck,Themed,Pink,Mini,4.37,2025-02-19,ORD103773,CUST5615,VT,Northeast,Online,25,103.79,5.46,38.33
RD006,Mini Rubber Duck,Mini,Yellow,Standard,5.55,2024-08-08,ORD103774,CUST2269,IL,Midwest,Online,33,183.15,0.0,94.29
RD008,Holiday Rubber Duck,Seasonal,Green,Mini,5.44,2024-05-23,ORD103775,CUST3949,RI,Northeast,Marketplace,39,190.94,21.22,82.24
RD006,Mini Rubber Duck,Mini,Pink,Mini,23.38,2025-01-02,ORD103776,CUST2293,ND,Midwest,Retail,19,377.59,66.63,153.03
RD006,Mini Rubber Duck,Mini,Pink,Standard,17.89,2025-11-12,ORD103777,CUST7482,NY,Mid-Atlantic,Marketplace,2,35.78,0.0,13.25
RD004,Superhero Rubber Duck,Themed,Purple,Large,14.01,2023-05-15,ORD103778,CUST8555,NH,Northeast,Wholesale,45,630.45,0.0,232.65
RD004,Superhero Rubber Duck,Themed,Blue,Mini,11.54,2023-01-14,ORD103779,CUST8295,MA,Northeast,Retail,2,19.62,3.46,3.47
RD008,Holiday Rubber Duck,Seasonal,Yellow,Large,21.5,2023-01-12,ORD103780,CUST5741,NJ,Mid-Atlantic,Retail,31,666.5,0.0,352.67
RD007,Jumbo Rubber Duck,Large,Purple,Large,21.36,2023-11-23,ORD103781,CUST5277,NY,Mid-Atlantic,Online,36,730.51,38.45,207.74
RD001,Classic Rubber Duck,Classic,Green,Mini,8.37,2025-05-23,ORD103782,CUST3802,MI,Midwest,Wholesale,25,188.33,20.92,80.05
RD002,Pirate Rubber Duck,Themed,Yellow,Mini,11.16,2025-08-22,ORD103783,CUST1506,SC,South,Online,47,524.52,0.0,179.05
RD005,Glow Rubber Duck,Specialty,Orange,Standard,5.73,2023-08-19,ORD103784,CUST7659,VA,South,Online,21,114.31,6.02,32.4
RD003,Princess Rubber Duck,Themed,Green,Large,16.6,2025-10-09,ORD103785,CUST8160,IA,Midwest,Marketplace,13,194.22,21.58,54.13
RD001,Classic Rubber Duck,Classic,Pink,Mini,23.16,2025-08-25,ORD103786,CUST5478,GA,South,Retail,22,433.09,76.43,184.74
RD003,Princess Rubber Duck,Themed,Purple,Large,22.15,2024-06-23,ORD103787,CUST9195,AL,South,Marketplace,49,1085.35,0.0,491.99
RD002,Pirate Rubber Duck,Themed,Yellow,Mini,21.9,2025-10-18,ORD103788,CUST5916,MN,Midwest,Online,7,145.64,7.66,57.54
RD007,Jumbo Rubber Duck,Large,Pink,Standard,24.24,2024-11-07,ORD103789,CUST1688,VT,Northeast,Retail,2,48.48,0.0,19.79
RD007,Jumbo Rubber Duck,Large,Yellow,Standard,15.51,2024-08-16,ORD103790,CUST5571,KS,Midwest,Retail,21,325.71,0.0,157.75
RD005,Glow Rubber Duck,Specialty,Purple,Standard,12.48,2023-05-05,ORD103791,CUST1714,DC,Mid-Atlantic,Online,41,511.68,0.0,213.62
RD006,Mini Rubber Duck,Mini,Green,Large,13.19,2023-12-29,ORD103792,CUST5129,NH,Northeast,Marketplace,33,369.98,65.29,67.53
RD001,Classic Rubber Duck,Classic,Green,Standard,9.34,2023-01-12,ORD103793,CUST9830,NC,South,Online,27,252.18,0.0,120.11
RD008,Holiday Rubber Duck,Seasonal,Orange,Standard,13.0,2025-01-07,ORD103794,CUST3525,ME,Northeast,Retail,5,58.5,6.5,25.68
RD008,Holiday Rubber Duck,Seasonal,Green,Mini,19.47,2023-09-06,ORD103795,CUST6282,IA,Midwest,Online,44,856.68,0.0,404.16
RD001,Classic Rubber Duck,Classic,Purple,Large,4.28,2023-08-16,ORD103796,CUST9796,IA,Midwest,Online,45,163.71,28.89,60.29
RD001,Classic Rubber Duck,Classic,Green,Standard,15.62,2025-01-12,ORD103797,CUST2681,MO,Midwest,Marketplace,12,168.7,18.74,38.71
RD008,Holiday Rubber Duck,Seasonal,Blue,Large,13.09,2023-11-23,ORD103798,CUST4810,OH,Midwest,Wholesale,32,397.94,20.94,137.39
RD002,Pirate Rubber Duck,Themed,Green,Mini,4.21,2023-11-21,ORD103799,CUST6956,SC,South,Marketplace,41,163.98,8.63,81.53
RD004,Superhero Rubber Duck,Themed,Orange,Large,24.02,2023-04-22,ORD103800,CUST2675,DE,Mid-Atlantic,Retail,30,648.54,72.06,182.83
RD001,Classic Rubber Duck,Classic,Orange,Large,16.25,2025-03-11,ORD103801,CUST9739,KY,South,Online,18,263.25,29.25,81.31
RD002,Pirate Rubber Duck,Themed,Orange,Mini,20.25,2023-05-05,ORD103802,CUST7798,DC,Mid-Atlantic,Online,22,378.67,66.83,89.36
RD001,Classic Rubber Duck,Classic,Yellow,Standard,4.79,2023-03-20,ORD103803,CUST3759,MT,West,Online,23,93.64,16.53,21.37
RD007,Jumbo Rubber Duck,Large,Pink,Mini,5.3,2023-08-05,ORD103804,CUST7413,DE,Mid-Atlantic,Marketplace,24,114.48,12.72,37.55
RD007,Jumbo Rubber Duck,Large,Orange,Standard,18.8,2024-12-12,ORD103805,CUST4159,MA,Northeast,Marketplace,10,159.8,28.2,34.03
RD001,Classic Rubber Duck,Classic,Yellow,Large,9.1,2023-10-23,ORD103806,CUST3427,PA,Mid-Atlantic,Retail,25,193.38,34.12,80.31
RD006,Mini Rubber Duck,Mini,Yellow,Large,4.96,2024-07-03,ORD103807,CUST8195,FL,South,Marketplace,36,178.56,0.0,80.92
RD004,Superhero Rubber Duck,Themed,Yellow,Mini,23.13,2024-08-11,ORD103808,CUST1833,ID,West,Online,35,769.07,40.48,276.05
RD007,Jumbo Rubber Duck,Large,Purple,Large,15.33,2024-05-08,ORD103809,CUST4791,MN,Midwest,Online,33,455.3,50.59,102.15
RD001,Classic Rubber Duck,Classic,Yellow,Large,5.29,2025-04-28,ORD103810,CUST9743,AL,South,Marketplace,45,214.24,23.81,57.33
RD001,Classic Rubber Duck,Classic,Pink,Standard,15.86,2023-01-11,ORD103811,CUST8659,WI,Midwest,Online,44,662.95,34.89,266.87
RD006,Mini Rubber Duck,Mini,Orange,Mini,5.2,2025-12-20,ORD103812,CUST3618,NV,West,Marketplace,31,161.2,0.0,83.56
RD007,Jumbo Rubber Duck,Large,Pink,Large,6.38,2023-04-08,ORD103813,CUST1818,FL,South,Online,13,82.94,0.0,31.4
RD006,Mini Rubber Duck,Mini,Green,Standard,10.26,2024-01-04,ORD103814,CUST1399,MN,Midwest,Marketplace,14,143.64,0.0,59.54
RD003,Princess Rubber Duck,Themed,Blue,Mini,14.52,2024-10-06,ORD103815,CUST1215,WA,West,Wholesale,1,12.34,2.18,5.21
RD003,Princess Rubber Duck,Themed,Blue,Standard,5.52,2024-11-05,ORD103816,CUST8669,UT,West,Online,24,132.48,0.0,68.99
RD002,Pirate Rubber Duck,Themed,Yellow,Mini,14.7,2025-01-10,ORD103817,CUST2972,ND,Midwest,Wholesale,44,582.12,64.68,288.88
RD002,Pirate Rubber Duck,Themed,Purple,Mini,11.53,2023-02-15,ORD103818,CUST9070,CA,West,Wholesale,6,62.26,6.92,29.37
RD001,Classic Rubber Duck,Classic,Blue,Mini,24.52,2024-03-11,ORD103819,CUST8746,LA,South,Marketplace,5,110.34,12.26,42.06
RD003,Princess Rubber Duck,Themed,Green,Large,16.0,2025-11-12,ORD103820,CUST4327,ND,Midwest,Online,38,547.2,60.8,205.49
RD003,Princess Rubber Duck,Themed,Pink,Standard,21.86,2023-04-15,ORD103821,CUST4255,NC,South,Marketplace,39,852.54,0.0,388.87
RD001,Classic Rubber Duck,Classic,Orange,Mini,7.11,2024-08-31,ORD103822,CUST3243,MI,Midwest,Wholesale,8,54.04,2.84,21.66
RD002,Pirate Rubber Duck,Themed,Pink,Mini,22.76,2025-06-01,ORD103823,CUST8004,NV,West,Wholesale,25,512.1,56.9,132.34
RD004,Superhero Rubber Duck,Themed,Pink,Standard,10.42,2024-07-27,ORD103824,CUST2922,CT,Northeast,Wholesale,48,450.14,50.02,138.42
RD001,Classic Rubber Duck,Classic,Purple,Mini,10.7,2024-04-21,ORD103825,CUST9750,WY,West,Marketplace,7,67.41,7.49,26.56
RD008,Holiday Rubber Duck,Seasonal,Pink,Mini,9.03,2023-01-17,ORD103826,CUST4443,IL,Midwest,Retail,44,397.32,0.0,205.74
RD004,Superhero Rubber Duck,Themed,Yellow,Mini,17.25,2025-03-02,ORD103827,CUST6314,MT,West,Online,16,276.0,0.0,106.16
RD003,Princess Rubber Duck,Themed,Green,Standard,9.42,2025-06-10,ORD103828,CUST9439,OH,Midwest,Wholesale,2,16.96,1.88,7.33
RD008,Holiday Rubber Duck,Seasonal,Pink,Standard,17.69,2025-08-08,ORD103829,CUST9294,MA,Northeast,Marketplace,25,442.25,0.0,161.62
RD007,Jumbo Rubber Duck,Large,Blue,Large,14.56,2025-09-21,ORD103830,CUST1948,DE,Mid-Atlantic,Retail,23,318.14,16.74,86.15
RD004,Superhero Rubber Duck,Themed,Pink,Standard,15.84,2023-12-14,ORD103831,CUST9191,NY,Mid-Atlantic,Online,2,31.68,0.0,12.6
RD008,Holiday Rubber Duck,Seasonal,Purple,Large,14.99,2025-11-04,ORD103832,CUST7783,WV,South,Retail,26,370.25,19.49,184.7
RD007,Jumbo Rubber Duck,Large,Green,Large,23.61,2023-05-20,ORD103833,CUST7344,ND,Midwest,Online,44,986.9,51.94,388.14
RD001,Classic Rubber Duck,Classic,Green,Large,21.91,2023-11-23,ORD103834,CUST1769,IA,Midwest,Wholesale,33,723.03,0.0,239.46
RD003,Princess Rubber Duck,Themed,Green,Large,15.42,2023-02-17,ORD103835,CUST2230,NC,South,Marketplace,18,235.93,41.63,88.65
RD003,Princess Rubber Duck,Themed,Yellow,Mini,9.99,2025-06-25,ORD103836,CUST3020,DC,Mid-Atlantic,Online,43,365.13,64.44,65.14
RD001,Classic Rubber Duck,Classic,Purple,Standard,9.54,2024-12-09,ORD103837,CUST5217,NV,West,Marketplace,47,448.38,0.0,177.36
RD001,Classic Rubber Duck,Classic,Orange,Standard,9.17,2024-10-13,ORD103838,CUST8501,TN,South,Retail,17,132.51,23.38,27.28
RD007,Jumbo Rubber Duck,Large,Purple,Large,6.09,2025-05-15,ORD103839,CUST7799,NH,Northeast,Wholesale,5,30.45,0.0,13.53
RD001,Classic Rubber Duck,Classic,Blue,Large,16.71,2024-09-13,ORD103840,CUST1398,AR,South,Marketplace,37,525.53,92.74,149.09
RD001,Classic Rubber Duck,Classic,Green,Mini,14.99,2024-05-08,ORD103841,CUST3076,DE,Mid-Atlantic,Marketplace,42,566.62,62.96,172.18
RD008,Holiday Rubber Duck,Seasonal,Green,Large,24.84,2024-10-17,ORD103842,CUST2612,VT,Northeast,Retail,6,134.14,14.9,37.77
RD008,Holiday Rubber Duck,Seasonal,Green,Mini,5.62,2024-11-23,ORD103843,CUST5425,DC,Mid-Atlantic,Marketplace,11,61.82,0.0,21.01
RD005,Glow Rubber Duck,Specialty,Green,Mini,8.11,2023-11-22,ORD103844,CUST1639,SC,South,Wholesale,8,55.15,9.73,10.12
RD008,Holiday Rubber Duck,Seasonal,Orange,Standard,6.82,2025-06-21,ORD103845,CUST7569,IA,Midwest,Wholesale,34,208.69,23.19,56.52
RD001,Classic Rubber Duck,Classic,Yellow,Large,13.28,2023-10-12,ORD103846,CUST8959,VT,Northeast,Wholesale,19,214.47,37.85,39.71
RD007,Jumbo Rubber Duck,Large,Orange,Standard,6.62,2024-11-15,ORD103847,CUST7584,AR,South,Marketplace,22,131.08,14.56,60.09
RD003,Princess Rubber Duck,Themed,Green,Large,16.01,2025-05-10,ORD103848,CUST5445,WA,West,Online,4,54.43,9.61,23.02
RD007,Jumbo Rubber Duck,Large,Blue,Standard,10.59,2025-11-24,ORD103849,CUST4823,ME,Northeast,Marketplace,50,476.55,52.95,224.48
RD004,Superhero Rubber Duck,Themed,Purple,Standard,6.82,2025-01-03,ORD103850,CUST7933,MD,Mid-Atlantic,Marketplace,13,75.36,13.3,32.41
RD003,Princess Rubber Duck,Themed,Pink,Standard,22.75,2025-04-02,ORD103851,CUST5402,CO,West,Online,6,136.5,0.0,67.34
RD005,Glow Rubber Duck,Specialty,Green,Mini,17.68,2023-11-26,ORD103852,CUST8881,DE,Mid-Atlantic,Retail,6,95.47,10.61,25.66
RD006,Mini Rubber Duck,Mini,Green,Standard,12.36,2025-05-26,ORD103853,CUST7395,CT,Northeast,Online,4,49.44,0.0,25.35
RD007,Jumbo Rubber Duck,Large,Green,Standard,16.69,2023-08-06,ORD103854,CUST6826,VT,Northeast,Wholesale,3,50.07,0.0,27.46
RD005,Glow Rubber Duck,Specialty,Orange,Standard,23.64,2025-08-29,ORD103855,CUST7555,GA,South,Retail,16,378.24,0.0,202.86
RD008,Holiday Rubber Duck,Seasonal,Purple,Standard,19.94,2023-01-09,ORD103856,CUST3963,TX,South,Retail,45,852.43,44.87,268.2
RD006,Mini Rubber Duck,Mini,Blue,Mini,14.63,2024-02-11,ORD103857,CUST7744,WY,West,Marketplace,30,416.95,21.95,213.25
RD006,Mini Rubber Duck,Mini,Purple,Large,22.61,2025-12-25,ORD103858,CUST7619,SD,Midwest,Online,3,57.66,10.17,26.13
RD002,Pirate Rubber Duck,Themed,Yellow,Mini,8.47,2025-01-02,ORD103859,CUST7670,MI,Midwest,Wholesale,17,143.99,0.0,56.18
RD003,Princess Rubber Duck,Themed,Purple,Standard,24.86,2024-09-19,ORD103860,CUST6544,DE,Mid-Atlantic,Retail,17,401.49,21.13,178.55
RD007,Jumbo Rubber Duck,Large,Purple,Standard,21.78,2025-10-01,ORD103861,CUST2303,VA,South,Online,13,254.83,28.31,92.09
RD007,Jumbo Rubber Duck,Large,Pink,Standard,14.67,2025-10-17,ORD103862,CUST9086,NH,Northeast,Wholesale,45,594.13,66.02,265.33
RD003,Princess Rubber Duck,Themed,Orange,Large,19.19,2023-12-02,ORD103863,CUST3698,VT,Northeast,Retail,44,759.92,84.44,193.86
RD001,Classic Rubber Duck,Classic,Purple,Mini,23.39,2024-05-19,ORD103864,CUST9110,MA,Northeast,Marketplace,18,399.97,21.05,208.36
RD005,Glow Rubber Duck,Specialty,Orange,Large,20.26,2023-10-25,ORD103865,CUST6064,AR,South,Wholesale,15,288.7,15.2,93.01
RD008,Holiday Rubber Duck,Seasonal,Pink,Standard,23.91,2023-04-21,ORD103866,CUST8445,CO,West,Retail,32,688.61,76.51,176.33
RD005,Glow Rubber Duck,Specialty,Blue,Large,9.74,2025-11-10,ORD103867,CUST5846,KS,Midwest,Online,40,331.16,58.44,141.2
RD001,Classic Rubber Duck,Classic,Orange,Standard,17.17,2025-06-24,ORD103868,CUST5777,MO,Midwest,Retail,43,738.31,0.0,402.05
RD003,Princess Rubber Duck,Themed,Orange,Mini,9.19,2023-09-21,ORD103869,CUST7941,WY,West,Wholesale,25,206.77,22.98,95.85
RD006,Mini Rubber Duck,Mini,Yellow,Standard,24.35,2023-05-27,ORD103870,CUST6959,ID,West,Marketplace,4,92.53,4.87,41.78
RD002,Pirate Rubber Duck,Themed,Green,Standard,21.81,2024-12-19,ORD103871,CUST2916,OK,South,Retail,34,667.39,74.15,291.32
RD004,Superhero Rubber Duck,Themed,Purple,Mini,23.29,2025-08-15,ORD103872,CUST9423,SC,South,Online,18,419.22,0.0,155.45
RD007,Jumbo Rubber Duck,Large,Blue,Standard,23.73,2024-08-21,ORD103873,CUST8369,NY,Mid-Atlantic,Wholesale,16,341.71,37.97,112.92
RD006,Mini Rubber Duck,Mini,Yellow,Large,19.58,2023-12-01,ORD103874,CUST2650,CA,West,Online,14,274.12,0.0,140.07
RD003,Princess Rubber Duck,Themed,Green,Large,17.38,2024-06-21,ORD103875,CUST9277,WI,Midwest,Retail,7,121.66,0.0,57.2
RD008,Holiday Rubber Duck,Seasonal,Purple,Large,14.23,2025-01-29,ORD103876,CUST1327,OH,Midwest,Marketplace,24,341.52,0.0,149.93
RD003,Princess Rubber Duck,Themed,Purple,Large,8.55,2024-06-06,ORD103877,CUST4312,NE,Midwest,Retail,29,210.76,37.19,88.07
RD007,Jumbo Rubber Duck,Large,Pink,Large,7.2,2023-04-18,ORD103878,CUST9045,MS,South,Online,50,306.0,54.0,89.43
RD008,Holiday Rubber Duck,Seasonal,Green,Standard,24.96,2025-11-25,ORD103879,CUST6387,WY,West,Retail,48,1138.18,59.9,466.98
RD004,Superhero Rubber Duck,Themed,Orange,Standard,17.05,2023-08-11,ORD103880,CUST6930,WY,West,Wholesale,13,188.4,33.25,57.31
RD005,Glow Rubber Duck,Specialty,Green,Large,20.93,2025-01-12,ORD103881,CUST3516,CT,Northeast,Retail,35,695.92,36.63,186.47
RD007,Jumbo Rubber Duck,Large,Yellow,Standard,16.69,2024-12-21,ORD103882,CUST6138,DC,Mid-Atlantic,Retail,7,99.31,17.52,23.27
RD008,Holiday Rubber Duck,Seasonal,Purple,Standard,21.89,2025-01-09,ORD103883,CUST4668,MS,South,Retail,35,651.23,114.92,123.02
RD004,Superhero Rubber Duck,Themed,Purple,Standard,13.36,2024-03-12,ORD103884,CUST9111,CT,Northeast,Wholesale,50,634.6,33.4,322.1
RD007,Jumbo Rubber Duck,Large,Pink,Large,21.46,2025-02-16,ORD103885,CUST1828,RI,Northeast,Retail,48,1030.08,0.0,345.24
RD002,Pirate Rubber Duck,Themed,Purple,Large,20.49,2024-09-22,ORD103886,CUST6845,ME,Northeast,Marketplace,11,191.58,33.81,60.38
RD001,Classic Rubber Duck,Classic,Purple,Standard,6.52,2023-04-20,ORD103887,CUST4166,VT,Northeast,Online,9,52.81,5.87,23.07
RD001,Classic Rubber Duck,Classic,Purple,Large,22.62,2025-08-15,ORD103888,CUST3748,SC,South,Marketplace,25,537.22,28.28,258.63
RD005,Glow Rubber Duck,Specialty,Yellow,Large,7.75,2023-07-01,ORD103889,CUST6700,IN,Midwest,Retail,33,217.39,38.36,82.02
RD005,Glow Rubber Duck,Specialty,Orange,Mini,14.32,2025-07-02,ORD103890,CUST2589,MD,Mid-Atlantic,Wholesale,43,615.76,0.0,270.25
RD005,Glow Rubber Duck,Specialty,Purple,Large,16.77,2024-10-08,ORD103891,CUST7297,AR,South,Retail,8,114.04,20.12,31.54
RD005,Glow Rubber Duck,Specialty,Purple,Mini,9.83,2025-07-03,ORD103892,CUST6812,MD,Mid-Atlantic,Marketplace,37,345.52,18.19,112.12
RD004,Superhero Rubber Duck,Themed,Orange,Mini,10.95,2023-08-13,ORD103893,CUST6727,ND,Midwest,Online,42,390.92,68.98,177.21
RD002,Pirate Rubber Duck,Themed,Green,Standard,5.87,2023-02-08,ORD103894,CUST2727,NH,Northeast,Wholesale,35,174.63,30.82,58.91
RD005,Glow Rubber Duck,Specialty,Purple,Standard,13.01,2025-07-29,ORD103895,CUST1156,AL,South,Online,5,55.29,9.76,12.91
RD006,Mini Rubber Duck,Mini,Blue,Standard,9.67,2023-01-03,ORD103896,CUST7095,CT,Northeast,Wholesale,18,174.06,0.0,62.28
RD008,Holiday Rubber Duck,Seasonal,Pink,Large,10.38,2025-03-19,ORD103897,CUST8503,KS,Midwest,Retail,24,211.75,37.37,47.07
RD003,Princess Rubber Duck,Themed,Yellow,Standard,14.0,2024-11-22,ORD103898,CUST9513,NM,West,Wholesale,20,280.0,0.0,100.48
RD001,Classic Rubber Duck,Classic,Purple,Mini,9.11,2025-05-22,ORD103899,CUST2921,NJ,Mid-Atlantic,Wholesale,40,327.96,36.44,82.79
RD008,Holiday Rubber Duck,Seasonal,Blue,Mini,21.59,2025-08-05,ORD103900,CUST6275,MA,Northeast,Retail,25,485.77,53.98,213.16
RD005,Glow Rubber Duck,Specialty,Blue,Large,16.51,2025-05-05,ORD103901,CUST4316,MD,Mid-Atlantic,Online,32,528.32,0.0,206.71
RD007,Jumbo Rubber Duck,Large,Green,Standard,22.21,2023-04-14,ORD103902,CUST2994,VT,Northeast,Marketplace,31,688.51,0.0,230.89
RD001,Classic Rubber Duck,Classic,Pink,Mini,21.78,2023-05-01,ORD103903,CUST2959,DE,Mid-Atlantic,Marketplace,30,653.4,0.0,305.19
RD008,Holiday Rubber Duck,Seasonal,Green,Standard,13.04,2024-08-06,ORD103904,CUST1528,SD,Midwest,Marketplace,13,169.52,0.0,68.04
RD001,Classic Rubber Duck,Classic,Orange,Large,9.68,2023-11-03,ORD103905,CUST4587,ID,West,Online,27,261.36,0.0,87.36
RD008,Holiday Rubber Duck,Seasonal,Orange,Mini,10.52,2025-11-07,ORD103906,CUST5193,MT,West,Retail,31,277.2,48.92,61.19
RD008,Holiday Rubber Duck,Seasonal,Blue,Standard,12.46,2025-06-01,ORD103907,CUST5155,KY,South,Retail,34,360.09,63.55,112.48
RD004,Superhero Rubber Duck,Themed,Green,Standard,15.96,2024-06-11,ORD103908,CUST6815,ME,Northeast,Online,29,462.84,0.0,150.49
RD002,Pirate Rubber Duck,Themed,Green,Standard,12.07,2024-11-01,ORD103909,CUST9550,NJ,Mid-Atlantic,Online,10,120.7,0.0,64.4
RD005,Glow Rubber Duck,Specialty,Pink,Large,7.34,2025-04-10,ORD103910,CUST2950,RI,Northeast,Retail,35,244.06,12.84,67.61
RD008,Holiday Rubber Duck,Seasonal,Purple,Mini,20.62,2023-12-10,ORD103911,CUST2733,MA,Northeast,Wholesale,4,74.23,8.25,23.3
RD007,Jumbo Rubber Duck,Large,Pink,Mini,24.64,2023-05-09,ORD103912,CUST9399,DE,Mid-Atlantic,Online,6,140.45,7.39,69.55
RD004,Superhero Rubber Duck,Themed,Pink,Standard,20.86,2023-04-09,ORD103913,CUST6001,SD,Midwest,Wholesale,2,37.55,4.17,9.36
RD005,Glow Rubber Duck,Specialty,Orange,Standard,18.32,2024-04-01,ORD103914,CUST3551,VT,Northeast,Marketplace,35,641.2,0.0,299.98
RD002,Pirate Rubber Duck,Themed,Orange,Mini,24.52,2025-12-31,ORD103915,CUST1345,RI,Northeast,Marketplace,11,229.26,40.46,54.64
RD001,Classic Rubber Duck,Classic,Purple,Standard,5.51,2025-05-28,ORD103916,CUST7369,ND,Midwest,Online,19,94.22,10.47,24.6
RD002,Pirate Rubber Duck,Themed,Green,Standard,18.37,2023-01-05,ORD103917,CUST1821,MO,Midwest,Online,39,644.79,71.64,293.17
RD006,Mini Rubber Duck,Mini,Pink,Large,24.54,2023-01-24,ORD103918,CUST8858,AK,West,Marketplace,36,839.27,44.17,379.85
RD006,Mini Rubber Duck,Mini,Yellow,Standard,9.97,2024-02-09,ORD103919,CUST2056,IN,Midwest,Marketplace,1,9.97,0.0,4.91
RD002,Pirate Rubber Duck,Themed,Purple,Standard,16.37,2023-11-08,ORD103920,CUST5976,MN,Midwest,Marketplace,39,542.67,95.76,226.95
RD007,Jumbo Rubber Duck,Large,Orange,Mini,24.14,2024-12-10,ORD103921,CUST3967,AR,South,Wholesale,40,869.04,96.56,292.14
RD002,Pirate Rubber Duck,Themed,Blue,Mini,4.79,2025-04-06,ORD103922,CUST5298,WY,West,Retail,1,4.55,0.24,1.36
RD003,Princess Rubber Duck,Themed,Purple,Mini,18.63,2024-09-18,ORD103923,CUST7924,MO,Midwest,Retail,31,577.53,0.0,240.9
RD004,Superhero Rubber Duck,Themed,Pink,Large,19.6,2024-07-23,ORD103924,CUST3979,NM,West,Online,48,846.72,94.08,361.29
RD004,Superhero Rubber Duck,Themed,Green,Standard,4.08,2024-11-25,ORD103925,CUST5529,NM,West,Online,8,29.38,3.26,9.4
RD006,Mini Rubber Duck,Mini,Blue,Mini,17.06,2024-05-23,ORD103926,CUST8709,NH,Northeast,Wholesale,49,752.35,83.59,170.81
RD001,Classic Rubber Duck,Classic,Blue,Standard,8.52,2024-10-16,ORD103927,CUST3451,HI,West,Retail,32,259.01,13.63,128.32
RD003,Princess Rubber Duck,Themed,Purple,Standard,9.26,2024-12-16,ORD103928,CUST8085,SC,South,Wholesale,10,92.6,0.0,33.83
RD007,Jumbo Rubber Duck,Large,Green,Large,4.13,2023-01-26,ORD103929,CUST5243,MD,Mid-Atlantic,Wholesale,13,51.01,2.68,21.83
RD006,Mini Rubber Duck,Mini,Yellow,Standard,24.97,2024-08-22,ORD103930,CUST9864,CA,West,Retail,20,474.43,24.97,173.15
RD007,Jumbo Rubber Duck,Large,Purple,Large,19.42,2024-01-23,ORD103931,CUST8402,PA,Mid-Atlantic,Online,34,561.24,99.04,140.56
RD007,Jumbo Rubber Duck,Large,Yellow,Large,17.43,2025-02-18,ORD103932,CUST1991,DC,Mid-Atlantic,Wholesale,33,488.91,86.28,125.97
RD006,Mini Rubber Duck,Mini,Purple,Large,21.34,2024-02-20,ORD103933,CUST2354,WA,West,Marketplace,9,163.25,28.81,69.93
RD008,Holiday Rubber Duck,Seasonal,Purple,Standard,4.41,2023-10-05,ORD103934,CUST1400,TX,South,Retail,6,23.81,2.65,10.59
RD005,Glow Rubber Duck,Specialty,Purple,Large,23.67,2025-02-16,ORD103935,CUST9344,VT,Northeast,Marketplace,29,583.47,102.96,115.86
RD004,Superhero Rubber Duck,Themed,Purple,Standard,8.95,2023-03-05,ORD103936,CUST5066,MI,Midwest,Retail,29,220.62,38.93,103.31
RD002,Pirate Rubber Duck,Themed,Pink,Standard,7.14,2025-03-10,ORD103937,CUST6959,DC,Mid-Atlantic,Retail,50,339.15,17.85,90.64
RD008,Holiday Rubber Duck,Seasonal,Green,Mini,20.93,2024-11-02,ORD103938,CUST3769,WI,Midwest,Retail,22,460.46,0.0,235.0
RD001,Classic Rubber Duck,Classic,Blue,Large,8.31,2024-07-04,ORD103939,CUST7334,NM,West,Online,18,127.14,22.44,28.75
RD004,Superhero Rubber Duck,Themed,Orange,Large,13.39,2025-06-04,ORD103940,CUST4316,CA,West,Wholesale,36,409.73,72.31,187.47
RD006,Mini Rubber Duck,Mini,Orange,Mini,23.96,2023-11-08,ORD103941,CUST2156,ME,Northeast,Marketplace,43,978.77,51.51,381.54
RD003,Princess Rubber Duck,Themed,Green,Large,24.99,2024-01-15,ORD103942,CUST7115,MT,West,Marketplace,25,624.75,0.0,295.8
RD002,Pirate Rubber Duck,Themed,Purple,Large,12.84,2024-11-13,ORD103943,CUST7802,NH,Northeast,Retail,13,166.92,0.0,76.77
RD006,Mini Rubber Duck,Mini,Pink,Mini,16.2,2024-03-14,ORD103944,CUST9963,CT,Northeast,Online,40,583.2,64.8,279.72
RD007,Jumbo Rubber Duck,Large,Blue,Large,5.43,2023-12-24,ORD103945,CUST7557,RI,Northeast,Online,1,4.62,0.81,2.04
RD004,Superhero Rubber Duck,Themed,Pink,Standard,4.61,2025-11-01,ORD103946,CUST5456,ND,Midwest,Retail,42,174.26,19.36,39.62
RD008,Holiday Rubber Duck,Seasonal,Green,Standard,21.64,2025-10-09,ORD103947,CUST4480,NY,Mid-Atlantic,Retail,12,220.73,38.95,48.12
RD002,Pirate Rubber Duck,Themed,Orange,Standard,18.35,2024-04-22,ORD103948,CUST4943,OR,West,Online,33,605.55,0.0,211.79
RD008,Holiday Rubber Duck,Seasonal,Blue,Mini,10.91,2024-06-19,ORD103949,CUST2991,ID,West,Online,50,463.67,81.83,148.29
RD002,Pirate Rubber Duck,Themed,Yellow,Mini,13.91,2024-04-12,ORD103950,CUST3613,AK,West,Marketplace,30,396.43,20.87,146.22
RD006,Mini Rubber Duck,Mini,Purple,Mini,13.25,2023-09-26,ORD103951,CUST2751,AK,West,Retail,25,331.25,0.0,164.2
RD002,Pirate Rubber Duck,Themed,Blue,Standard,6.37,2024-05-15,ORD103952,CUST6156,ND,Midwest,Online,49,312.13,0.0,147.6
RD002,Pirate Rubber Duck,Themed,Pink,Mini,16.82,2023-02-19,ORD103953,CUST7243,UT,West,Wholesale,11,185.02,0.0,82.59
RD003,Princess Rubber Duck,Themed,Blue,Mini,22.4,2024-12-05,ORD103954,CUST1696,IN,Midwest,Online,6,134.4,0.0,73.59
RD002,Pirate Rubber Duck,Themed,Purple,Mini,17.83,2025-03-23,ORD103955,CUST3557,SD,Midwest,Retail,12,192.56,21.4,92.83
RD001,Classic Rubber Duck,Classic,Orange,Standard,17.9,2023-07-06,ORD103956,CUST1080,NH,Northeast,Online,3,51.01,2.69,26.44
RD005,Glow Rubber Duck,Specialty,Green,Standard,12.13,2023-03-15,ORD103957,CUST3340,SD,Midwest,Marketplace,46,530.08,27.9,165.17
RD003,Princess Rubber Duck,Themed,Green,Large,19.59,2023-01-15,ORD103958,CUST4353,CT,Northeast,Wholesale,24,470.16,0.0,176.77
RD004,Superhero Rubber Duck,Themed,Blue,Standard,11.6,2025-05-12,ORD103959,CUST2117,NJ,Mid-Atlantic,Online,8,78.88,13.92,20.64
RD005,Glow Rubber Duck,Specialty,Purple,Mini,11.93,2025-01-13,ORD103960,CUST6536,AZ,West,Online,8,81.12,14.32,32.34
RD004,Superhero Rubber Duck,Themed,Orange,Mini,6.63,2023-04-23,ORD103961,CUST5807,DC,Mid-Atlantic,Online,38,214.15,37.79,72.87
RD008,Holiday Rubber Duck,Seasonal,Green,Standard,17.38,2025-05-09,ORD103962,CUST4913,WV,South,Retail,13,203.35,22.59,69.65
RD001,Classic Rubber Duck,Classic,Blue,Large,8.72,2024-02-15,ORD103963,CUST2657,DE,Mid-Atlantic,Wholesale,34,266.83,29.65,97.8
RD001,Classic Rubber Duck,Classic,Green,Standard,20.69,2025-02-11,ORD103964,CUST1717,ME,Northeast,Online,20,413.8,0.0,187.05
RD005,Glow Rubber Duck,Specialty,Yellow,Mini,9.05,2023-01-12,ORD103965,CUST5188,ND,Midwest,Wholesale,8,65.16,7.24,25.5
RD006,Mini Rubber Duck,Mini,Purple,Mini,18.18,2024-08-11,ORD103966,CUST1960,AK,West,Online,46,752.65,83.63,295.1
RD002,Pirate Rubber Duck,Themed,Yellow,Large,6.94,2024-12-13,ORD103967,CUST9557,CA,West,Online,11,76.34,0.0,40.18
RD007,Jumbo Rubber Duck,Large,Yellow,Large,6.34,2024-12-04,ORD103968,CUST3646,RI,Northeast,Marketplace,32,182.59,20.29,89.65
RD008,Holiday Rubber Duck,Seasonal,Purple,Mini,11.43,2025-03-12,ORD103969,CUST3381,NE,Midwest,Wholesale,2,20.57,2.29,7.99
RD004,Superhero Rubber Duck,Themed,Yellow,Mini,13.05,2023-12-04,ORD103970,CUST1057,NM,West,Wholesale,28,310.59,54.81,74.49
RD008,Holiday Rubber Duck,Seasonal,Green,Standard,21.39,2025-09-26,ORD103971,CUST2448,ME,Northeast,Wholesale,25,481.27,53.48,210.22
RD005,Glow Rubber Duck,Specialty,Pink,Standard,24.23,2025-06-15,ORD103972,CUST4569,DC,Mid-Atlantic,Online,48,988.58,174.46,431.78
RD005,Glow Rubber Duck,Specialty,Green,Large,11.72,2023-02-07,ORD103973,CUST6735,KY,South,Wholesale,1,11.72,0.0,6.3
RD008,Holiday Rubber Duck,Seasonal,Orange,Standard,12.91,2023-10-12,ORD103974,CUST4328,PA,Mid-Atlantic,Marketplace,17,208.5,10.97,65.22
RD002,Pirate Rubber Duck,Themed,Purple,Large,4.51,2023-04-27,ORD103975,CUST2907,RI,Northeast,Wholesale,34,145.67,7.67,66.66
RD007,Jumbo Rubber Duck,Large,Yellow,Standard,4.86,2024-08-28,ORD103976,CUST1970,MS,South,Marketplace,13,53.7,9.48,25.17
RD001,Classic Rubber Duck,Classic,Purple,Large,11.61,2024-02-19,ORD103977,CUST2315,NJ,Mid-Atlantic,Retail,22,229.88,25.54,56.96
RD005,Glow Rubber Duck,Specialty,Pink,Mini,12.84,2024-12-10,ORD103978,CUST9057,MA,Northeast,Wholesale,12,154.08,0.0,49.79
RD005,Glow Rubber Duck,Specialty,Orange,Mini,12.15,2024-07-03,ORD103979,CUST2861,ME,Northeast,Marketplace,29,352.35,0.0,162.87
RD004,Superhero Rubber Duck,Themed,Yellow,Large,8.43,2023-07-31,ORD103980,CUST3680,NV,West,Marketplace,40,286.62,50.58,82.75
RD006,Mini Rubber Duck,Mini,Purple,Standard,6.86,2024-07-22,ORD103981,CUST8856,MI,Midwest,Marketplace,4,23.32,4.12,9.02
RD005,Glow Rubber Duck,Specialty,Orange,Standard,21.14,2023-04-08,ORD103982,CUST6783,ND,Midwest,Online,25,502.07,26.43,220.53
RD002,Pirate Rubber Duck,Themed,Orange,Large,20.67,2023-02-01,ORD103983,CUST3795,SC,South,Marketplace,37,726.55,38.24,314.29
RD002,Pirate Rubber Duck,Themed,Pink,Mini,14.93,2023-08-08,ORD103984,CUST9662,NH,Northeast,Retail,41,550.92,61.21,158.44
RD006,Mini Rubber Duck,Mini,Orange,Mini,4.23,2023-08-30,ORD103985,CUST9668,NC,South,Online,12,43.15,7.61,16.03
RD006,Mini Rubber Duck,Mini,Blue,Mini,21.97,2024-11-24,ORD103986,CUST8095,MD,Mid-Atlantic,Marketplace,39,856.83,0.0,289.14
RD004,Superhero Rubber Duck,Themed,Pink,Mini,18.08,2025-12-15,ORD103987,CUST2713,CT,Northeast,Marketplace,15,271.2,0.0,133.77
RD008,Holiday Rubber Duck,Seasonal,Purple,Mini,16.43,2023-09-09,ORD103988,CUST6380,IA,Midwest,Online,45,739.35,0.0,299.13
RD008,Holiday Rubber Duck,Seasonal,Pink,Standard,13.61,2024-08-23,ORD103989,CUST5544,RI,Northeast,Online,39,477.71,53.08,109.04
RD007,Jumbo Rubber Duck,Large,Blue,Large,22.67,2025-08-22,ORD103990,CUST6000,OR,West,Retail,16,308.31,54.41,72.68
RD002,Pirate Rubber Duck,Themed,Orange,Standard,20.81,2024-10-06,ORD103991,CUST3678,LA,South,Marketplace,27,477.59,84.28,165.1
RD003,Princess Rubber Duck,Themed,Blue,Standard,7.44,2024-06-25,ORD103992,CUST1702,IL,Midwest,Retail,31,219.11,11.53,105.67
RD002,Pirate Rubber Duck,Themed,Purple,Mini,24.74,2024-10-19,ORD103993,CUST5350,NM,West,Online,21,441.61,77.93,155.15
RD004,Superhero Rubber Duck,Themed,Blue,Large,4.43,2024-04-17,ORD103994,CUST9306,SC,South,Marketplace,29,109.2,19.27,34.74
RD007,Jumbo Rubber Duck,Large,Purple,Large,17.45,2024-12-26,ORD103995,CUST2421,OR,West,Online,48,711.96,125.64,328.05
RD008,Holiday Rubber Duck,Seasonal,Green,Standard,18.28,2024-05-07,ORD103996,CUST4522,NH,Northeast,Marketplace,12,208.39,10.97,86.22
RD004,Superhero Rubber Duck,Themed,Blue,Standard,5.41,2023-06-03,ORD103997,CUST8889,CA,West,Online,5,24.34,2.71,10.86
RD007,Jumbo Rubber Duck,Large,Green,Standard,12.69,2024-08-10,ORD103998,CUST3794,WA,West,Online,5,63.45,0.0,23.15
RD008,Holiday Rubber Duck,Seasonal,Yellow,Standard,13.68,2024-10-01,ORD103999,CUST6302,PA,Mid-Atlantic,Wholesale,31,402.88,21.2,134.33
RD007,Jumbo Rubber Duck,Large,Orange,Large,22.95,2025-03-22,ORD104000,CUST6354,MS,South,Retail,13,298.35,0.0,115.47
RD007,Jumbo Rubber Duck,Large,Orange,Standard,13.93,2025-12-06,ORD104001,CUST4663,IL,Midwest,Retail,47,654.71,0.0,357.83
RD001,Classic Rubber Duck,Classic,Green,Standard,15.48,2023-08-02,ORD104002,CUST8103,VT,Northeast,Online,24,315.79,55.73,101.51
RD001,Classic Rubber Duck,Classic,Pink,Standard,14.66,2023-09-23,ORD104003,CUST7588,WV,South,Retail,40,586.4,0.0,212.42
RD003,Princess Rubber Duck,Themed,Blue,Standard,13.8,2025-07-25,ORD104004,CUST4303,MI,Midwest,Online,17,199.41,35.19,91.85
RD005,Glow Rubber Duck,Specialty,Blue,Large,18.47,2023-10-01,ORD104005,CUST4300,NV,West,Online,34,627.98,0.0,315.56
RD005,Glow Rubber Duck,Specialty,Purple,Mini,17.64,2023-08-18,ORD104006,CUST7583,VA,South,Wholesale,1,16.76,0.88,7.6
RD008,Holiday Rubber Duck,Seasonal,Orange,Mini,16.18,2025-04-13,ORD104007,CUST4333,WI,Midwest,Retail,47,646.39,114.07,266.62
RD008,Holiday Rubber Duck,Seasonal,Pink,Mini,7.38,2025-01-15,ORD104008,CUST4037,DC,Mid-Atlantic,Wholesale,32,236.16,0.0,96.93
RD004,Superhero Rubber Duck,Themed,Purple,Mini,5.85,2023-04-16,ORD104009,CUST5003,NH,Northeast,Wholesale,26,129.29,22.81,58.43
RD002,Pirate Rubber Duck,Themed,Orange,Mini,13.55,2024-09-26,ORD104010,CUST8734,ND,Midwest,Retail,1,12.87,0.68,5.04
RD007,Jumbo Rubber Duck,Large,Orange,Mini,14.68,2024-05-23,ORD104011,CUST7839,TN,South,Marketplace,1,13.21,1.47,4.05
RD002,Pirate Rubber Duck,Themed,Orange,Large,14.72,2024-03-29,ORD104012,CUST9848,MD,Mid-Atlantic,Wholesale,16,200.19,35.33,58.31
RD004,Superhero Rubber Duck,Themed,Yellow,Standard,22.74,2025-11-24,ORD104013,CUST7974,RI,Northeast,Wholesale,12,231.95,40.93,65.07
RD004,Superhero Rubber Duck,Themed,Blue,Mini,9.14,2023-11-01,ORD104014,CUST1700,UT,West,Marketplace,50,388.45,68.55,115.39
RD003,Princess Rubber Duck,Themed,Blue,Mini,14.74,2023-11-23,ORD104015,CUST7370,TX,South,Marketplace,7,103.18,0.0,47.96
RD001,Classic Rubber Duck,Classic,Pink,Large,16.09,2023-06-23,ORD104016,CUST2269,CT,Northeast,Retail,25,341.91,60.34,157.14
RD001,Classic Rubber Duck,Classic,Green,Mini,13.18,2024-02-17,ORD104017,CUST5668,GA,South,Marketplace,11,144.98,0.0,43.96
RD005,Glow Rubber Duck,Specialty,Purple,Mini,12.45,2025-05-21,ORD104018,CUST8858,UT,West,Retail,14,148.16,26.14,46.0
RD003,Princess Rubber Duck,Themed,Orange,Large,24.34,2024-01-21,ORD104019,CUST6436,MO,Midwest,Online,2,41.38,7.3,7.62
RD004,Superhero Rubber Duck,Themed,Pink,Mini,15.94,2025-08-29,ORD104020,CUST7764,ND,Midwest,Wholesale,38,605.72,0.0,268.54
RD004,Superhero Rubber Duck,Themed,Green,Mini,23.55,2025-01-30,ORD104021,CUST9309,IA,Midwest,Wholesale,16,357.96,18.84,143.6
RD006,Mini Rubber Duck,Mini,Orange,Mini,14.11,2025-01-11,ORD104022,CUST5531,PA,Mid-Atlantic,Wholesale,31,371.8,65.61,77.73
RD004,Superhero Rubber Duck,Themed,Orange,Large,15.24,2024-10-01,ORD104023,CUST3722,MI,Midwest,Retail,44,637.03,33.53,261.55
RD007,Jumbo Rubber Duck,Large,Green,Standard,6.73,2024-12-20,ORD104024,CUST2019,VT,Northeast,Retail,18,109.03,12.11,54.39
RD002,Pirate Rubber Duck,Themed,Purple,Mini,7.62,2023-08-11,ORD104025,CUST4836,ND,Midwest,Marketplace,22,167.64,0.0,53.93
RD007,Jumbo Rubber Duck,Large,Purple,Mini,16.36,2025-11-06,ORD104026,CUST5981,NJ,Mid-Atlantic,Retail,1,15.54,0.82,4.77
RD008,Holiday Rubber Duck,Seasonal,Pink,Standard,17.12,2025-02-07,ORD104027,CUST2968,WV,South,Online,28,479.36,0.0,202.23
RD007,Jumbo Rubber Duck,Large,Blue,Large,21.33,2025-10-25,ORD104028,CUST4385,RI,Northeast,Online,30,639.9,0.0,213.31
RD004,Superhero Rubber Duck,Themed,Blue,Standard,10.37,2024-08-18,ORD104029,CUST1701,MD,Mid-Atlantic,Online,11,96.96,17.11,22.98
RD007,Jumbo Rubber Duck,Large,Blue,Large,11.64,2025-02-13,ORD104030,CUST3432,MS,South,Online,21,207.77,36.67,79.36
RD001,Classic Rubber Duck,Classic,Pink,Standard,19.7,2024-11-21,ORD104031,CUST4443,NE,Midwest,Wholesale,1,17.73,1.97,6.92
RD002,Pirate Rubber Duck,Themed,Yellow,Standard,12.49,2025-02-16,ORD104032,CUST2095,RI,Northeast,Wholesale,50,624.5,0.0,226.95
RD004,Superhero Rubber Duck,Themed,Green,Large,11.94,2025-02-06,ORD104033,CUST8586,MA,Northeast,Online,2,22.69,1.19,10.19
RD002,Pirate Rubber Duck,Themed,Pink,Standard,8.82,2025-07-13,ORD104034,CUST6446,SC,South,Wholesale,45,337.36,59.54,72.75
RD005,Glow Rubber Duck,Specialty,Green,Mini,12.06,2024-01-05,ORD104035,CUST7106,OH,Midwest,Retail,13,141.1,15.68,40.18
RD004,Superhero Rubber Duck,Themed,Orange,Standard,7.3,2025-06-10,ORD104036,CUST7179,MT,West,Online,41,269.37,29.93,89.19
RD002,Pirate Rubber Duck,Themed,Purple,Mini,19.9,2024-08-15,ORD104037,CUST4161,ID,West,Marketplace,34,676.6,0.0,323.34
RD004,Superhero Rubber Duck,Themed,Yellow,Large,13.33,2025-03-10,ORD104038,CUST4950,TN,South,Marketplace,22,293.26,0.0,151.17
RD001,Classic Rubber Duck,Classic,Pink,Mini,17.74,2024-08-19,ORD104039,CUST2149,NJ,Mid-Atlantic,Retail,39,657.27,34.59,193.87
RD002,Pirate Rubber Duck,Themed,Orange,Large,24.86,2025-06-19,ORD104040,CUST1500,PA,Mid-Atlantic,Online,46,1029.2,114.36,420.15
RD008,Holiday Rubber Duck,Seasonal,Yellow,Standard,12.41,2024-05-26,ORD104041,CUST4436,PA,Mid-Atlantic,Marketplace,49,516.88,91.21,223.31
RD006,Mini Rubber Duck,Mini,Yellow,Mini,24.47,2025-01-28,ORD104042,CUST5666,ND,Midwest,Online,29,709.63,0.0,275.45
RD004,Superhero Rubber Duck,Themed,Purple,Mini,13.55,2024-02-18,ORD104043,CUST3172,MO,Midwest,Wholesale,25,287.94,50.81,84.16
RD007,Jumbo Rubber Duck,Large,Green,Large,13.82,2024-11-03,ORD104044,CUST2937,IL,Midwest,Retail,38,446.39,78.77,148.14
RD001,Classic Rubber Duck,Classic,Pink,Mini,11.01,2024-07-22,ORD104045,CUST9656,AZ,West,Retail,43,473.43,0.0,151.19
RD007,Jumbo Rubber Duck,Large,Green,Standard,12.47,2025-03-06,ORD104046,CUST5416,ID,West,Marketplace,18,224.46,0.0,110.24
RD007,Jumbo Rubber Duck,Large,Pink,Mini,14.9,2023-06-11,ORD104047,CUST9834,CA,West,Retail,31,392.62,69.28,157.98
RD006,Mini Rubber Duck,Mini,Pink,Standard,19.65,2024-07-30,ORD104048,CUST8642,CA,West,Wholesale,40,707.4,78.6,233.85
RD003,Princess Rubber Duck,Themed,Green,Large,13.5,2023-11-05,ORD104049,CUST7749,OH,Midwest,Online,24,291.6,32.4,123.71
RD001,Classic Rubber Duck,Classic,Yellow,Standard,9.29,2024-07-21,ORD104050,CUST6203,UT,West,Online,42,370.67,19.51,141.48
RD004,Superhero Rubber Duck,Themed,Orange,Mini,23.55,2023-12-11,ORD104051,CUST4741,OR,West,Wholesale,25,588.75,0.0,288.6
RD007,Jumbo Rubber Duck,Large,Orange,Standard,16.79,2025-02-01,ORD104052,CUST8869,WY,West,Marketplace,8,134.32,0.0,55.08
RD001,Classic Rubber Duck,Classic,Pink,Standard,4.61,2023-12-22,ORD104053,CUST8403,MN,Midwest,Marketplace,13,56.93,3.0,17.41
RD005,Glow Rubber Duck,Specialty,Blue,Standard,5.92,2025-04-05,ORD104054,CUST7658,IL,Midwest,Marketplace,31,155.99,27.53,70.33
RD007,Jumbo Rubber Duck,Large,Yellow,Mini,22.93,2025-12-29,ORD104055,CUST1169,MA,Northeast,Retail,15,292.36,51.59,119.73
RD003,Princess Rubber Duck,Themed,Green,Standard,10.35,2024-06-01,ORD104056,CUST7000,IN,Midwest,Wholesale,40,351.9,62.1,134.22
RD008,Holiday Rubber Duck,Seasonal,Pink,Large,20.32,2024-05-23,ORD104057,CUST6512,OH,Midwest,Wholesale,15,259.08,45.72,99.29
RD002,Pirate Rubber Duck,Themed,Yellow,Large,17.7,2023-03-06,ORD104058,CUST3893,NY,Mid-Atlantic,Retail,25,420.38,22.12,215.9
RD005,Glow Rubber Duck,Specialty,Blue,Standard,15.18,2024-12-28,ORD104059,CUST6264,WA,West,Online,2,28.84,1.52,8.93
RD005,Glow Rubber Duck,Specialty,Yellow,Large,15.01,2023-03-20,ORD104060,CUST3775,AL,South,Retail,40,510.34,90.06,150.3
RD004,Superhero Rubber Duck,Themed,Pink,Large,6.78,2023-09-09,ORD104061,CUST8473,VT,Northeast,Wholesale,20,135.6,0.0,42.39
RD005,Glow Rubber Duck,Specialty,Green,Standard,12.88,2023-12-24,ORD104062,CUST4233,DE,Mid-Atlantic,Retail,27,347.76,0.0,134.61
RD004,Superhero Rubber Duck,Themed,Yellow,Large,13.14,2023-02-10,ORD104063,CUST5386,PA,Mid-Atlantic,Wholesale,40,473.04,52.56,117.67
RD006,Mini Rubber Duck,Mini,Orange,Large,24.22,2023-12-25,ORD104064,CUST6963,IA,Midwest,Online,6,123.52,21.8,26.56
RD007,Jumbo Rubber Duck,Large,Blue,Large,4.28,2025-09-24,ORD104065,CUST3958,WV,South,Marketplace,5,19.26,2.14,9.29
RD006,Mini Rubber Duck,Mini,Pink,Standard,9.36,2025-01-11,ORD104066,CUST2041,NJ,Mid-Atlantic,Retail,28,235.87,26.21,72.0
RD001,Classic Rubber Duck,Classic,Pink,Standard,9.88,2025-06-11,ORD104067,CUST1848,MD,Mid-Atlantic,Online,27,226.75,40.01,61.66
RD003,Princess Rubber Duck,Themed,Pink,Large,6.39,2024-03-10,ORD104068,CUST5295,WY,West,Retail,20,121.41,6.39,37.47
RD006,Mini Rubber Duck,Mini,Green,Large,21.41,2023-01-05,ORD104069,CUST9375,IN,Midwest,Online,35,636.95,112.4,148.73
RD004,Superhero Rubber Duck,Themed,Purple,Standard,24.34,2024-05-16,ORD104070,CUST1710,AZ,West,Marketplace,30,657.18,73.02,174.0
RD005,Glow Rubber Duck,Specialty,Purple,Standard,14.55,2023-10-11,ORD104071,CUST1848,OR,West,Wholesale,48,628.56,69.84,311.06
RD006,Mini Rubber Duck,Mini,Purple,Large,18.95,2023-02-17,ORD104072,CUST8057,AL,South,Online,5,90.01,4.74,45.96
RD002,Pirate Rubber Duck,Themed,Blue,Standard,19.15,2025-06-19,ORD104073,CUST4905,HI,West,Online,50,813.88,143.62,330.7
RD004,Superhero Rubber Duck,Themed,Pink,Mini,15.23,2024-05-27,ORD104074,CUST9962,VT,Northeast,Online,25,342.67,38.08,149.64
RD006,Mini Rubber Duck,Mini,Yellow,Large,4.34,2024-03-07,ORD104075,CUST6815,AR,South,Online,38,156.67,8.25,50.31
RD008,Holiday Rubber Duck,Seasonal,Blue,Standard,9.09,2023-03-19,ORD104076,CUST4427,ID,West,Retail,22,189.98,10.0,70.9
RD003,Princess Rubber Duck,Themed,Purple,Standard,4.52,2025-01-23,ORD104077,CUST7268,IN,Midwest,Retail,22,89.5,9.94,25.64
RD005,Glow Rubber Duck,Specialty,Blue,Large,11.79,2024-03-25,ORD104078,CUST4980,ID,West,Wholesale,23,230.49,40.68,71.42
RD004,Superhero Rubber Duck,Themed,Orange,Standard,16.14,2025-10-30,ORD104079,CUST8289,ME,Northeast,Marketplace,23,371.22,0.0,114.05
RD003,Princess Rubber Duck,Themed,Blue,Large,18.25,2025-11-09,ORD104080,CUST8302,CA,West,Retail,37,607.72,67.53,222.44
RD001,Classic Rubber Duck,Classic,Pink,Standard,16.64,2025-12-06,ORD104081,CUST1290,RI,Northeast,Marketplace,28,419.33,46.59,136.15
RD005,Glow Rubber Duck,Specialty,Purple,Standard,12.8,2025-02-11,ORD104082,CUST1058,TX,South,Retail,43,495.36,55.04,154.26
RD003,Princess Rubber Duck,Themed,Pink,Mini,23.72,2025-07-14,ORD104083,CUST1522,MI,Midwest,Retail,41,826.64,145.88,302.29
RD001,Classic Rubber Duck,Classic,Orange,Mini,22.6,2025-03-30,ORD104084,CUST8581,MN,Midwest,Wholesale,43,923.21,48.59,474.81
RD004,Superhero Rubber Duck,Themed,Blue,Large,17.28,2025-10-10,ORD104085,CUST3748,CA,West,Online,17,264.38,29.38,96.94
RD003,Princess Rubber Duck,Themed,Blue,Large,20.67,2025-09-05,ORD104086,CUST2658,AR,South,Marketplace,50,930.15,103.35,461.71
RD002,Pirate Rubber Duck,Themed,Yellow,Mini,17.1,2024-01-06,ORD104087,CUST7513,NM,West,Marketplace,44,752.4,0.0,391.1
RD003,Princess Rubber Duck,Themed,Blue,Standard,24.37,2024-06-01,ORD104088,CUST2352,NM,West,Marketplace,5,103.57,18.28,29.9
RD007,Jumbo Rubber Duck,Large,Pink,Mini,14.14,2024-03-26,ORD104089,CUST8257,WI,Midwest,Wholesale,2,24.04,4.24,6.4
RD007,Jumbo Rubber Duck,Large,Purple,Mini,24.75,2023-08-06,ORD104090,CUST1187,NC,South,Online,46,1138.5,0.0,471.42
RD002,Pirate Rubber Duck,Themed,Blue,Large,17.34,2024-11-07,ORD104091,CUST1765,MI,Midwest,Online,34,560.08,29.48,268.47
RD008,Holiday Rubber Duck,Seasonal,Blue,Mini,20.94,2024-07-02,ORD104092,CUST7189,WV,South,Online,25,444.98,78.52,116.31
RD005,Glow Rubber Duck,Specialty,Blue,Mini,21.99,2023-10-15,ORD104093,CUST5926,MD,Mid-Atlantic,Marketplace,16,351.84,0.0,158.52
RD005,Glow Rubber Duck,Specialty,Green,Standard,6.42,2023-05-06,ORD104094,CUST4881,MS,South,Marketplace,25,160.5,0.0,56.55
RD008,Holiday Rubber Duck,Seasonal,Yellow,Mini,22.59,2023-08-30,ORD104095,CUST8522,MT,West,Retail,11,248.49,0.0,120.79
RD001,Classic Rubber Duck,Classic,Green,Mini,9.39,2023-07-14,ORD104096,CUST6649,NM,West,Marketplace,40,375.6,0.0,138.37
RD005,Glow Rubber Duck,Specialty,Green,Standard,22.26,2025-01-28,ORD104097,CUST8370,NE,Midwest,Online,28,560.95,62.33,196.43
RD004,Superhero Rubber Duck,Themed,Green,Large,17.19,2024-07-26,ORD104098,CUST2361,DE,Mid-Atlantic,Online,47,727.14,80.79,235.67
RD004,Superhero Rubber Duck,Themed,Yellow,Large,9.92,2024-03-20,ORD104099,CUST1073,ND,Midwest,Wholesale,46,387.87,68.45,146.65
RD006,Mini Rubber Duck,Mini,Yellow,Standard,9.55,2023-12-23,ORD104100,CUST1528,NJ,Mid-Atlantic,Online,14,133.7,0.0,64.72
RD001,Classic Rubber Duck,Classic,Pink,Mini,24.0,2025-07-03,ORD104101,CUST8113,DE,Mid-Atlantic,Wholesale,30,648.0,72.0,263.24
RD002,Pirate Rubber Duck,Themed,Purple,Mini,15.1,2023-10-16,ORD104102,CUST1863,IL,Midwest,Retail,22,332.2,0.0,174.06
RD006,Mini Rubber Duck,Mini,Yellow,Large,5.87,2024-05-23,ORD104103,CUST1867,WA,West,Wholesale,12,59.87,10.57,11.33
RD001,Classic Rubber Duck,Classic,Orange,Mini,14.82,2025-01-22,ORD104104,CUST5957,AK,West,Wholesale,28,414.96,0.0,217.1
RD004,Superhero Rubber Duck,Themed,Yellow,Mini,24.6,2023-09-17,ORD104105,CUST3187,MA,Northeast,Marketplace,44,920.04,162.36,183.31
RD002,Pirate Rubber Duck,Themed,Green,Standard,6.21,2025-07-18,ORD104106,CUST4817,ND,Midwest,Wholesale,37,229.77,0.0,70.97
RD003,Princess Rubber Duck,Themed,Yellow,Mini,7.19,2025-07-13,ORD104107,CUST1204,VT,Northeast,Marketplace,27,165.01,29.12,67.85
RD001,Classic Rubber Duck,Classic,Yellow,Standard,12.61,2024-09-21,ORD104108,CUST8744,ND,Midwest,Retail,42,450.18,79.44,175.56
RD006,Mini Rubber Duck,Mini,Pink,Mini,12.97,2025-08-13,ORD104109,CUST6616,AZ,West,Retail,37,431.9,47.99,192.98
RD006,Mini Rubber Duck,Mini,Purple,Large,23.42,2024-03-28,ORD104110,CUST7126,MO,Midwest,Online,35,696.75,122.95,180.86
RD007,Jumbo Rubber Duck,Large,Yellow,Standard,8.71,2023-03-03,ORD104111,CUST1278,OH,Midwest,Wholesale,11,91.02,4.79,32.18
RD001,Classic Rubber Duck,Classic,Purple,Large,21.02,2025-02-17,ORD104112,CUST4645,NE,Midwest,Retail,23,483.46,0.0,190.85
RD004,Superhero Rubber Duck,Themed,Yellow,Large,10.44,2025-05-07,ORD104113,CUST2498,CT,Northeast,Wholesale,32,317.38,16.7,138.92
RD006,Mini Rubber Duck,Mini,Purple,Large,20.88,2023-09-15,ORD104114,CUST1283,NJ,Mid-Atlantic,Marketplace,33,620.14,68.9,294.29
RD003,Princess Rubber Duck,Themed,Green,Mini,20.03,2025-04-16,ORD104115,CUST4162,AK,West,Online,6,108.16,12.02,32.46
RD001,Classic Rubber Duck,Classic,Orange,Mini,17.41,2024-07-15,ORD104116,CUST7675,WV,South,Retail,14,219.37,24.37,52.95
RD006,Mini Rubber Duck,Mini,Pink,Standard,5.28,2024-05-24,ORD104117,CUST3375,ND,Midwest,Wholesale,34,152.59,26.93,51.93
RD005,Glow Rubber Duck,Specialty,Purple,Standard,12.9,2025-10-02,ORD104118,CUST4955,CT,Northeast,Online,25,306.38,16.12,153.65
RD007,Jumbo Rubber Duck,Large,Blue,Large,10.32,2025-12-17,ORD104119,CUST5945,MS,South,Marketplace,39,382.36,20.12,187.15
RD001,Classic Rubber Duck,Classic,Orange,Large,23.94,2023-12-12,ORD104120,CUST1663,AK,West,Wholesale,12,258.55,28.73,121.79
RD006,Mini Rubber Duck,Mini,Blue,Mini,20.57,2024-02-26,ORD104121,CUST4067,TN,South,Wholesale,25,488.54,25.71,200.81
RD002,Pirate Rubber Duck,Themed,Blue,Standard,20.13,2025-04-04,ORD104122,CUST1115,DC,Mid-Atlantic,Wholesale,36,615.98,108.7,218.61
RD002,Pirate Rubber Duck,Themed,Green,Standard,24.46,2025-08-15,ORD104123,CUST3983,ID,West,Retail,48,1056.67,117.41,451.66
RD005,Glow Rubber Duck,Specialty,Yellow,Standard,12.41,2023-12-31,ORD104124,CUST7073,SD,Midwest,Online,22,273.02,0.0,122.02
RD008,Holiday Rubber Duck,Seasonal,Pink,Standard,11.79,2024-08-31,ORD104125,CUST8442,NH,Northeast,Online,43,481.62,25.35,173.76
RD006,Mini Rubber Duck,Mini,Yellow,Standard,4.47,2025-12-14,ORD104126,CUST7815,CT,Northeast,Marketplace,29,116.67,12.96,36.2
RD005,Glow Rubber Duck,Specialty,Yellow,Mini,14.86,2024-05-26,ORD104127,CUST8473,ID,West,Marketplace,8,112.94,5.94,43.23
RD001,Classic Rubber Duck,Classic,Purple,Mini,20.22,2023-12-28,ORD104128,CUST5196,ND,Midwest,Wholesale,13,236.57,26.29,78.42
RD003,Princess Rubber Duck,Themed,Purple,Mini,24.01,2023-02-01,ORD104129,CUST6973,TX,South,Retail,49,1176.49,0.0,533.27
RD005,Glow Rubber Duck,Specialty,Yellow,Mini,12.89,2024-06-20,ORD104130,CUST2789,MA,Northeast,Online,23,266.82,29.65,103.21
RD002,Pirate Rubber Duck,Themed,Purple,Mini,20.28,2025-11-03,ORD104131,CUST6134,AR,South,Wholesale,15,304.2,0.0,119.45
RD005,Glow Rubber Duck,Specialty,Blue,Standard,4.16,2023-05-31,ORD104132,CUST9025,AK,West,Online,7,27.66,1.46,11.22
RD006,Mini Rubber Duck,Mini,Orange,Mini,14.53,2023-01-10,ORD104133,CUST8387,NE,Midwest,Wholesale,22,303.68,15.98,93.7
RD005,Glow Rubber Duck,Specialty,Purple,Mini,23.1,2023-01-05,ORD104134,CUST1471,SD,Midwest,Retail,17,392.7,0.0,126.44
RD003,Princess Rubber Duck,Themed,Pink,Large,4.93,2025-03-07,ORD104135,CUST5840,NM,West,Online,26,115.36,12.82,31.14
RD003,Princess Rubber Duck,Themed,Purple,Standard,13.75,2025-05-01,ORD104136,CUST8416,NV,West,Retail,17,210.37,23.38,97.78
RD001,Classic Rubber Duck,Classic,Yellow,Mini,15.54,2025-04-27,ORD104137,CUST1133,NJ,Mid-Atlantic,Wholesale,25,349.65,38.85,134.05
RD001,Classic Rubber Duck,Classic,Yellow,Mini,20.13,2024-05-21,ORD104138,CUST6442,RI,Northeast,Retail,33,664.29,0.0,364.21
RD008,Holiday Rubber Duck,Seasonal,Yellow,Mini,15.46,2023-11-13,ORD104139,CUST1165,WA,West,Marketplace,26,341.67,60.29,97.52
RD002,Pirate Rubber Duck,Themed,Blue,Mini,5.3,2023-12-15,ORD104140,CUST8657,RI,Northeast,Marketplace,49,220.75,38.95,66.81
RD007,Jumbo Rubber Duck,Large,Orange,Large,11.68,2023-05-19,ORD104141,CUST1974,NY,Mid-Atlantic,Marketplace,5,52.56,5.84,13.85
RD001,Classic Rubber Duck,Classic,Blue,Large,19.4,2024-09-23,ORD104142,CUST7699,DE,Mid-Atlantic,Retail,40,737.2,38.8,226.63
RD006,Mini Rubber Duck,Mini,Blue,Large,21.88,2025-03-10,ORD104143,CUST9857,HI,West,Marketplace,20,415.72,21.88,141.84
RD005,Glow Rubber Duck,Specialty,Blue,Standard,11.36,2024-04-15,ORD104144,CUST6951,UT,West,Wholesale,6,68.16,0.0,27.1
RD008,Holiday Rubber Duck,Seasonal,Orange,Mini,17.63,2025-11-22,ORD104145,CUST8121,MD,Mid-Atlantic,Online,17,254.75,44.96,70.82
RD001,Classic Rubber Duck,Classic,Purple,Large,24.15,2023-02-07,ORD104146,CUST3450,FL,South,Marketplace,36,738.99,130.41,268.28
RD002,Pirate Rubber Duck,Themed,Yellow,Standard,16.28,2024-09-01,ORD104147,CUST8667,LA,South,Wholesale,43,700.04,0.0,213.39
RD003,Princess Rubber Duck,Themed,Orange,Mini,13.74,2024-06-23,ORD104148,CUST2163,NH,Northeast,Online,50,687.0,0.0,330.65
RD008,Holiday Rubber Duck,Seasonal,Pink,Large,9.86,2025-09-17,ORD104149,CUST5218,MD,Mid-Atlantic,Online,34,301.72,33.52,105.94
RD001,Classic Rubber Duck,Classic,Green,Large,12.83,2023-02-15,ORD104150,CUST4037,WA,West,Online,36,392.6,69.28,144.73
RD001,Classic Rubber Duck,Classic,Orange,Standard,17.89,2023-06-14,ORD104151,CUST5673,NM,West,Retail,23,349.75,61.72,82.07
RD006,Mini Rubber Duck,Mini,Purple,Standard,18.39,2025-02-04,ORD104152,CUST9195,MN,Midwest,Online,43,751.23,39.54,330.11
RD005,Glow Rubber Duck,Specialty,Blue,Mini,19.3,2023-08-16,ORD104153,CUST7228,SD,Midwest,Retail,1,19.3,0.0,8.98
RD005,Glow Rubber Duck,Specialty,Yellow,Mini,17.02,2023-03-18,ORD104154,CUST6651,PA,Mid-Atlantic,Online,44,673.99,74.89,190.08
RD001,Classic Rubber Duck,Classic,Yellow,Large,13.41,2025-05-20,ORD104155,CUST6890,NE,Midwest,Marketplace,9,108.62,12.07,33.36
RD008,Holiday Rubber Duck,Seasonal,Yellow,Large,15.18,2024-05-12,ORD104156,CUST9706,PA,Mid-Atlantic,Retail,32,437.18,48.58,162.96
RD006,Mini Rubber Duck,Mini,Purple,Mini,18.05,2023-07-13,ORD104157,CUST1605,IN,Midwest,Marketplace,39,703.95,0.0,220.91
RD004,Superhero Rubber Duck,Themed,Blue,Mini,13.65,2024-06-24,ORD104158,CUST3522,AR,South,Retail,41,559.65,0.0,237.17
RD004,Superhero Rubber Duck,Themed,Blue,Mini,20.39,2025-07-24,ORD104159,CUST8089,VT,Northeast,Retail,37,641.27,113.16,136.63
RD008,Holiday Rubber Duck,Seasonal,Orange,Standard,24.1,2024-11-10,ORD104160,CUST6304,MN,Midwest,Marketplace,24,520.56,57.84,210.1
RD006,Mini Rubber Duck,Mini,Green,Large,24.08,2025-10-22,ORD104161,CUST3749,CT,Northeast,Marketplace,49,1002.93,176.99,393.1
RD005,Glow Rubber Duck,Specialty,Pink,Standard,6.33,2024-12-04,ORD104162,CUST7638,ID,West,Wholesale,3,18.99,0.0,10.19
RD006,Mini Rubber Duck,Mini,Purple,Large,9.99,2024-06-27,ORD104163,CUST9334,NJ,Mid-Atlantic,Wholesale,40,359.64,39.96,166.21
RD005,Glow Rubber Duck,Specialty,Purple,Large,10.01,2024-11-04,ORD104164,CUST7318,OH,Midwest,Retail,8,72.07,8.01,28.59
RD004,Superhero Rubber Duck,Themed,Yellow,Large,12.97,2025-12-06,ORD104165,CUST7453,OH,Midwest,Online,22,285.34,0.0,96.11
RD004,Superhero Rubber Duck,Themed,Blue,Mini,13.25,2024-07-26,ORD104166,CUST9593,NM,West,Online,24,286.2,31.8,117.21
RD004,Superhero Rubber Duck,Themed,Purple,Mini,7.18,2025-08-04,ORD104167,CUST2326,DC,Mid-Atlantic,Online,5,30.52,5.38,6.76
RD002,Pirate Rubber Duck,Themed,Green,Mini,18.63,2024-02-01,ORD104168,CUST5325,MO,Midwest,Online,30,503.01,55.89,120.05
RD006,Mini Rubber Duck,Mini,Green,Standard,13.2,2024-07-09,ORD104169,CUST4366,WA,West,Wholesale,17,213.18,11.22,73.8
RD008,Holiday Rubber Duck,Seasonal,Yellow,Standard,23.91,2025-05-05,ORD104170,CUST2485,KS,Midwest,Marketplace,35,795.01,41.84,268.77
RD008,Holiday Rubber Duck,Seasonal,Yellow,Large,24.31,2024-01-23,ORD104171,CUST7787,WI,Midwest,Wholesale,21,510.51,0.0,211.9
RD003,Princess Rubber Duck,Themed,Pink,Mini,13.38,2023-02-26,ORD104172,CUST2061,CT,Northeast,Retail,37,495.06,0.0,193.05
RD007,Jumbo Rubber Duck,Large,Pink,Standard,10.68,2025-12-24,ORD104173,CUST7018,VT,Northeast,Marketplace,32,307.58,34.18,148.48
RD007,Jumbo Rubber Duck,Large,Blue,Mini,11.85,2023-07-05,ORD104174,CUST9126,UT,West,Retail,7,78.8,4.15,32.85
RD008,Holiday Rubber Duck,Seasonal,Yellow,Mini,20.4,2024-09-20,ORD104175,CUST4865,NY,Mid-Atlantic,Wholesale,45,872.1,45.9,379.01
RD006,Mini Rubber Duck,Mini,Purple,Mini,7.61,2023-04-25,ORD104176,CUST5734,AK,West,Wholesale,12,82.19,9.13,25.27
RD006,Mini Rubber Duck,Mini,Pink,Mini,23.25,2025-08-10,ORD104177,CUST6454,MI,Midwest,Online,50,988.12,174.38,176.17
RD005,Glow Rubber Duck,Specialty,Blue,Mini,14.79,2023-04-23,ORD104178,CUST2632,WA,West,Marketplace,27,379.36,19.97,186.3
RD005,Glow Rubber Duck,Specialty,Purple,Standard,15.01,2023-01-06,ORD104179,CUST7354,NH,Northeast,Retail,5,75.05,0.0,23.22
RD005,Glow Rubber Duck,Specialty,Blue,Mini,8.35,2025-02-07,ORD104180,CUST7007,SC,South,Marketplace,44,312.29,55.11,146.77
RD005,Glow Rubber Duck,Specialty,Pink,Mini,12.46,2023-12-17,ORD104181,CUST2550,CT,Northeast,Wholesale,12,127.09,22.43,58.4
RD002,Pirate Rubber Duck,Themed,Green,Mini,17.43,2023-07-15,ORD104182,CUST4243,AR,South,Marketplace,47,778.25,40.96,215.64
RD006,Mini Rubber Duck,Mini,Green,Mini,19.32,2023-12-14,ORD104183,CUST3321,VT,Northeast,Retail,43,747.68,83.08,262.52
RD006,Mini Rubber Duck,Mini,Purple,Standard,13.87,2024-10-16,ORD104184,CUST4885,AR,South,Online,11,137.31,15.26,67.3
RD007,Jumbo Rubber Duck,Large,Purple,Large,24.85,2025-01-18,ORD104185,CUST3215,ME,Northeast,Marketplace,40,994.0,0.0,545.64
RD006,Mini Rubber Duck,Mini,Green,Large,9.62,2025-02-05,ORD104186,CUST4694,NJ,Mid-Atlantic,Retail,33,269.84,47.62,124.14
RD006,Mini Rubber Duck,Mini,Orange,Mini,12.43,2023-05-10,ORD104187,CUST5270,FL,South,Retail,33,369.17,41.02,124.07
RD008,Holiday Rubber Duck,Seasonal,Purple,Standard,20.58,2024-12-08,ORD104188,CUST9000,TN,South,Retail,38,782.04,0.0,421.56
RD004,Superhero Rubber Duck,Themed,Yellow,Large,13.67,2025-03-06,ORD104189,CUST5733,CA,West,Online,48,623.35,32.81,261.47
RD005,Glow Rubber Duck,Specialty,Yellow,Standard,22.56,2024-10-06,ORD104190,CUST7756,MS,South,Marketplace,24,541.44,0.0,283.91
RD006,Mini Rubber Duck,Mini,Orange,Standard,16.49,2024-10-23,ORD104191,CUST9140,TN,South,Retail,40,659.6,0.0,256.33
RD003,Princess Rubber Duck,Themed,Green,Mini,10.07,2023-05-06,ORD104192,CUST2049,NJ,Mid-Atlantic,Online,3,27.19,3.02,11.78
RD001,Classic Rubber Duck,Classic,Pink,Large,13.85,2024-05-10,ORD104193,CUST2286,SD,Midwest,Online,7,92.1,4.85,39.22
RD005,Glow Rubber Duck,Specialty,Blue,Mini,24.48,2023-10-23,ORD104194,CUST7736,NY,Mid-Atlantic,Online,10,208.08,36.72,91.26
RD005,Glow Rubber Duck,Specialty,Blue,Mini,20.19,2024-09-02,ORD104195,CUST5280,CT,Northeast,Retail,41,745.01,82.78,180.07
RD003,Princess Rubber Duck,Themed,Yellow,Mini,4.46,2023-04-25,ORD104196,CUST2581,SC,South,Retail,15,63.55,3.35,20.5
RD003,Princess Rubber Duck,Themed,Pink,Mini,23.69,2024-04-27,ORD104197,CUST9000,ND,Midwest,Online,11,247.56,13.03,113.05
RD004,Superhero Rubber Duck,Themed,Purple,Standard,19.93,2023-08-27,ORD104198,CUST7731,SC,South,Retail,39,699.54,77.73,160.66
RD005,Glow Rubber Duck,Specialty,Green,Large,12.56,2025-07-19,ORD104199,CUST6945,AZ,West,Retail,32,341.63,60.29,132.04
RD007,Jumbo Rubber Duck,Large,Orange,Mini,4.06,2023-03-23,ORD104200,CUST7424,VT,Northeast,Retail,13,52.78,0.0,20.56
RD004,Superhero Rubber Duck,Themed,Green,Standard,6.7,2024-11-15,ORD104201,CUST3684,OH,Midwest,Marketplace,13,87.1,0.0,32.2
RD002,Pirate Rubber Duck,Themed,Pink,Standard,23.57,2023-10-26,ORD104202,CUST9932,KS,Midwest,Marketplace,50,1119.57,58.93,462.76
RD008,Holiday Rubber Duck,Seasonal,Orange,Mini,15.41,2024-02-02,ORD104203,CUST2049,IL,Midwest,Wholesale,48,702.7,36.98,242.03
RD007,Jumbo Rubber Duck,Large,Blue,Large,7.35,2024-04-01,ORD104204,CUST2355,MD,Mid-Atlantic,Retail,12,83.79,4.41,23.24
RD006,Mini Rubber Duck,Mini,Purple,Mini,7.42,2025-09-20,ORD104205,CUST5772,DC,Mid-Atlantic,Online,22,163.24,0.0,74.08
RD002,Pirate Rubber Duck,Themed,Orange,Mini,5.55,2024-01-15,ORD104206,CUST5122,GA,South,Wholesale,20,99.9,11.1,24.3
RD007,Jumbo Rubber Duck,Large,Purple,Large,4.54,2024-04-09,ORD104207,CUST6709,NE,Midwest,Online,43,185.46,9.76,69.53
RD005,Glow Rubber Duck,Specialty,Pink,Mini,18.57,2025-07-29,ORD104208,CUST6773,IN,Midwest,Retail,40,705.66,37.14,334.89
RD006,Mini Rubber Duck,Mini,Orange,Large,19.27,2025-07-04,ORD104209,CUST6983,HI,West,Online,15,274.6,14.45,92.81
RD001,Classic Rubber Duck,Classic,Pink,Large,20.0,2025-09-14,ORD104210,CUST6661,SC,South,Online,38,684.0,76.0,277.35
RD003,Princess Rubber Duck,Themed,Yellow,Mini,23.08,2024-01-27,ORD104211,CUST8897,OK,South,Online,9,197.33,10.39,94.41
RD007,Jumbo Rubber Duck,Large,Pink,Standard,13.14,2025-07-23,ORD104212,CUST6735,RI,Northeast,Retail,20,236.52,26.28,92.39
RD002,Pirate Rubber Duck,Themed,Orange,Large,9.23,2023-03-26,ORD104213,CUST7242,TN,South,Retail,24,188.29,33.23,40.46
RD003,Princess Rubber Duck,Themed,Purple,Large,4.0,2025-01-25,ORD104214,CUST5328,NE,Midwest,Online,12,43.2,4.8,11.77
RD002,Pirate Rubber Duck,Themed,Blue,Standard,11.45,2023-05-27,ORD104215,CUST7687,VT,Northeast,Marketplace,27,293.69,15.46,104.08
RD007,Jumbo Rubber Duck,Large,Orange,Standard,20.49,2024-10-03,ORD104216,CUST5951,CA,West,Marketplace,37,682.32,75.81,161.17
RD001,Classic Rubber Duck,Classic,Blue,Large,12.9,2024-10-27,ORD104217,CUST3553,NJ,Mid-Atlantic,Online,18,220.59,11.61,67.26
RD007,Jumbo Rubber Duck,Large,Purple,Mini,21.85,2025-04-15,ORD104218,CUST5832,GA,South,Retail,47,975.6,51.35,477.47
RD005,Glow Rubber Duck,Specialty,Blue,Large,17.97,2024-12-08,ORD104219,CUST5366,CT,Northeast,Retail,50,853.57,44.93,341.77
RD002,Pirate Rubber Duck,Themed,Orange,Large,5.35,2023-03-03,ORD104220,CUST6982,RI,Northeast,Retail,44,200.09,35.31,62.76
RD002,Pirate Rubber Duck,Themed,Pink,Standard,24.81,2025-06-28,ORD104221,CUST9995,NJ,Mid-Atlantic,Marketplace,11,231.97,40.94,90.35
RD001,Classic Rubber Duck,Classic,Orange,Standard,17.65,2023-12-01,ORD104222,CUST4813,MO,Midwest,Online,43,645.11,113.84,248.47
RD008,Holiday Rubber Duck,Seasonal,Yellow,Mini,15.0,2023-03-17,ORD104223,CUST5822,MA,Northeast,Wholesale,48,720.0,0.0,264.29
RD001,Classic Rubber Duck,Classic,Green,Standard,16.72,2025-11-08,ORD104224,CUST1323,AL,South,Online,20,317.68,16.72,158.44
RD005,Glow Rubber Duck,Specialty,Purple,Mini,5.45,2024-01-29,ORD104225,CUST5807,KY,South,Retail,4,21.8,0.0,9.6
RD001,Classic Rubber Duck,Classic,Yellow,Mini,16.61,2024-06-26,ORD104226,CUST2202,KY,South,Online,2,28.24,4.98,10.89
RD008,Holiday Rubber Duck,Seasonal,Pink,Mini,21.79,2024-12-13,ORD104227,CUST4555,CT,Northeast,Online,44,910.82,47.94,461.39
RD006,Mini Rubber Duck,Mini,Green,Standard,13.56,2023-02-01,ORD104228,CUST6860,MT,West,Online,21,284.76,0.0,129.06
RD005,Glow Rubber Duck,Specialty,Orange,Standard,14.96,2023-02-13,ORD104229,CUST2973,VT,Northeast,Wholesale,23,344.08,0.0,160.67
RD003,Princess Rubber Duck,Themed,Orange,Standard,5.08,2024-04-16,ORD104230,CUST2881,MO,Midwest,Online,10,50.8,0.0,23.59
RD006,Mini Rubber Duck,Mini,Yellow,Standard,5.65,2025-08-22,ORD104231,CUST4404,ME,Northeast,Wholesale,46,220.91,38.99,92.64
RD004,Superhero Rubber Duck,Themed,Purple,Standard,4.74,2023-01-22,ORD104232,CUST9174,WV,South,Retail,7,28.2,4.98,5.28
RD006,Mini Rubber Duck,Mini,Yellow,Mini,6.54,2025-10-19,ORD104233,CUST3385,SC,South,Online,45,294.3,0.0,125.31
RD008,Holiday Rubber Duck,Seasonal,Pink,Mini,19.4,2023-12-29,ORD104234,CUST9991,PA,Mid-Atlantic,Marketplace,35,611.1,67.9,251.08
RD001,Classic Rubber Duck,Classic,Blue,Standard,18.15,2024-04-16,ORD104235,CUST1638,CO,West,Online,9,147.01,16.34,42.23
RD001,Classic Rubber Duck,Classic,Purple,Standard,17.74,2023-07-21,ORD104236,CUST1965,AK,West,Online,37,623.56,32.82,199.84
RD002,Pirate Rubber Duck,Themed,Purple,Large,22.08,2023-10-05,ORD104237,CUST4026,DC,Mid-Atlantic,Marketplace,29,640.32,0.0,193.07
RD005,Glow Rubber Duck,Specialty,Purple,Mini,18.9,2024-06-26,ORD104238,CUST5880,VT,Northeast,Wholesale,17,305.24,16.06,96.35
RD001,Classic Rubber Duck,Classic,Purple,Standard,12.94,2025-12-26,ORD104239,CUST7450,DE,Mid-Atlantic,Marketplace,42,516.31,27.17,206.63
RD005,Glow Rubber Duck,Specialty,Orange,Large,22.44,2023-12-17,ORD104240,CUST3222,OR,West,Marketplace,3,60.59,6.73,29.12
RD003,Princess Rubber Duck,Themed,Blue,Large,4.39,2025-11-24,ORD104241,CUST7314,SC,South,Marketplace,28,104.48,18.44,34.7
RD008,Holiday Rubber Duck,Seasonal,Orange,Large,4.23,2023-04-21,ORD104242,CUST4655,OR,West,Wholesale,1,4.02,0.21,1.85
RD002,Pirate Rubber Duck,Themed,Yellow,Large,19.58,2024-01-01,ORD104243,CUST3953,NJ,Mid-Atlantic,Retail,7,123.35,13.71,46.1
RD007,Jumbo Rubber Duck,Large,Blue,Large,21.39,2025-07-02,ORD104244,CUST6331,MI,Midwest,Online,25,508.01,26.74,265.21
RD003,Princess Rubber Duck,Themed,Orange,Standard,21.69,2025-05-07,ORD104245,CUST2808,NE,Midwest,Online,26,563.94,0.0,185.87
RD001,Classic Rubber Duck,Classic,Purple,Large,4.02,2024-01-05,ORD104246,CUST8823,AZ,West,Marketplace,16,64.32,0.0,23.44
RD008,Holiday Rubber Duck,Seasonal,Blue,Large,4.42,2024-02-28,ORD104247,CUST6676,DE,Mid-Atlantic,Online,34,127.74,22.54,51.53
RD007,Jumbo Rubber Duck,Large,Pink,Mini,12.48,2024-11-28,ORD104248,CUST9620,KS,Midwest,Online,32,339.46,59.9,158.89
RD001,Classic Rubber Duck,Classic,Green,Large,23.34,2023-03-30,ORD104249,CUST4060,TX,South,Wholesale,44,1026.96,0.0,424.03
RD001,Classic Rubber Duck,Classic,Green,Standard,14.6,2025-01-29,ORD104250,CUST6105,HI,West,Online,3,39.42,4.38,8.94
RD005,Glow Rubber Duck,Specialty,Yellow,Large,9.48,2025-01-31,ORD104251,CUST3950,NH,Northeast,Online,27,255.96,0.0,115.67
RD008,Holiday Rubber Duck,Seasonal,Orange,Large,16.2,2024-09-27,ORD104252,CUST4448,MI,Midwest,Marketplace,49,793.8,0.0,289.34
RD008,Holiday Rubber Duck,Seasonal,Green,Standard,16.8,2023-07-11,ORD104253,CUST5572,AZ,West,Online,16,255.36,13.44,78.11
RD002,Pirate Rubber Duck,Themed,Pink,Mini,13.21,2023-03-25,ORD104254,CUST9088,IA,Midwest,Wholesale,24,317.04,0.0,97.57
RD004,Superhero Rubber Duck,Themed,Yellow,Large,21.18,2024-10-21,ORD104255,CUST9820,VT,Northeast,Retail,23,462.78,24.36,134.8
RD007,Jumbo Rubber Duck,Large,Orange,Standard,23.87,2024-08-19,ORD104256,CUST8243,NH,Northeast,Wholesale,4,90.71,4.77,37.61
RD007,Jumbo Rubber Duck,Large,Blue,Standard,21.91,2024-10-08,ORD104257,CUST9090,MN,Midwest,Wholesale,50,985.95,109.55,234.85
RD004,Superhero Rubber Duck,Themed,Orange,Mini,14.42,2025-07-27,ORD104258,CUST1422,WA,West,Retail,34,490.28,0.0,248.72
RD008,Holiday Rubber Duck,Seasonal,Yellow,Large,21.97,2023-10-21,ORD104259,CUST3494,OR,West,Retail,8,175.76,0.0,85.72
RD005,Glow Rubber Duck,Specialty,Green,Large,4.19,2024-12-12,ORD104260,CUST9523,MA,Northeast,Wholesale,44,184.36,0.0,74.81
RD002,Pirate Rubber Duck,Themed,Pink,Standard,5.76,2024-06-17,ORD104261,CUST1786,IA,Midwest,Wholesale,2,9.79,1.73,2.07
RD004,Superhero Rubber Duck,Themed,Purple,Mini,19.63,2025-06-08,ORD104262,CUST3050,AZ,West,Retail,46,767.53,135.45,199.21
RD008,Holiday Rubber Duck,Seasonal,Blue,Large,13.05,2023-03-19,ORD104263,CUST7251,IN,Midwest,Online,2,23.49,2.61,9.99
RD003,Princess Rubber Duck,Themed,Yellow,Large,10.34,2023-10-19,ORD104264,CUST9690,NM,West,Wholesale,27,251.26,27.92,75.3
RD007,Jumbo Rubber Duck,Large,Pink,Standard,20.96,2025-07-10,ORD104265,CUST4116,MT,West,Online,17,338.5,17.82,102.45
RD001,Classic Rubber Duck,Classic,Pink,Standard,15.35,2024-09-14,ORD104266,CUST4667,NJ,Mid-Atlantic,Retail,36,469.71,82.89,164.31
RD008,Holiday Rubber Duck,Seasonal,Orange,Standard,20.18,2023-05-07,ORD104267,CUST8182,DE,Mid-Atlantic,Wholesale,42,847.56,0.0,334.68
RD004,Superhero Rubber Duck,Themed,Purple,Standard,10.42,2024-03-22,ORD104268,CUST3944,SD,Midwest,Online,26,257.37,13.55,128.37
RD001,Classic Rubber Duck,Classic,Blue,Mini,23.57,2024-12-01,ORD104269,CUST5839,PA,Mid-Atlantic,Marketplace,11,220.38,38.89,68.89
RD002,Pirate Rubber Duck,Themed,Green,Standard,20.57,2025-05-23,ORD104270,CUST1074,WV,South,Marketplace,11,226.27,0.0,81.71
RD001,Classic Rubber Duck,Classic,Orange,Large,11.93,2025-07-01,ORD104271,CUST3622,ME,Northeast,Wholesale,28,300.64,33.4,108.09
RD003,Princess Rubber Duck,Themed,Orange,Standard,12.84,2024-03-23,ORD104272,CUST5104,TX,South,Online,36,439.13,23.11,143.82
RD005,Glow Rubber Duck,Specialty,Blue,Large,11.06,2025-03-28,ORD104273,CUST4252,AR,South,Wholesale,45,472.81,24.89,139.19
RD007,Jumbo Rubber Duck,Large,Orange,Large,19.86,2024-08-25,ORD104274,CUST7411,SD,Midwest,Online,34,675.24,0.0,202.75
RD003,Princess Rubber Duck,Themed,Yellow,Standard,12.48,2024-04-01,ORD104275,CUST4299,AK,West,Online,22,260.83,13.73,124.7
RD008,Holiday Rubber Duck,Seasonal,Purple,Standard,22.72,2025-12-15,ORD104276,CUST9460,MA,Northeast,Marketplace,7,159.04,0.0,55.83
RD001,Classic Rubber Duck,Classic,Pink,Standard,5.29,2024-05-03,ORD104277,CUST2154,VT,Northeast,Retail,46,231.17,12.17,66.18
RD003,Princess Rubber Duck,Themed,Blue,Mini,19.61,2025-11-06,ORD104278,CUST9129,NM,West,Online,23,405.93,45.1,118.0
RD005,Glow Rubber Duck,Specialty,Blue,Large,10.45,2024-09-23,ORD104279,CUST3177,KS,Midwest,Online,23,240.35,0.0,104.68
RD004,Superhero Rubber Duck,Themed,Green,Standard,21.34,2025-05-26,ORD104280,CUST6454,UT,West,Wholesale,4,85.36,0.0,37.49
RD001,Classic Rubber Duck,Classic,Purple,Mini,7.98,2025-02-24,ORD104281,CUST4603,VT,Northeast,Marketplace,48,344.74,38.3,126.01
RD008,Holiday Rubber Duck,Seasonal,Green,Standard,24.94,2024-06-02,ORD104282,CUST2385,NJ,Mid-Atlantic,Wholesale,5,112.23,12.47,50.48
RD002,Pirate Rubber Duck,Themed,Purple,Standard,8.69,2023-05-12,ORD104283,CUST9328,KS,Midwest,Retail,40,312.84,34.76,118.47
RD005,Glow Rubber Duck,Specialty,Purple,Standard,10.33,2023-11-28,ORD104284,CUST6925,DE,Mid-Atlantic,Marketplace,22,227.26,0.0,99.79
RD008,Holiday Rubber Duck,Seasonal,Yellow,Mini,20.0,2025-03-11,ORD104285,CUST9070,NY,Mid-Atlantic,Wholesale,5,90.0,10.0,23.24
RD002,Pirate Rubber Duck,Themed,Pink,Standard,10.43,2023-11-14,ORD104286,CUST9368,CO,West,Retail,47,490.21,0.0,262.09
RD006,Mini Rubber Duck,Mini,Green,Standard,23.33,2025-08-28,ORD104287,CUST7265,NM,West,Wholesale,9,178.47,31.5,56.67
RD005,Glow Rubber Duck,Specialty,Blue,Standard,8.7,2023-08-23,ORD104288,CUST5465,NH,Northeast,Online,31,269.7,0.0,129.25
RD003,Princess Rubber Duck,Themed,Pink,Mini,20.41,2025-06-02,ORD104289,CUST4649,NM,West,Marketplace,27,495.96,55.11,138.09
RD008,Holiday Rubber Duck,Seasonal,Yellow,Mini,7.74,2024-06-13,ORD104290,CUST5996,AL,South,Retail,24,167.18,18.58,67.75
RD008,Holiday Rubber Duck,Seasonal,Blue,Large,11.51,2023-12-14,ORD104291,CUST1804,KY,South,Wholesale,16,156.54,27.62,43.43
RD008,Holiday Rubber Duck,Seasonal,Orange,Large,9.39,2025-01-03,ORD104292,CUST4291,VT,Northeast,Online,17,135.69,23.94,29.31
RD002,Pirate Rubber Duck,Themed,Pink,Mini,17.75,2023-05-08,ORD104293,CUST9379,AK,West,Wholesale,25,421.56,22.19,129.26
RD003,Princess Rubber Duck,Themed,Blue,Mini,5.31,2024-06-29,ORD104294,CUST3153,ID,West,Marketplace,23,116.02,6.11,52.77
RD004,Superhero Rubber Duck,Themed,Orange,Mini,10.52,2024-06-15,ORD104295,CUST5940,UT,West,Marketplace,12,113.62,12.62,54.9
RD007,Jumbo Rubber Duck,Large,Green,Mini,24.1,2025-07-13,ORD104296,CUST5176,AK,West,Retail,41,988.1,0.0,410.24
RD008,Holiday Rubber Duck,Seasonal,Orange,Standard,13.21,2025-07-01,ORD104297,CUST4170,PA,Mid-Atlantic,Marketplace,30,396.3,0.0,206.92
RD002,Pirate Rubber Duck,Themed,Blue,Standard,6.56,2025-09-28,ORD104298,CUST8761,AL,South,Online,26,162.03,8.53,82.51
RD004,Superhero Rubber Duck,Themed,Yellow,Large,14.39,2024-03-17,ORD104299,CUST2922,AK,West,Marketplace,5,64.75,7.2,32.01
RD007,Jumbo Rubber Duck,Large,Orange,Large,6.52,2025-03-24,ORD104300,CUST9938,KS,Midwest,Marketplace,11,64.55,7.17,18.89
RD008,Holiday Rubber Duck,Seasonal,Orange,Large,23.64,2025-08-09,ORD104301,CUST3971,IN,Midwest,Retail,5,112.29,5.91,53.78
RD005,Glow Rubber Duck,Specialty,Yellow,Standard,17.69,2025-07-22,ORD104302,CUST8260,IA,Midwest,Online,36,541.31,95.53,184.69
RD005,Glow Rubber Duck,Specialty,Purple,Mini,15.98,2025-01-28,ORD104303,CUST4150,NM,West,Wholesale,30,455.43,23.97,199.67
RD003,Princess Rubber Duck,Themed,Blue,Standard,5.15,2023-05-24,ORD104304,CUST4918,MT,West,Wholesale,2,9.78,0.52,4.39
RD006,Mini Rubber Duck,Mini,Pink,Large,24.9,2024-12-09,ORD104305,CUST4042,NC,South,Retail,31,771.9,0.0,238.5
RD002,Pirate Rubber Duck,Themed,Green,Mini,21.35,2023-01-04,ORD104306,CUST8123,OR,West,Marketplace,22,469.7,0.0,206.13
RD008,Holiday Rubber Duck,Seasonal,Pink,Standard,16.71,2025-03-12,ORD104307,CUST4994,NE,Midwest,Retail,8,127.0,6.68,63.6
RD004,Superhero Rubber Duck,Themed,Blue,Mini,7.38,2025-01-08,ORD104308,CUST3864,WI,Midwest,Online,21,154.98,0.0,52.1
RD001,Classic Rubber Duck,Classic,Pink,Large,11.07,2023-05-22,ORD104309,CUST6868,NH,Northeast,Marketplace,20,188.19,33.21,63.59
RD008,Holiday Rubber Duck,Seasonal,Purple,Large,5.99,2025-12-27,ORD104310,CUST3063,NH,Northeast,Wholesale,31,185.69,0.0,85.4
RD004,Superhero Rubber Duck,Themed,Green,Mini,5.4,2025-01-29,ORD104311,CUST7488,NY,Mid-Atlantic,Marketplace,18,92.34,4.86,40.59
RD004,Superhero Rubber Duck,Themed,Purple,Standard,13.1,2024-09-30,ORD104312,CUST9319,ND,Midwest,Online,27,318.33,35.37,72.25
RD001,Classic Rubber Duck,Classic,Purple,Mini,19.77,2023-10-13,ORD104313,CUST7176,IL,Midwest,Online,27,453.72,80.07,111.91
RD005,Glow Rubber Duck,Specialty,Orange,Mini,10.18,2023-07-03,ORD104314,CUST5363,MD,Mid-Atlantic,Marketplace,40,386.84,20.36,126.6
RD005,Glow Rubber Duck,Specialty,Orange,Mini,19.98,2025-09-16,ORD104315,CUST1979,DC,Mid-Atlantic,Retail,41,737.26,81.92,358.36
RD008,Holiday Rubber Duck,Seasonal,Blue,Large,5.97,2025-10-31,ORD104316,CUST1670,NY,Mid-Atlantic,Online,2,11.34,0.6,4.44
RD006,Mini Rubber Duck,Mini,Green,Standard,23.95,2024-09-02,ORD104317,CUST2288,CT,Northeast,Marketplace,44,948.42,105.38,310.43
RD001,Classic Rubber Duck,Classic,Yellow,Standard,4.71,2023-03-05,ORD104318,CUST5425,ND,Midwest,Marketplace,16,75.36,0.0,35.6
RD001,Classic Rubber Duck,Classic,Green,Mini,20.13,2024-05-07,ORD104319,CUST6860,CT,Northeast,Marketplace,8,144.94,16.1,63.97
RD005,Glow Rubber Duck,Specialty,Pink,Large,6.14,2024-12-05,ORD104320,CUST6445,NJ,Mid-Atlantic,Retail,7,42.98,0.0,13.86
RD002,Pirate Rubber Duck,Themed,Orange,Mini,19.43,2023-04-07,ORD104321,CUST4849,SD,Midwest,Marketplace,7,115.61,20.4,25.76
RD005,Glow Rubber Duck,Specialty,Orange,Standard,17.5,2025-01-24,ORD104322,CUST9880,MA,Northeast,Retail,21,349.12,18.38,182.08
RD007,Jumbo Rubber Duck,Large,Yellow,Mini,24.78,2023-01-28,ORD104323,CUST6575,RI,Northeast,Retail,5,105.31,18.59,24.02
RD007,Jumbo Rubber Duck,Large,Purple,Standard,12.08,2024-02-05,ORD104324,CUST9075,RI,Northeast,Retail,14,152.21,16.91,60.72
RD003,Princess Rubber Duck,Themed,Blue,Standard,21.85,2025-01-31,ORD104325,CUST4300,ME,Northeast,Online,27,589.95,0.0,184.96
RD006,Mini Rubber Duck,Mini,Purple,Large,20.67,2024-09-23,ORD104326,CUST9958,NJ,Mid-Atlantic,Online,23,404.1,71.31,101.62
RD005,Glow Rubber Duck,Specialty,Pink,Standard,4.9,2024-11-07,ORD104327,CUST2593,ID,West,Marketplace,27,119.07,13.23,41.3
RD004,Superhero Rubber Duck,Themed,Yellow,Mini,9.93,2024-08-15,ORD104328,CUST4356,DC,Mid-Atlantic,Wholesale,22,185.69,32.77,46.05
RD004,Superhero Rubber Duck,Themed,Green,Standard,17.15,2025-03-30,ORD104329,CUST1435,OR,West,Wholesale,16,274.4,0.0,103.34
RD003,Princess Rubber Duck,Themed,Pink,Large,23.18,2023-03-29,ORD104330,CUST4098,RI,Northeast,Wholesale,22,433.47,76.49,136.34
RD003,Princess Rubber Duck,Themed,Green,Large,4.68,2024-10-26,ORD104331,CUST4275,CA,West,Online,33,146.72,7.72,64.61
RD004,Superhero Rubber Duck,Themed,Yellow,Standard,8.49,2023-11-11,ORD104332,CUST7709,OH,Midwest,Wholesale,31,250.03,13.16,82.15
RD006,Mini Rubber Duck,Mini,Blue,Standard,5.28,2023-06-09,ORD104333,CUST1367,DC,Mid-Atlantic,Wholesale,17,76.3,13.46,14.65
RD002,Pirate Rubber Duck,Themed,Purple,Large,10.7,2024-05-12,ORD104334,CUST7328,VA,South,Online,48,513.6,0.0,211.4
RD008,Holiday Rubber Duck,Seasonal,Purple,Large,4.77,2023-08-12,ORD104335,CUST3214,ME,Northeast,Retail,18,77.27,8.59,32.1
RD005,Glow Rubber Duck,Specialty,Pink,Standard,4.17,2023-12-05,ORD104336,CUST5079,OR,West,Marketplace,47,176.39,19.6,54.96
RD003,Princess Rubber Duck,Themed,Purple,Large,11.57,2023-11-15,ORD104337,CUST9881,TX,South,Marketplace,6,62.48,6.94,26.57
RD001,Classic Rubber Duck,Classic,Orange,Standard,16.85,2023-10-26,ORD104338,CUST2767,ME,Northeast,Marketplace,43,688.32,36.23,340.33
RD007,Jumbo Rubber Duck,Large,Orange,Standard,6.01,2023-03-19,ORD104339,CUST6616,ME,Northeast,Retail,20,114.19,6.01,55.37
RD007,Jumbo Rubber Duck,Large,Yellow,Mini,6.58,2023-05-04,ORD104340,CUST2053,NH,Northeast,Retail,27,159.89,17.77,57.01
RD004,Superhero Rubber Duck,Themed,Pink,Standard,4.47,2025-02-20,ORD104341,CUST7392,DC,Mid-Atlantic,Marketplace,27,102.59,18.1,30.79
RD004,Superhero Rubber Duck,Themed,Yellow,Standard,15.51,2024-09-21,ORD104342,CUST4946,NJ,Mid-Atlantic,Wholesale,42,618.85,32.57,262.49
RD005,Glow Rubber Duck,Specialty,Purple,Large,7.67,2024-06-24,ORD104343,CUST1913,IN,Midwest,Wholesale,33,253.11,0.0,91.75
RD004,Superhero Rubber Duck,Themed,Yellow,Large,24.9,2025-01-22,ORD104344,CUST5429,NM,West,Retail,47,1170.3,0.0,543.39
RD002,Pirate Rubber Duck,Themed,Blue,Mini,8.85,2025-10-04,ORD104345,CUST1430,ND,Midwest,Marketplace,10,79.65,8.85,18.75
RD003,Princess Rubber Duck,Themed,Orange,Mini,24.01,2025-02-02,ORD104346,CUST6731,WI,Midwest,Marketplace,8,192.08,0.0,65.66
RD002,Pirate Rubber Duck,Themed,Blue,Large,11.05,2025-01-23,ORD104347,CUST7949,FL,South,Wholesale,36,358.02,39.78,120.04
RD004,Superhero Rubber Duck,Themed,Blue,Standard,6.88,2024-09-17,ORD104348,CUST9593,NC,South,Marketplace,31,202.62,10.66,99.81
RD003,Princess Rubber Duck,Themed,Purple,Standard,5.24,2023-06-05,ORD104349,CUST3823,MT,West,Marketplace,11,57.64,0.0,18.86
RD006,Mini Rubber Duck,Mini,Purple,Standard,17.6,2024-10-01,ORD104350,CUST9038,CT,Northeast,Online,47,744.48,82.72,342.13
RD004,Superhero Rubber Duck,Themed,Blue,Mini,11.61,2025-02-02,ORD104351,CUST4582,VT,Northeast,Online,49,483.56,85.33,208.05
RD003,Princess Rubber Duck,Themed,Yellow,Standard,5.36,2024-03-07,ORD104352,CUST7951,TX,South,Wholesale,2,10.72,0.0,5.59
RD005,Glow Rubber Duck,Specialty,Pink,Standard,9.91,2023-02-26,ORD104353,CUST3262,NY,Mid-Atlantic,Retail,30,252.71,44.59,81.6
RD008,Holiday Rubber Duck,Seasonal,Orange,Standard,23.78,2024-09-18,ORD104354,CUST7545,OH,Midwest,Marketplace,9,181.92,32.1,82.77
RD008,Holiday Rubber Duck,Seasonal,Yellow,Mini,12.45,2024-09-18,ORD104355,CUST4468,PA,Mid-Atlantic,Wholesale,38,402.14,70.96,112.61
RD001,Classic Rubber Duck,Classic,Purple,Standard,13.11,2025-07-04,ORD104356,CUST4112,KS,Midwest,Retail,19,211.73,37.36,71.51
RD007,Jumbo Rubber Duck,Large,Green,Standard,23.85,2024-08-01,ORD104357,CUST1781,CA,West,Wholesale,29,691.65,0.0,222.93
RD003,Princess Rubber Duck,Themed,Purple,Standard,5.99,2023-01-17,ORD104358,CUST3332,NY,Mid-Atlantic,Retail,10,50.91,8.99,11.76
RD006,Mini Rubber Duck,Mini,Pink,Mini,8.68,2023-06-25,ORD104359,CUST4476,AK,West,Online,42,346.33,18.23,163.12
RD007,Jumbo Rubber Duck,Large,Green,Large,24.67,2024-09-21,ORD104360,CUST8971,MA,Northeast,Online,48,1006.54,177.62,382.66
RD008,Holiday Rubber Duck,Seasonal,Yellow,Standard,16.67,2023-08-14,ORD104361,CUST9095,ME,Northeast,Marketplace,34,510.1,56.68,127.88
RD003,Princess Rubber Duck,Themed,Orange,Standard,5.25,2025-01-25,ORD104362,CUST1171,MD,Mid-Atlantic,Retail,13,58.01,10.24,25.29
RD007,Jumbo Rubber Duck,Large,Orange,Large,8.4,2025-11-09,ORD104363,CUST5679,NC,South,Marketplace,12,90.72,10.08,36.82
RD004,Superhero Rubber Duck,Themed,Orange,Large,21.05,2023-02-22,ORD104364,CUST1377,MI,Midwest,Wholesale,30,536.78,94.72,197.92
RD008,Holiday Rubber Duck,Seasonal,Yellow,Mini,22.66,2024-07-25,ORD104365,CUST3558,ME,Northeast,Marketplace,32,652.61,72.51,211.71
RD005,Glow Rubber Duck,Specialty,Orange,Mini,9.36,2025-06-23,ORD104366,CUST7652,WY,West,Marketplace,18,151.63,16.85,36.34
RD007,Jumbo Rubber Duck,Large,Yellow,Mini,10.49,2025-07-28,ORD104367,CUST9823,VT,Northeast,Online,49,436.91,77.1,104.63
RD007,Jumbo Rubber Duck,Large,Green,Standard,7.53,2024-08-28,ORD104368,CUST5722,RI,Northeast,Marketplace,32,204.82,36.14,57.56
RD008,Holiday Rubber Duck,Seasonal,Purple,Mini,10.12,2024-04-26,ORD104369,CUST2676,AK,West,Online,45,432.63,22.77,175.01
RD006,Mini Rubber Duck,Mini,Pink,Large,10.86,2024-11-17,ORD104370,CUST6765,MO,Midwest,Wholesale,19,206.34,0.0,71.21
RD008,Holiday Rubber Duck,Seasonal,Green,Standard,17.36,2023-05-05,ORD104371,CUST1905,ID,West,Wholesale,2,29.51,5.21,8.67
RD006,Mini Rubber Duck,Mini,Pink,Mini,4.55,2023-08-01,ORD104372,CUST3479,SC,South,Marketplace,2,9.1,0.0,3.9
RD003,Princess Rubber Duck,Themed,Green,Standard,7.67,2025-01-01,ORD104373,CUST3083,KY,South,Wholesale,41,298.75,15.72,112.06
RD001,Classic Rubber Duck,Classic,Green,Standard,11.17,2023-08-03,ORD104374,CUST5730,FL,South,Wholesale,42,445.68,23.46,196.27
RD007,Jumbo Rubber Duck,Large,Blue,Standard,23.38,2024-07-06,ORD104375,CUST6043,NC,South,Retail,26,547.09,60.79,134.87
RD003,Princess Rubber Duck,Themed,Pink,Large,7.87,2025-05-06,ORD104376,CUST7648,NY,Mid-Atlantic,Online,4,28.33,3.15,13.59
RD008,Holiday Rubber Duck,Seasonal,Purple,Standard,11.14,2023-08-07,ORD104377,CUST9413,DE,Mid-Atlantic,Marketplace,46,512.44,0.0,159.63
RD007,Jumbo Rubber Duck,Large,Yellow,Large,12.63,2023-03-10,ORD104378,CUST4909,RI,Northeast,Retail,15,161.03,28.42,67.71
RD002,Pirate Rubber Duck,Themed,Pink,Large,12.17,2023-05-02,ORD104379,CUST1017,UT,West,Marketplace,40,462.46,24.34,147.35
RD006,Mini Rubber Duck,Mini,Orange,Large,22.76,2024-11-18,ORD104380,CUST5152,MA,Northeast,Wholesale,25,569.0,0.0,217.21
RD006,Mini Rubber Duck,Mini,Yellow,Large,12.33,2023-02-25,ORD104381,CUST3795,NJ,Mid-Atlantic,Online,38,421.69,46.85,202.39
RD007,Jumbo Rubber Duck,Large,Blue,Mini,19.67,2025-04-23,ORD104382,CUST4055,IA,Midwest,Online,20,393.4,0.0,123.17
RD006,Mini Rubber Duck,Mini,Green,Large,24.22,2025-02-09,ORD104383,CUST3929,CT,Northeast,Marketplace,30,653.94,72.66,304.33
RD001,Classic Rubber Duck,Classic,Pink,Mini,13.03,2024-03-09,ORD104384,CUST3940,TN,South,Online,15,195.45,0.0,61.11
RD008,Holiday Rubber Duck,Seasonal,Blue,Mini,8.55,2025-07-25,ORD104385,CUST3349,VT,Northeast,Marketplace,44,376.2,0.0,119.28
RD005,Glow Rubber Duck,Specialty,Pink,Mini,22.27,2025-09-23,ORD104386,CUST9859,WY,West,Marketplace,33,698.16,36.75,232.62
RD001,Classic Rubber Duck,Classic,Green,Mini,20.24,2025-12-21,ORD104387,CUST9235,MA,Northeast,Online,45,774.18,136.62,212.29
RD002,Pirate Rubber Duck,Themed,Blue,Large,20.93,2023-11-05,ORD104388,CUST4645,ME,Northeast,Wholesale,3,56.51,6.28,25.55
RD003,Princess Rubber Duck,Themed,Yellow,Standard,13.76,2025-12-09,ORD104389,CUST4967,NJ,Mid-Atlantic,Retail,22,302.72,0.0,146.08
RD005,Glow Rubber Duck,Specialty,Yellow,Large,18.3,2024-07-24,ORD104390,CUST3774,TN,South,Marketplace,26,428.22,47.58,165.37
RD002,Pirate Rubber Duck,Themed,Blue,Large,19.61,2024-05-22,ORD104391,CUST8681,KS,Midwest,Online,21,370.63,41.18,171.95
RD003,Princess Rubber Duck,Themed,Pink,Standard,18.07,2023-03-13,ORD104392,CUST7226,VT,Northeast,Online,5,76.8,13.55,22.3
RD001,Classic Rubber Duck,Classic,Orange,Large,21.99,2023-06-19,ORD104393,CUST1729,MD,Mid-Atlantic,Wholesale,43,851.01,94.56,363.21
RD004,Superhero Rubber Duck,Themed,Pink,Mini,22.19,2023-03-09,ORD104394,CUST4368,MO,Midwest,Wholesale,11,207.48,36.61,69.67
RD007,Jumbo Rubber Duck,Large,Pink,Standard,23.93,2024-07-03,ORD104395,CUST1157,NJ,Mid-Atlantic,Wholesale,12,258.44,28.72,100.72
RD006,Mini Rubber Duck,Mini,Purple,Mini,16.28,2025-03-15,ORD104396,CUST3882,ME,Northeast,Retail,3,41.51,7.33,15.62
RD007,Jumbo Rubber Duck,Large,Pink,Mini,5.49,2025-11-07,ORD104397,CUST3944,SD,Midwest,Wholesale,8,43.92,0.0,15.22
RD003,Princess Rubber Duck,Themed,Blue,Mini,20.72,2024-08-19,ORD104398,CUST3142,IN,Midwest,Retail,38,787.36,0.0,353.24
RD006,Mini Rubber Duck,Mini,Green,Mini,9.39,2025-09-06,ORD104399,CUST9027,MD,Mid-Atlantic,Marketplace,36,287.33,50.71,107.29
RD006,Mini Rubber Duck,Mini,Blue,Standard,7.35,2025-12-01,ORD104400,CUST8092,IN,Midwest,Online,17,112.46,12.49,29.97
RD008,Holiday Rubber Duck,Seasonal,Purple,Mini,8.53,2024-02-16,ORD104401,CUST8731,MT,West,Retail,43,330.11,36.68,160.69
RD007,Jumbo Rubber Duck,Large,Orange,Standard,21.49,2025-04-29,ORD104402,CUST7267,VT,Northeast,Online,37,755.37,39.76,228.22
RD001,Classic Rubber Duck,Classic,Blue,Mini,11.74,2023-04-12,ORD104403,CUST8938,SD,Midwest,Wholesale,22,245.37,12.91,125.86
RD001,Classic Rubber Duck,Classic,Orange,Mini,18.52,2023-01-12,ORD104404,CUST1584,NV,West,Retail,43,796.36,0.0,382.07
RD004,Superhero Rubber Duck,Themed,Pink,Standard,9.55,2025-08-25,ORD104405,CUST3892,MI,Midwest,Marketplace,44,420.2,0.0,208.43
RD004,Superhero Rubber Duck,Themed,Orange,Standard,17.24,2025-10-27,ORD104406,CUST6369,WA,West,Wholesale,44,644.78,113.78,115.81
RD003,Princess Rubber Duck,Themed,Green,Large,19.56,2024-05-19,ORD104407,CUST9368,IA,Midwest,Retail,9,167.24,8.8,55.94
RD003,Princess Rubber Duck,Themed,Orange,Large,18.25,2024-12-08,ORD104408,CUST2717,VA,South,Marketplace,12,219.0,0.0,77.64
RD002,Pirate Rubber Duck,Themed,Pink,Mini,16.37,2023-05-08,ORD104409,CUST4405,CA,West,Retail,33,540.21,0.0,216.11
RD007,Jumbo Rubber Duck,Large,Blue,Standard,7.07,2023-09-18,ORD104410,CUST6888,DE,Mid-Atlantic,Wholesale,18,114.53,12.73,46.79
RD003,Princess Rubber Duck,Themed,Yellow,Standard,8.87,2023-10-30,ORD104411,CUST6706,MO,Midwest,Retail,9,67.86,11.97,28.36
RD003,Princess Rubber Duck,Themed,Orange,Standard,20.31,2024-01-16,ORD104412,CUST5155,VA,South,Wholesale,26,501.66,26.4,161.42
RD002,Pirate Rubber Duck,Themed,Blue,Standard,17.96,2025-03-28,ORD104413,CUST6324,CT,Northeast,Online,22,395.12,0.0,175.62
RD004,Superhero Rubber Duck,Themed,Green,Standard,12.92,2024-11-29,ORD104414,CUST3440,MD,Mid-Atlantic,Marketplace,47,607.24,0.0,189.86
RD007,Jumbo Rubber Duck,Large,Blue,Large,5.37,2024-03-10,ORD104415,CUST1062,MS,South,Marketplace,44,236.28,0.0,99.71
RD003,Princess Rubber Duck,Themed,Pink,Standard,16.03,2025-03-29,ORD104416,CUST1888,DC,Mid-Atlantic,Marketplace,38,609.14,0.0,253.2
RD004,Superhero Rubber Duck,Themed,Green,Standard,18.59,2023-05-10,ORD104417,CUST7889,SD,Midwest,Wholesale,33,552.12,61.35,123.17
RD006,Mini Rubber Duck,Mini,Green,Large,23.71,2025-02-15,ORD104418,CUST8255,WY,West,Marketplace,38,900.98,0.0,283.46
RD001,Classic Rubber Duck,Classic,Purple,Mini,8.13,2024-12-12,ORD104419,CUST5740,NJ,Mid-Atlantic,Retail,18,131.71,14.63,44.93
RD008,Holiday Rubber Duck,Seasonal,Orange,Mini,9.64,2024-08-30,ORD104420,CUST7850,CT,Northeast,Retail,44,381.74,42.42,87.6
RD007,Jumbo Rubber Duck,Large,Blue,Mini,14.44,2024-07-13,ORD104421,CUST3377,NY,Mid-Atlantic,Online,31,402.88,44.76,122.19
RD003,Princess Rubber Duck,Themed,Yellow,Large,24.3,2025-11-17,ORD104422,CUST1462,NC,South,Retail,7,144.59,25.51,59.89
RD005,Glow Rubber Duck,Specialty,Orange,Standard,6.17,2023-12-28,ORD104423,CUST9854,IL,Midwest,Retail,21,129.57,0.0,70.25
RD006,Mini Rubber Duck,Mini,Pink,Standard,19.44,2023-02-19,ORD104424,CUST4395,RI,Northeast,Wholesale,16,295.49,15.55,118.67
RD002,Pirate Rubber Duck,Themed,Blue,Mini,17.64,2024-08-26,ORD104425,CUST8200,PA,Mid-Atlantic,Online,47,787.63,41.45,210.44
RD002,Pirate Rubber Duck,Themed,Purple,Standard,23.52,2023-06-24,ORD104426,CUST5267,IL,Midwest,Retail,13,275.18,30.58,117.62
RD004,Superhero Rubber Duck,Themed,Purple,Large,10.79,2023-10-16,ORD104427,CUST3410,WA,West,Online,7,64.2,11.33,15.09
RD007,Jumbo Rubber Duck,Large,Blue,Large,15.95,2023-03-27,ORD104428,CUST5974,WA,West,Wholesale,42,602.91,66.99,244.35
RD008,Holiday Rubber Duck,Seasonal,Yellow,Standard,15.68,2025-11-19,ORD104429,CUST3883,CT,Northeast,Wholesale,37,580.16,0.0,209.36
RD005,Glow Rubber Duck,Specialty,Pink,Mini,8.09,2025-05-06,ORD104430,CUST4281,WY,West,Retail,20,145.62,16.18,62.75
RD007,Jumbo Rubber Duck,Large,Green,Mini,12.69,2023-06-17,ORD104431,CUST8034,NH,Northeast,Online,45,513.95,57.1,135.81
RD006,Mini Rubber Duck,Mini,Green,Standard,8.75,2024-04-30,ORD104432,CUST2281,SC,South,Retail,44,385.0,0.0,165.16
RD008,Holiday Rubber Duck,Seasonal,Blue,Mini,4.08,2023-06-09,ORD104433,CUST8428,MS,South,Wholesale,39,143.21,15.91,33.29
RD001,Classic Rubber Duck,Classic,Yellow,Standard,20.15,2023-10-16,ORD104434,CUST2459,SD,Midwest,Marketplace,9,154.15,27.2,52.31
RD003,Princess Rubber Duck,Themed,Orange,Large,5.36,2025-06-27,ORD104435,CUST8409,NV,West,Wholesale,49,262.64,0.0,102.11
RD007,Jumbo Rubber Duck,Large,Purple,Standard,24.25,2023-10-22,ORD104436,CUST6644,MS,South,Retail,1,24.25,0.0,9.65
RD002,Pirate Rubber Duck,Themed,Green,Mini,10.84,2023-07-30,ORD104437,CUST5832,MN,Midwest,Retail,1,9.76,1.08,3.82
RD005,Glow Rubber Duck,Specialty,Pink,Standard,16.65,2025-09-03,ORD104438,CUST6663,NH,Northeast,Marketplace,30,474.53,24.97,144.19
RD007,Jumbo Rubber Duck,Large,Purple,Mini,5.2,2024-12-29,ORD104439,CUST6777,NM,West,Marketplace,19,98.8,0.0,47.97
RD004,Superhero Rubber Duck,Themed,Orange,Large,19.35,2023-11-25,ORD104440,CUST4048,NE,Midwest,Retail,14,243.81,27.09,78.13
RD002,Pirate Rubber Duck,Themed,Blue,Standard,16.96,2024-09-24,ORD104441,CUST9778,NJ,Mid-Atlantic,Wholesale,28,403.65,71.23,129.2
RD002,Pirate Rubber Duck,Themed,Orange,Standard,22.51,2025-01-11,ORD104442,CUST3425,ID,West,Retail,30,574.0,101.3,228.38
RD006,Mini Rubber Duck,Mini,Orange,Standard,14.23,2023-12-28,ORD104443,CUST2588,SC,South,Online,27,365.0,19.21,151.67
RD008,Holiday Rubber Duck,Seasonal,Pink,Mini,11.78,2024-11-12,ORD104444,CUST5412,MA,Northeast,Wholesale,14,148.43,16.49,49.6
RD001,Classic Rubber Duck,Classic,Orange,Standard,15.92,2023-09-21,ORD104445,CUST9816,NE,Midwest,Marketplace,40,573.12,63.68,206.55
RD004,Superhero Rubber Duck,Themed,Purple,Large,16.04,2024-10-28,ORD104446,CUST5533,RI,Northeast,Online,30,457.14,24.06,177.98
RD008,Holiday Rubber Duck,Seasonal,Pink,Large,18.71,2023-06-24,ORD104447,CUST2944,NV,West,Wholesale,50,841.95,93.55,207.59
RD003,Princess Rubber Duck,Themed,Green,Mini,9.29,2025-08-05,ORD104448,CUST6100,VT,Northeast,Retail,47,436.63,0.0,176.86
RD006,Mini Rubber Duck,Mini,Purple,Large,4.68,2025-09-20,ORD104449,CUST8622,WI,Midwest,Online,2,8.42,0.94,3.84
RD004,Superhero Rubber Duck,Themed,Yellow,Standard,23.33,2024-04-19,ORD104450,CUST8234,GA,South,Marketplace,28,555.25,97.99,108.77
RD006,Mini Rubber Duck,Mini,Yellow,Large,17.53,2024-12-25,ORD104451,CUST5635,CT,Northeast,Online,38,666.14,0.0,300.56
RD008,Holiday Rubber Duck,Seasonal,Pink,Mini,9.88,2023-03-27,ORD104452,CUST2024,NJ,Mid-Atlantic,Marketplace,27,266.76,0.0,122.54
RD001,Classic Rubber Duck,Classic,Yellow,Large,15.83,2024-10-12,ORD104453,CUST4450,WA,West,Online,9,142.47,0.0,57.43
RD001,Classic Rubber Duck,Classic,Pink,Standard,18.44,2023-07-11,ORD104454,CUST5206,MD,Mid-Atlantic,Marketplace,3,55.32,0.0,19.6
RD003,Princess Rubber Duck,Themed,Green,Large,5.14,2024-05-07,ORD104455,CUST4076,WY,West,Online,23,106.4,11.82,43.68
RD005,Glow Rubber Duck,Specialty,Pink,Mini,11.23,2024-08-02,ORD104456,CUST7261,ID,West,Retail,45,454.81,50.54,187.82
RD004,Superhero Rubber Duck,Themed,Pink,Mini,20.3,2025-04-28,ORD104457,CUST1688,NJ,Mid-Atlantic,Retail,41,749.07,83.23,190.53
RD005,Glow Rubber Duck,Specialty,Yellow,Mini,20.62,2024-03-02,ORD104458,CUST7917,NV,West,Online,36,705.2,37.12,316.49
RD007,Jumbo Rubber Duck,Large,Pink,Mini,22.0,2024-05-12,ORD104459,CUST8951,AR,South,Marketplace,17,374.0,0.0,186.87
RD004,Superhero Rubber Duck,Themed,Purple,Standard,19.07,2023-03-28,ORD104460,CUST2819,PA,Mid-Atlantic,Retail,42,760.89,40.05,213.19
RD002,Pirate Rubber Duck,Themed,Orange,Mini,5.92,2024-01-21,ORD104461,CUST4600,WA,West,Online,25,148.0,0.0,48.67
RD007,Jumbo Rubber Duck,Large,Orange,Mini,17.97,2023-02-25,ORD104462,CUST3527,NE,Midwest,Retail,8,143.76,0.0,55.3
RD004,Superhero Rubber Duck,Themed,Green,Large,18.27,2024-12-29,ORD104463,CUST6184,SD,Midwest,Retail,1,17.36,0.91,5.49
RD006,Mini Rubber Duck,Mini,Pink,Standard,9.67,2024-01-23,ORD104464,CUST8395,WI,Midwest,Retail,5,48.35,0.0,19.27
RD007,Jumbo Rubber Duck,Large,Purple,Mini,24.56,2023-02-04,ORD104465,CUST4793,MD,Mid-Atlantic,Wholesale,45,939.42,165.78,397.17
RD003,Princess Rubber Duck,Themed,Pink,Mini,5.47,2024-06-19,ORD104466,CUST1727,NH,Northeast,Online,41,201.84,22.43,65.99
RD004,Superhero Rubber Duck,Themed,Orange,Mini,11.66,2025-02-09,ORD104467,CUST6570,NM,West,Retail,31,343.39,18.07,133.64
RD002,Pirate Rubber Duck,Themed,Blue,Standard,21.84,2025-11-30,ORD104468,CUST7291,MA,Northeast,Wholesale,31,643.19,33.85,301.25
RD004,Superhero Rubber Duck,Themed,Orange,Large,18.06,2025-03-12,ORD104469,CUST3806,TN,South,Retail,12,195.05,21.67,66.29
RD006,Mini Rubber Duck,Mini,Purple,Mini,19.21,2023-01-04,ORD104470,CUST6966,UT,West,Wholesale,48,875.98,46.1,454.77
RD005,Glow Rubber Duck,Specialty,Yellow,Standard,21.82,2024-07-09,ORD104471,CUST2717,TN,South,Marketplace,32,663.33,34.91,348.44
RD001,Classic Rubber Duck,Classic,Blue,Standard,6.82,2023-04-22,ORD104472,CUST5114,DC,Mid-Atlantic,Retail,7,40.58,7.16,13.65
RD002,Pirate Rubber Duck,Themed,Blue,Large,7.68,2023-04-17,ORD104473,CUST8975,NH,Northeast,Retail,45,311.04,34.56,146.38
RD002,Pirate Rubber Duck,Themed,Green,Standard,23.08,2024-11-30,ORD104474,CUST6852,NH,Northeast,Online,39,765.1,135.02,321.27
RD003,Princess Rubber Duck,Themed,Purple,Large,13.72,2025-05-23,ORD104475,CUST4466,IL,Midwest,Retail,42,576.24,0.0,245.79
RD001,Classic Rubber Duck,Classic,Orange,Large,11.32,2025-12-26,ORD104476,CUST3855,NJ,Mid-Atlantic,Online,30,288.66,50.94,99.38
RD003,Princess Rubber Duck,Themed,Orange,Large,12.77,2025-01-16,ORD104477,CUST6695,WI,Midwest,Retail,7,84.92,4.47,39.91
RD006,Mini Rubber Duck,Mini,Orange,Mini,12.34,2024-10-29,ORD104478,CUST5979,MN,Midwest,Wholesale,5,58.61,3.09,21.62
RD002,Pirate Rubber Duck,Themed,Green,Large,11.64,2024-02-06,ORD104479,CUST3873,MS,South,Wholesale,14,138.52,24.44,47.77
RD007,Jumbo Rubber Duck,Large,Green,Standard,14.66,2025-10-16,ORD104480,CUST6867,OK,South,Wholesale,35,436.13,76.97,88.54
RD008,Holiday Rubber Duck,Seasonal,Green,Standard,4.08,2023-04-18,ORD104481,CUST7775,KS,Midwest,Wholesale,8,27.74,4.9,6.02
RD006,Mini Rubber Duck,Mini,Pink,Standard,11.85,2023-10-09,ORD104482,CUST9242,ME,Northeast,Marketplace,42,497.7,0.0,234.79
RD001,Classic Rubber Duck,Classic,Orange,Standard,7.47,2025-10-20,ORD104483,CUST1759,TX,South,Online,17,107.94,19.05,20.4
RD005,Glow Rubber Duck,Specialty,Orange,Standard,21.61,2024-01-11,ORD104484,CUST1518,IA,Midwest,Wholesale,45,826.58,145.87,335.4
RD002,Pirate Rubber Duck,Themed,Yellow,Large,20.01,2023-11-30,ORD104485,CUST3587,IN,Midwest,Retail,22,440.22,0.0,147.59
RD006,Mini Rubber Duck,Mini,Orange,Large,7.86,2023-12-24,ORD104486,CUST5615,NY,Mid-Atlantic,Wholesale,50,373.35,19.65,141.37
RD007,Jumbo Rubber Duck,Large,Orange,Standard,11.93,2024-08-24,ORD104487,CUST5318,DE,Mid-Atlantic,Marketplace,21,250.53,0.0,82.25
RD002,Pirate Rubber Duck,Themed,Purple,Large,6.04,2024-05-07,ORD104488,CUST6130,AR,South,Retail,44,239.18,26.58,101.26
RD004,Superhero Rubber Duck,Themed,Blue,Standard,22.13,2024-12-12,ORD104489,CUST6566,TN,South,Retail,19,420.47,0.0,185.72
RD003,Princess Rubber Duck,Themed,Orange,Large,13.93,2023-01-15,ORD104490,CUST1723,AK,West,Online,44,551.63,61.29,263.69
RD002,Pirate Rubber Duck,Themed,Yellow,Mini,10.33,2023-05-10,ORD104491,CUST5704,NE,Midwest,Marketplace,37,324.88,57.33,129.05
RD004,Superhero Rubber Duck,Themed,Pink,Large,21.85,2023-04-21,ORD104492,CUST1047,DE,Mid-Atlantic,Wholesale,37,808.45,0.0,256.82
RD006,Mini Rubber Duck,Mini,Yellow,Mini,12.17,2024-07-05,ORD104493,CUST6933,HI,West,Marketplace,7,72.41,12.78,14.91
RD006,Mini Rubber Duck,Mini,Blue,Mini,9.49,2024-07-12,ORD104494,CUST1269,NV,West,Wholesale,44,375.8,41.76,150.57
RD003,Princess Rubber Duck,Themed,Orange,Large,14.68,2024-01-18,ORD104495,CUST7669,CT,Northeast,Wholesale,19,278.92,0.0,92.29
RD005,Glow Rubber Duck,Specialty,Yellow,Large,21.49,2024-11-04,ORD104496,CUST7115,CA,West,Wholesale,36,657.59,116.05,275.79
RD002,Pirate Rubber Duck,Themed,Green,Mini,16.72,2025-07-05,ORD104497,CUST8255,WV,South,Marketplace,37,587.71,30.93,238.49
RD001,Classic Rubber Duck,Classic,Yellow,Mini,23.06,2025-01-17,ORD104498,CUST9879,MI,Midwest,Wholesale,28,581.11,64.57,272.35
RD004,Superhero Rubber Duck,Themed,Orange,Mini,10.57,2025-01-16,ORD104499,CUST8936,SD,Midwest,Marketplace,50,475.65,52.85,160.14
RD001,Classic Rubber Duck,Classic,Pink,Standard,17.0,2023-08-15,ORD104500,CUST5125,SD,Midwest,Online,9,145.35,7.65,60.59
RD007,Jumbo Rubber Duck,Large,Blue,Large,17.54,2023-01-23,ORD104501,CUST4691,RI,Northeast,Wholesale,32,477.09,84.19,207.06
RD002,Pirate Rubber Duck,Themed,Orange,Mini,23.37,2025-02-24,ORD104502,CUST6477,NY,Mid-Atlantic,Marketplace,49,1030.62,114.51,410.69
RD004,Superhero Rubber Duck,Themed,Blue,Mini,9.48,2025-05-16,ORD104503,CUST8809,KY,South,Wholesale,13,110.92,12.32,26.89
RD005,Glow Rubber Duck,Specialty,Green,Mini,5.78,2025-12-18,ORD104504,CUST2851,AK,West,Online,47,230.91,40.75,48.18
RD002,Pirate Rubber Duck,Themed,Blue,Mini,8.83,2023-11-24,ORD104505,CUST2536,CT,Northeast,Wholesale,31,246.36,27.37,63.14
RD004,Superhero Rubber Duck,Themed,Blue,Standard,5.7,2023-07-21,ORD104506,CUST9244,PA,Mid-Atlantic,Marketplace,29,165.3,0.0,63.26
RD007,Jumbo Rubber Duck,Large,Blue,Large,19.65,2023-05-21,ORD104507,CUST3820,NJ,Mid-Atlantic,Retail,32,628.8,0.0,213.53
RD001,Classic Rubber Duck,Classic,Purple,Large,7.79,2024-08-24,ORD104508,CUST4919,WA,West,Wholesale,4,28.04,3.12,11.82
RD002,Pirate Rubber Duck,Themed,Orange,Standard,14.8,2024-06-07,ORD104509,CUST8795,ID,West,Online,50,740.0,0.0,330.15
RD001,Classic Rubber Duck,Classic,Orange,Standard,18.03,2024-01-17,ORD104510,CUST3688,NC,South,Retail,22,396.66,0.0,216.69
RD005,Glow Rubber Duck,Specialty,Blue,Standard,4.91,2023-07-15,ORD104511,CUST9064,MA,Northeast,Wholesale,8,37.32,1.96,11.28
RD004,Superhero Rubber Duck,Themed,Orange,Mini,8.7,2025-08-26,ORD104512,CUST6441,VA,South,Online,4,31.32,3.48,9.23
RD008,Holiday Rubber Duck,Seasonal,Blue,Mini,9.15,2025-10-22,ORD104513,CUST1768,NJ,Mid-Atlantic,Online,23,210.45,0.0,103.51
RD006,Mini Rubber Duck,Mini,Pink,Standard,24.07,2025-01-23,ORD104514,CUST3878,MD,Mid-Atlantic,Online,45,920.68,162.47,266.38
RD002,Pirate Rubber Duck,Themed,Blue,Mini,4.17,2025-11-18,ORD104515,CUST3174,MO,Midwest,Wholesale,4,14.18,2.5,5.99
RD001,Classic Rubber Duck,Classic,Green,Mini,11.92,2024-03-12,ORD104516,CUST3095,NE,Midwest,Online,19,203.83,22.65,64.1
RD004,Superhero Rubber Duck,Themed,Orange,Standard,17.28,2024-06-08,ORD104517,CUST9876,VA,South,Wholesale,7,120.96,0.0,59.28
RD001,Classic Rubber Duck,Classic,Pink,Standard,21.21,2024-06-09,ORD104518,CUST5554,WA,West,Marketplace,6,114.53,12.73,41.08
RD003,Princess Rubber Duck,Themed,Pink,Mini,13.78,2024-05-28,ORD104519,CUST2765,GA,South,Marketplace,10,137.8,0.0,65.84
RD006,Mini Rubber Duck,Mini,Pink,Mini,15.94,2025-02-25,ORD104520,CUST5644,IL,Midwest,Wholesale,38,605.72,0.0,190.6
RD005,Glow Rubber Duck,Specialty,Pink,Large,18.56,2023-05-20,ORD104521,CUST6213,AL,South,Retail,24,378.62,66.82,143.71
RD006,Mini Rubber Duck,Mini,Yellow,Large,22.62,2024-10-13,ORD104522,CUST4757,DC,Mid-Atlantic,Online,49,942.12,166.26,360.78
RD005,Glow Rubber Duck,Specialty,Orange,Mini,13.98,2024-05-01,ORD104523,CUST4666,NY,Mid-Atlantic,Marketplace,36,452.95,50.33,206.94
RD008,Holiday Rubber Duck,Seasonal,Blue,Large,15.06,2025-09-17,ORD104524,CUST8230,GA,South,Online,40,572.28,30.12,227.76
RD006,Mini Rubber Duck,Mini,Yellow,Large,7.17,2024-10-11,ORD104525,CUST4335,TX,South,Retail,17,121.89,0.0,62.04
RD005,Glow Rubber Duck,Specialty,Blue,Mini,10.04,2025-07-21,ORD104526,CUST8283,NH,Northeast,Wholesale,9,85.84,4.52,39.99
RD002,Pirate Rubber Duck,Themed,Green,Mini,11.25,2023-04-17,ORD104527,CUST3641,ID,West,Retail,31,348.75,0.0,109.6
RD008,Holiday Rubber Duck,Seasonal,Orange,Standard,8.74,2023-01-02,ORD104528,CUST9674,IL,Midwest,Retail,24,199.27,10.49,99.79
RD008,Holiday Rubber Duck,Seasonal,Blue,Mini,18.32,2024-04-08,ORD104529,CUST9641,FL,South,Wholesale,35,609.14,32.06,165.21
RD006,Mini Rubber Duck,Mini,Purple,Large,5.27,2025-11-22,ORD104530,CUST2529,CT,Northeast,Online,34,161.26,17.92,46.35
RD002,Pirate Rubber Duck,Themed,Pink,Mini,9.67,2024-04-26,ORD104531,CUST1033,WY,West,Marketplace,36,348.12,0.0,148.22
RD005,Glow Rubber Duck,Specialty,Blue,Mini,17.81,2024-09-24,ORD104532,CUST5649,NJ,Mid-Atlantic,Marketplace,38,609.1,67.68,247.12
RD002,Pirate Rubber Duck,Themed,Blue,Standard,6.67,2024-03-17,ORD104533,CUST3430,ID,West,Wholesale,1,6.0,0.67,2.91
RD004,Superhero Rubber Duck,Themed,Blue,Mini,16.86,2025-02-09,ORD104534,CUST3191,ME,Northeast,Wholesale,6,85.99,15.17,34.78
RD004,Superhero Rubber Duck,Themed,Pink,Standard,14.82,2023-12-16,ORD104535,CUST8866,CT,Northeast,Retail,43,541.67,95.59,133.04
RD001,Classic Rubber Duck,Classic,Orange,Mini,22.8,2025-06-03,ORD104536,CUST1816,MI,Midwest,Retail,6,129.96,6.84,55.89
RD005,Glow Rubber Duck,Specialty,Pink,Standard,24.76,2023-11-30,ORD104537,CUST6897,RI,Northeast,Retail,43,1011.45,53.23,407.04
RD001,Classic Rubber Duck,Classic,Yellow,Mini,15.97,2024-03-07,ORD104538,CUST8594,IA,Midwest,Marketplace,41,654.77,0.0,301.9
RD006,Mini Rubber Duck,Mini,Yellow,Standard,12.51,2023-04-09,ORD104539,CUST5522,MA,Northeast,Wholesale,4,50.04,0.0,16.52
RD001,Classic Rubber Duck,Classic,Blue,Mini,13.18,2023-09-16,ORD104540,CUST7372,DE,Mid-Atlantic,Retail,4,52.72,0.0,20.23
RD006,Mini Rubber Duck,Mini,Orange,Standard,5.92,2025-04-21,ORD104541,CUST8724,MN,Midwest,Wholesale,3,17.76,0.0,8.81
RD004,Superhero Rubber Duck,Themed,Purple,Mini,23.55,2025-07-12,ORD104542,CUST9958,HI,West,Wholesale,31,693.55,36.5,264.88
RD006,Mini Rubber Duck,Mini,Blue,Large,22.17,2023-08-08,ORD104543,CUST2274,OR,West,Retail,15,332.55,0.0,105.93
RD004,Superhero Rubber Duck,Themed,Yellow,Mini,24.62,2023-08-20,ORD104544,CUST9540,IL,Midwest,Online,31,725.06,38.16,318.61
RD004,Superhero Rubber Duck,Themed,Yellow,Standard,7.23,2025-01-13,ORD104545,CUST8444,ME,Northeast,Wholesale,10,68.68,3.62,28.18
RD003,Princess Rubber Duck,Themed,Pink,Large,22.13,2025-03-16,ORD104546,CUST5564,NC,South,Marketplace,10,210.24,11.06,92.62
RD007,Jumbo Rubber Duck,Large,Blue,Standard,13.07,2023-04-20,ORD104547,CUST6543,NY,Mid-Atlantic,Retail,6,70.58,7.84,28.03
RD006,Mini Rubber Duck,Mini,Green,Standard,21.48,2024-06-07,ORD104548,CUST8403,NC,South,Marketplace,14,255.61,45.11,108.32
RD003,Princess Rubber Duck,Themed,Purple,Standard,23.13,2024-09-14,ORD104549,CUST1194,DE,Mid-Atlantic,Wholesale,31,609.48,107.55,273.57
RD006,Mini Rubber Duck,Mini,Orange,Standard,19.87,2025-01-07,ORD104550,CUST5271,NC,South,Retail,19,358.65,18.88,123.44
RD006,Mini Rubber Duck,Mini,Yellow,Large,13.44,2025-09-14,ORD104551,CUST7523,KY,South,Online,4,45.7,8.06,17.85
RD004,Superhero Rubber Duck,Themed,Yellow,Mini,19.76,2024-03-30,ORD104552,CUST8015,TX,South,Online,33,554.27,97.81,112.07
RD002,Pirate Rubber Duck,Themed,Yellow,Large,21.75,2023-07-08,ORD104553,CUST6209,AL,South,Wholesale,16,313.2,34.8,140.49
RD003,Princess Rubber Duck,Themed,Orange,Mini,5.95,2025-08-10,ORD104554,CUST9596,VA,South,Marketplace,2,10.71,1.19,4.72
RD001,Classic Rubber Duck,Classic,Purple,Mini,14.74,2025-10-26,ORD104555,CUST7998,HI,West,Wholesale,22,291.85,32.43,73.58
RD006,Mini Rubber Duck,Mini,Pink,Mini,15.79,2025-09-16,ORD104556,CUST6725,AR,South,Wholesale,24,322.12,56.84,97.16
RD003,Princess Rubber Duck,Themed,Blue,Standard,24.64,2025-12-21,ORD104557,CUST6351,NM,West,Marketplace,47,1042.27,115.81,459.47
RD005,Glow Rubber Duck,Specialty,Orange,Large,22.6,2025-07-16,ORD104558,CUST8063,ID,West,Marketplace,34,691.56,76.84,333.92
RD003,Princess Rubber Duck,Themed,Orange,Standard,5.18,2023-01-12,ORD104559,CUST8193,SC,South,Wholesale,33,170.94,0.0,79.76
RD006,Mini Rubber Duck,Mini,Pink,Standard,21.76,2023-11-22,ORD104560,CUST8902,ME,Northeast,Online,39,806.21,42.43,280.2
RD003,Princess Rubber Duck,Themed,Purple,Mini,7.58,2023-01-18,ORD104561,CUST7031,MN,Midwest,Marketplace,29,219.82,0.0,119.79
RD004,Superhero Rubber Duck,Themed,Pink,Mini,20.82,2023-04-24,ORD104562,CUST3967,WV,South,Online,36,637.09,112.43,234.06
RD004,Superhero Rubber Duck,Themed,Green,Standard,8.64,2024-09-30,ORD104563,CUST2775,MI,Midwest,Marketplace,41,354.24,0.0,189.07
RD003,Princess Rubber Duck,Themed,Pink,Large,10.06,2025-10-06,ORD104564,CUST1232,NM,West,Marketplace,43,432.58,0.0,215.06
RD004,Superhero Rubber Duck,Themed,Green,Mini,19.32,2023-07-07,ORD104565,CUST4106,DC,Mid-Atlantic,Online,50,869.4,96.6,425.09
RD004,Superhero Rubber Duck,Themed,Orange,Mini,16.99,2025-07-28,ORD104566,CUST8622,OH,Midwest,Marketplace,7,107.04,11.89,41.27
RD004,Superhero Rubber Duck,Themed,Green,Standard,24.38,2023-10-21,ORD104567,CUST3775,IL,Midwest,Marketplace,7,145.06,25.6,34.05
RD005,Glow Rubber Duck,Specialty,Green,Standard,5.76,2025-06-25,ORD104568,CUST1844,OH,Midwest,Online,2,9.79,1.73,2.77
RD008,Holiday Rubber Duck,Seasonal,Green,Large,14.78,2025-03-26,ORD104569,CUST2168,ME,Northeast,Online,9,119.72,13.3,38.92
RD007,Jumbo Rubber Duck,Large,Yellow,Standard,15.05,2023-03-25,ORD104570,CUST2021,ME,Northeast,Online,22,314.54,16.56,98.43
RD002,Pirate Rubber Duck,Themed,Orange,Mini,19.75,2025-03-21,ORD104571,CUST1685,NH,Northeast,Wholesale,9,177.75,0.0,90.24
RD002,Pirate Rubber Duck,Themed,Pink,Large,23.37,2024-02-06,ORD104572,CUST2833,ME,Northeast,Online,5,116.85,0.0,42.83
RD007,Jumbo Rubber Duck,Large,Pink,Large,16.93,2023-08-14,ORD104573,CUST5995,IA,Midwest,Online,31,524.83,0.0,283.45
RD002,Pirate Rubber Duck,Themed,Yellow,Large,21.54,2025-01-13,ORD104574,CUST7244,IL,Midwest,Wholesale,36,736.67,38.77,243.55
RD003,Princess Rubber Duck,Themed,Yellow,Mini,14.63,2023-10-26,ORD104575,CUST8941,UT,West,Online,25,365.75,0.0,161.6
RD003,Princess Rubber Duck,Themed,Blue,Large,21.92,2023-03-15,ORD104576,CUST5512,GA,South,Retail,39,726.65,128.23,274.39
RD002,Pirate Rubber Duck,Themed,Purple,Large,24.24,2024-06-23,ORD104577,CUST1825,NM,West,Wholesale,10,218.16,24.24,58.55
RD008,Holiday Rubber Duck,Seasonal,Pink,Mini,21.57,2023-12-16,ORD104578,CUST5126,KY,South,Retail,22,474.54,0.0,144.39
RD007,Jumbo Rubber Duck,Large,Purple,Standard,24.25,2025-08-06,ORD104579,CUST5710,NJ,Mid-Atlantic,Marketplace,12,276.45,14.55,137.11
RD008,Holiday Rubber Duck,Seasonal,Yellow,Large,24.19,2025-03-31,ORD104580,CUST4380,CT,Northeast,Retail,10,241.9,0.0,123.7
RD001,Classic Rubber Duck,Classic,Pink,Standard,20.33,2025-08-04,ORD104581,CUST9487,NY,Mid-Atlantic,Retail,27,466.57,82.34,161.2
RD003,Princess Rubber Duck,Themed,Yellow,Standard,14.26,2023-05-07,ORD104582,CUST8084,AK,West,Retail,1,12.12,2.14,2.45
RD001,Classic Rubber Duck,Classic,Yellow,Large,12.76,2025-02-13,ORD104583,CUST3566,CO,West,Marketplace,29,314.53,55.51,131.86
RD005,Glow Rubber Duck,Specialty,Yellow,Standard,5.46,2025-10-06,ORD104584,CUST5879,WY,West,Wholesale,41,223.86,0.0,108.74
RD005,Glow Rubber Duck,Specialty,Green,Standard,14.53,2024-12-05,ORD104585,CUST2933,AR,South,Retail,17,222.31,24.7,55.0
RD008,Holiday Rubber Duck,Seasonal,Purple,Mini,8.14,2024-03-09,ORD104586,CUST9538,VT,Northeast,Marketplace,11,76.11,13.43,24.58
RD004,Superhero Rubber Duck,Themed,Pink,Large,20.91,2024-10-18,ORD104587,CUST9753,NJ,Mid-Atlantic,Wholesale,50,888.68,156.82,306.79
RD003,Princess Rubber Duck,Themed,Pink,Large,20.13,2024-09-17,ORD104588,CUST5507,WI,Midwest,Online,50,905.85,100.65,206.14
RD004,Superhero Rubber Duck,Themed,Green,Standard,4.58,2024-04-23,ORD104589,CUST6347,CT,Northeast,Wholesale,42,192.36,0.0,64.93
RD006,Mini Rubber Duck,Mini,Pink,Standard,24.78,2024-05-24,ORD104590,CUST5009,MD,Mid-Atlantic,Retail,12,282.49,14.87,138.53
RD006,Mini Rubber Duck,Mini,Orange,Large,14.8,2025-12-08,ORD104591,CUST7805,IA,Midwest,Wholesale,11,154.66,8.14,49.89
RD008,Holiday Rubber Duck,Seasonal,Purple,Large,16.69,2024-03-28,ORD104592,CUST9964,GA,South,Online,41,650.08,34.21,228.47
RD002,Pirate Rubber Duck,Themed,Pink,Large,20.99,2023-06-09,ORD104593,CUST8486,NJ,Mid-Atlantic,Marketplace,30,535.25,94.45,240.36
RD001,Classic Rubber Duck,Classic,Yellow,Large,22.4,2025-12-18,ORD104594,CUST7233,VT,Northeast,Retail,8,179.2,0.0,82.61
RD004,Superhero Rubber Duck,Themed,Pink,Large,9.1,2023-08-20,ORD104595,CUST8580,VT,Northeast,Marketplace,18,155.61,8.19,59.43
RD006,Mini Rubber Duck,Mini,Purple,Standard,20.28,2025-07-07,ORD104596,CUST1371,RI,Northeast,Wholesale,25,481.65,25.35,139.63
RD008,Holiday Rubber Duck,Seasonal,Yellow,Mini,20.49,2025-01-29,ORD104597,CUST2515,HI,West,Online,9,184.41,0.0,61.24
RD001,Classic Rubber Duck,Classic,Blue,Mini,10.18,2025-09-26,ORD104598,CUST1231,AZ,West,Marketplace,1,10.18,0.0,5.24
RD006,Mini Rubber Duck,Mini,Purple,Large,10.06,2023-01-18,ORD104599,CUST3836,SD,Midwest,Marketplace,29,247.98,43.76,70.86
RD004,Superhero Rubber Duck,Themed,Yellow,Standard,21.0,2023-07-25,ORD104600,CUST5038,DE,Mid-Atlantic,Online,27,538.65,28.35,184.99
RD001,Classic Rubber Duck,Classic,Yellow,Standard,8.79,2024-07-19,ORD104601,CUST4046,MN,Midwest,Marketplace,39,291.39,51.42,52.07
RD005,Glow Rubber Duck,Specialty,Pink,Mini,8.63,2023-08-18,ORD104602,CUST9293,MD,Mid-Atlantic,Retail,25,194.17,21.58,57.68
RD002,Pirate Rubber Duck,Themed,Pink,Mini,10.3,2024-10-02,ORD104603,CUST6828,MO,Midwest,Wholesale,47,459.89,24.21,158.47
RD008,Holiday Rubber Duck,Seasonal,Blue,Large,15.7,2024-11-19,ORD104604,CUST8935,SC,South,Retail,38,536.94,59.66,195.6
RD005,Glow Rubber Duck,Specialty,Pink,Standard,16.74,2024-08-12,ORD104605,CUST5834,TX,South,Online,37,588.41,30.97,280.71
RD005,Glow Rubber Duck,Specialty,Yellow,Mini,4.44,2025-03-29,ORD104606,CUST8753,NY,Mid-Atlantic,Marketplace,8,31.97,3.55,10.34
RD006,Mini Rubber Duck,Mini,Purple,Large,8.37,2025-06-20,ORD104607,CUST9952,FL,South,Marketplace,48,401.76,0.0,148.52
RD007,Jumbo Rubber Duck,Large,Blue,Large,13.04,2024-11-24,ORD104608,CUST1137,DC,Mid-Atlantic,Online,12,148.66,7.82,68.98
RD003,Princess Rubber Duck,Themed,Purple,Standard,11.37,2024-01-11,ORD104609,CUST7558,LA,South,Retail,13,133.03,14.78,34.71
RD008,Holiday Rubber Duck,Seasonal,Pink,Standard,19.66,2023-11-20,ORD104610,CUST9697,NE,Midwest,Marketplace,7,130.74,6.88,40.7
RD001,Classic Rubber Duck,Classic,Yellow,Standard,24.99,2024-12-19,ORD104611,CUST4893,NH,Northeast,Retail,48,1199.52,0.0,640.99
RD006,Mini Rubber Duck,Mini,Pink,Standard,12.63,2023-06-27,ORD104612,CUST6063,NV,West,Wholesale,19,227.97,12.0,112.52
RD004,Superhero Rubber Duck,Themed,Blue,Standard,22.59,2023-05-21,ORD104613,CUST4534,ID,West,Wholesale,31,700.29,0.0,305.04
RD002,Pirate Rubber Duck,Themed,Purple,Standard,20.44,2023-11-22,ORD104614,CUST4488,VT,Northeast,Marketplace,18,349.52,18.4,153.53
RD005,Glow Rubber Duck,Specialty,Yellow,Large,20.34,2023-11-12,ORD104615,CUST3313,DC,Mid-Atlantic,Marketplace,8,138.31,24.41,61.73
RD008,Holiday Rubber Duck,Seasonal,Pink,Mini,7.21,2023-07-30,ORD104616,CUST7504,AZ,West,Marketplace,45,275.78,48.67,90.73
RD003,Princess Rubber Duck,Themed,Green,Large,16.38,2025-02-25,ORD104617,CUST2701,CT,Northeast,Retail,48,707.62,78.62,346.71
RD006,Mini Rubber Duck,Mini,Orange,Mini,10.91,2024-08-07,ORD104618,CUST4366,ND,Midwest,Online,18,176.74,19.64,84.5
RD002,Pirate Rubber Duck,Themed,Blue,Standard,12.0,2023-02-28,ORD104619,CUST3050,VT,Northeast,Online,41,442.8,49.2,183.0
RD001,Classic Rubber Duck,Classic,Blue,Mini,18.55,2025-04-17,ORD104620,CUST4782,KS,Midwest,Wholesale,1,17.62,0.93,5.79
RD002,Pirate Rubber Duck,Themed,Green,Mini,22.2,2024-12-26,ORD104621,CUST4264,UT,West,Online,10,222.0,0.0,98.37
RD008,Holiday Rubber Duck,Seasonal,Orange,Standard,14.82,2024-08-18,ORD104622,CUST6264,MD,Mid-Atlantic,Wholesale,29,429.78,0.0,166.76
RD005,Glow Rubber Duck,Specialty,Purple,Standard,4.07,2025-07-12,ORD104623,CUST8682,NY,Mid-Atlantic,Wholesale,42,153.85,17.09,43.48
RD002,Pirate Rubber Duck,Themed,Blue,Mini,21.25,2025-10-23,ORD104624,CUST7576,AL,South,Retail,48,918.0,102.0,237.71
RD004,Superhero Rubber Duck,Themed,Green,Large,8.65,2024-11-11,ORD104625,CUST6786,PA,Mid-Atlantic,Marketplace,16,117.64,20.76,48.55
RD007,Jumbo Rubber Duck,Large,Yellow,Standard,13.51,2024-11-20,ORD104626,CUST7255,OH,Midwest,Marketplace,4,51.34,2.7,15.85
RD007,Jumbo Rubber Duck,Large,Purple,Mini,16.08,2025-01-09,ORD104627,CUST7988,MA,Northeast,Online,44,636.77,70.75,314.98
RD001,Classic Rubber Duck,Classic,Blue,Standard,16.93,2024-03-04,ORD104628,CUST5172,ND,Midwest,Marketplace,24,365.69,40.63,95.54
RD005,Glow Rubber Duck,Specialty,Purple,Standard,18.88,2023-01-29,ORD104629,CUST4202,CT,Northeast,Marketplace,5,89.68,4.72,31.33
RD005,Glow Rubber Duck,Specialty,Yellow,Large,10.68,2023-01-11,ORD104630,CUST3545,NV,West,Online,50,453.9,80.1,206.91
RD008,Holiday Rubber Duck,Seasonal,Green,Mini,17.27,2023-10-25,ORD104631,CUST2557,MA,Northeast,Retail,34,587.18,0.0,235.99
RD002,Pirate Rubber Duck,Themed,Yellow,Mini,14.03,2024-11-11,ORD104632,CUST9597,MT,West,Online,39,519.81,27.36,260.41
RD008,Holiday Rubber Duck,Seasonal,Green,Large,12.83,2025-11-30,ORD104633,CUST8201,MS,South,Wholesale,1,12.83,0.0,5.42
RD003,Princess Rubber Duck,Themed,Orange,Mini,6.74,2025-11-27,ORD104634,CUST3753,DE,Mid-Atlantic,Online,39,262.86,0.0,122.64
RD007,Jumbo Rubber Duck,Large,Yellow,Mini,20.66,2024-02-16,ORD104635,CUST2367,MN,Midwest,Marketplace,6,105.37,18.59,20.21
RD005,Glow Rubber Duck,Specialty,Purple,Standard,6.42,2025-09-28,ORD104636,CUST3987,NV,West,Wholesale,21,128.08,6.74,43.37
RD006,Mini Rubber Duck,Mini,Blue,Standard,23.99,2025-11-28,ORD104637,CUST8164,NV,West,Marketplace,28,604.55,67.17,291.76
RD006,Mini Rubber Duck,Mini,Pink,Standard,8.49,2023-07-15,ORD104638,CUST9762,MA,Northeast,Retail,8,57.73,10.19,24.29
RD007,Jumbo Rubber Duck,Large,Pink,Mini,5.94,2024-04-24,ORD104639,CUST4077,MD,Mid-Atlantic,Retail,48,270.86,14.26,122.08
RD005,Glow Rubber Duck,Specialty,Green,Standard,18.98,2025-10-31,ORD104640,CUST8304,OH,Midwest,Wholesale,20,322.66,56.94,71.6
RD005,Glow Rubber Duck,Specialty,Orange,Standard,10.61,2023-08-24,ORD104641,CUST4566,KS,Midwest,Retail,46,439.25,48.81,153.88
RD002,Pirate Rubber Duck,Themed,Yellow,Standard,23.01,2024-07-26,ORD104642,CUST1951,PA,Mid-Atlantic,Retail,33,645.43,113.9,121.8
RD002,Pirate Rubber Duck,Themed,Pink,Large,8.36,2025-05-01,ORD104643,CUST7850,WV,South,Marketplace,49,348.19,61.45,125.61
RD004,Superhero Rubber Duck,Themed,Blue,Standard,20.56,2023-06-10,ORD104644,CUST2421,ID,West,Retail,19,332.04,58.6,69.86
RD006,Mini Rubber Duck,Mini,Yellow,Standard,20.82,2023-06-28,ORD104645,CUST7039,DC,Mid-Atlantic,Marketplace,45,890.06,46.84,406.71
RD003,Princess Rubber Duck,Themed,Pink,Standard,19.21,2025-02-22,ORD104646,CUST3572,AK,West,Online,40,653.14,115.26,226.37
RD007,Jumbo Rubber Duck,Large,Green,Large,5.02,2025-02-08,ORD104647,CUST8978,NE,Midwest,Marketplace,16,76.3,4.02,35.86
RD005,Glow Rubber Duck,Specialty,Yellow,Large,5.98,2025-08-18,ORD104648,CUST2834,TX,South,Retail,48,258.34,28.7,114.61
RD001,Classic Rubber Duck,Classic,Pink,Large,18.09,2024-05-17,ORD104649,CUST9374,NH,Northeast,Retail,18,325.62,0.0,128.44
RD008,Holiday Rubber Duck,Seasonal,Blue,Mini,8.15,2023-04-19,ORD104650,CUST1176,MA,Northeast,Marketplace,47,363.9,19.15,113.43
RD007,Jumbo Rubber Duck,Large,Pink,Standard,22.91,2025-10-24,ORD104651,CUST9335,WI,Midwest,Marketplace,45,927.85,103.1,439.07
RD008,Holiday Rubber Duck,Seasonal,Orange,Large,14.74,2025-10-03,ORD104652,CUST6824,MT,West,Marketplace,20,265.32,29.48,69.75
RD008,Holiday Rubber Duck,Seasonal,Green,Mini,10.13,2024-08-24,ORD104653,CUST1887,ME,Northeast,Marketplace,39,395.07,0.0,172.04
RD003,Princess Rubber Duck,Themed,Blue,Standard,19.06,2024-02-23,ORD104654,CUST9466,DC,Mid-Atlantic,Marketplace,23,438.38,0.0,238.83
RD007,Jumbo Rubber Duck,Large,Blue,Mini,15.37,2023-02-12,ORD104655,CUST7312,CO,West,Wholesale,43,594.82,66.09,273.27
RD001,Classic Rubber Duck,Classic,Blue,Mini,22.43,2024-07-12,ORD104656,CUST8257,NY,Mid-Atlantic,Marketplace,9,181.68,20.19,86.11
RD006,Mini Rubber Duck,Mini,Green,Mini,8.53,2025-09-02,ORD104657,CUST5074,NH,Northeast,Marketplace,12,92.12,10.24,30.7
RD002,Pirate Rubber Duck,Themed,Yellow,Standard,9.67,2025-09-05,ORD104658,CUST6199,RI,Northeast,Retail,41,376.65,19.82,123.39
RD007,Jumbo Rubber Duck,Large,Blue,Mini,12.36,2025-02-10,ORD104659,CUST4213,ID,West,Wholesale,10,105.06,18.54,36.73
RD005,Glow Rubber Duck,Specialty,Pink,Large,19.75,2023-09-04,ORD104660,CUST4233,AL,South,Retail,18,337.72,17.78,90.01
RD005,Glow Rubber Duck,Specialty,Blue,Mini,16.09,2023-05-16,ORD104661,CUST1522,NM,West,Wholesale,38,550.28,61.14,237.69
RD001,Classic Rubber Duck,Classic,Yellow,Mini,24.41,2025-07-12,ORD104662,CUST7626,VA,South,Wholesale,2,46.38,2.44,21.0
RD003,Princess Rubber Duck,Themed,Pink,Mini,19.17,2023-11-02,ORD104663,CUST5789,DE,Mid-Atlantic,Marketplace,14,268.38,0.0,133.88
RD002,Pirate Rubber Duck,Themed,Green,Large,22.86,2025-09-10,ORD104664,CUST5822,WY,West,Retail,26,564.64,29.72,171.61
RD003,Princess Rubber Duck,Themed,Orange,Mini,21.12,2024-07-01,ORD104665,CUST2325,ME,Northeast,Wholesale,32,642.05,33.79,254.16
RD002,Pirate Rubber Duck,Themed,Blue,Mini,24.67,2025-05-13,ORD104666,CUST4684,MN,Midwest,Retail,47,985.57,173.92,265.57
RD005,Glow Rubber Duck,Specialty,Purple,Large,22.18,2025-05-09,ORD104667,CUST6226,CT,Northeast,Online,18,339.35,59.89,78.2
RD007,Jumbo Rubber Duck,Large,Pink,Large,14.1,2025-05-18,ORD104668,CUST9704,IN,Midwest,Marketplace,18,228.42,25.38,83.49
RD007,Jumbo Rubber Duck,Large,Yellow,Mini,13.27,2025-08-06,ORD104669,CUST2078,NJ,Mid-Atlantic,Retail,24,270.71,47.77,90.57
RD002,Pirate Rubber Duck,Themed,Purple,Mini,19.14,2025-09-29,ORD104670,CUST1023,IA,Midwest,Retail,31,593.34,0.0,227.57
RD003,Princess Rubber Duck,Themed,Pink,Mini,22.09,2024-09-18,ORD104671,CUST8249,SD,Midwest,Wholesale,50,1049.27,55.23,348.86
RD004,Superhero Rubber Duck,Themed,Green,Standard,24.35,2023-03-23,ORD104672,CUST7940,CT,Northeast,Wholesale,15,310.46,54.79,100.38
RD005,Glow Rubber Duck,Specialty,Orange,Large,17.82,2024-09-14,ORD104673,CUST9375,OR,West,Marketplace,35,530.14,93.56,164.84
RD005,Glow Rubber Duck,Specialty,Blue,Standard,8.05,2023-10-17,ORD104674,CUST7597,AK,West,Marketplace,12,96.6,0.0,48.07
RD001,Classic Rubber Duck,Classic,Pink,Standard,11.7,2024-08-10,ORD104675,CUST7332,DE,Mid-Atlantic,Wholesale,48,477.36,84.24,150.05
RD004,Superhero Rubber Duck,Themed,Orange,Mini,7.0,2023-02-06,ORD104676,CUST4645,RI,Northeast,Retail,48,285.6,50.4,110.22
RD003,Princess Rubber Duck,Themed,Blue,Standard,24.54,2023-10-10,ORD104677,CUST7442,PA,Mid-Atlantic,Wholesale,24,588.96,0.0,285.84
RD004,Superhero Rubber Duck,Themed,Pink,Large,19.96,2024-10-07,ORD104678,CUST8266,LA,South,Retail,37,664.67,73.85,177.56
RD002,Pirate Rubber Duck,Themed,Purple,Standard,15.96,2023-10-25,ORD104679,CUST9049,OK,South,Marketplace,43,583.34,102.94,202.13
RD007,Jumbo Rubber Duck,Large,Yellow,Mini,24.57,2023-05-24,ORD104680,CUST3367,NH,Northeast,Wholesale,10,245.7,0.0,105.57
RD006,Mini Rubber Duck,Mini,Purple,Large,21.74,2025-07-30,ORD104681,CUST4920,HI,West,Marketplace,34,628.29,110.87,245.25
RD008,Holiday Rubber Duck,Seasonal,Blue,Large,17.81,2024-02-20,ORD104682,CUST4206,NV,West,Retail,49,829.06,43.63,271.44
RD008,Holiday Rubber Duck,Seasonal,Blue,Standard,14.75,2025-12-20,ORD104683,CUST9400,ND,Midwest,Online,36,451.35,79.65,143.1
RD008,Holiday Rubber Duck,Seasonal,Pink,Mini,22.27,2025-02-14,ORD104684,CUST3327,MD,Mid-Atlantic,Retail,28,623.56,0.0,200.93
RD006,Mini Rubber Duck,Mini,Blue,Large,20.96,2025-10-01,ORD104685,CUST6896,MA,Northeast,Retail,41,816.39,42.97,326.57
RD002,Pirate Rubber Duck,Themed,Yellow,Large,14.97,2025-04-07,ORD104686,CUST4227,WY,West,Retail,25,336.82,37.43,81.99
RD005,Glow Rubber Duck,Specialty,Green,Mini,23.07,2025-03-19,ORD104687,CUST3527,MD,Mid-Atlantic,Marketplace,50,1038.15,115.35,502.49
RD007,Jumbo Rubber Duck,Large,Purple,Standard,5.84,2025-07-24,ORD104688,CUST9819,MD,Mid-Atlantic,Marketplace,4,19.86,3.5,6.99
RD008,Holiday Rubber Duck,Seasonal,Pink,Large,16.63,2023-04-03,ORD104689,CUST8173,DC,Mid-Atlantic,Wholesale,5,83.15,0.0,25.29
RD007,Jumbo Rubber Duck,Large,Blue,Large,16.05,2025-01-10,ORD104690,CUST8961,HI,West,Wholesale,37,564.16,29.69,264.68
RD001,Classic Rubber Duck,Classic,Blue,Mini,24.46,2024-04-27,ORD104691,CUST5581,IN,Midwest,Marketplace,9,187.12,33.02,81.6
RD008,Holiday Rubber Duck,Seasonal,Orange,Large,11.34,2023-08-16,ORD104692,CUST7698,DE,Mid-Atlantic,Marketplace,34,347.0,38.56,98.32
RD002,Pirate Rubber Duck,Themed,Green,Mini,16.18,2025-01-16,ORD104693,CUST5332,NJ,Mid-Atlantic,Marketplace,2,27.51,4.85,11.02
RD007,Jumbo Rubber Duck,Large,Pink,Mini,15.56,2025-12-07,ORD104694,CUST1184,MD,Mid-Atlantic,Marketplace,31,458.24,24.12,143.74
RD003,Princess Rubber Duck,Themed,Yellow,Large,18.84,2023-01-17,ORD104695,CUST9371,NM,West,Marketplace,15,254.34,28.26,90.1
RD007,Jumbo Rubber Duck,Large,Yellow,Standard,20.46,2024-10-31,ORD104696,CUST1470,WA,West,Wholesale,18,331.45,36.83,102.19
RD008,Holiday Rubber Duck,Seasonal,Pink,Mini,19.13,2024-08-10,ORD104697,CUST7253,PA,Mid-Atlantic,Wholesale,32,550.94,61.22,233.65
RD007,Jumbo Rubber Duck,Large,Blue,Mini,5.28,2023-11-03,ORD104698,CUST8033,CT,Northeast,Wholesale,32,143.62,25.34,48.3
RD007,Jumbo Rubber Duck,Large,Yellow,Mini,23.61,2025-10-14,ORD104699,CUST8540,VT,Northeast,Wholesale,16,377.76,0.0,206.78
RD001,Classic Rubber Duck,Classic,Purple,Large,20.89,2025-06-13,ORD104700,CUST4985,IA,Midwest,Online,40,710.26,125.34,174.64
RD006,Mini Rubber Duck,Mini,Yellow,Standard,11.52,2023-01-21,ORD104701,CUST9449,VT,Northeast,Online,36,352.51,62.21,98.59
RD003,Princess Rubber Duck,Themed,Pink,Standard,11.17,2023-06-15,ORD104702,CUST9679,MA,Northeast,Wholesale,1,11.17,0.0,6.07
RD004,Superhero Rubber Duck,Themed,Green,Standard,7.28,2024-12-29,ORD104703,CUST3993,NM,West,Retail,10,65.52,7.28,28.1
RD003,Princess Rubber Duck,Themed,Blue,Large,10.37,2023-06-21,ORD104704,CUST7121,NY,Mid-Atlantic,Online,35,326.65,36.3,137.95
RD008,Holiday Rubber Duck,Seasonal,Pink,Standard,16.58,2023-06-12,ORD104705,CUST6359,SD,Midwest,Online,14,232.12,0.0,113.83
RD008,Holiday Rubber Duck,Seasonal,Yellow,Standard,19.49,2023-05-14,ORD104706,CUST4418,VT,Northeast,Marketplace,44,728.93,128.63,214.88
RD002,Pirate Rubber Duck,Themed,Purple,Mini,14.89,2025-10-26,ORD104707,CUST2046,NH,Northeast,Marketplace,32,428.83,47.65,209.53
RD004,Superhero Rubber Duck,Themed,Yellow,Standard,11.88,2023-10-25,ORD104708,CUST6144,CT,Northeast,Retail,39,440.15,23.17,135.19
RD008,Holiday Rubber Duck,Seasonal,Yellow,Large,16.64,2024-04-25,ORD104709,CUST4065,WY,West,Wholesale,38,537.47,94.85,231.59
RD001,Classic Rubber Duck,Classic,Orange,Mini,5.56,2023-04-17,ORD104710,CUST2750,NC,South,Online,23,127.88,0.0,60.09
RD003,Princess Rubber Duck,Themed,Orange,Standard,9.51,2025-12-17,ORD104711,CUST6340,OH,Midwest,Wholesale,47,402.27,44.7,117.96
RD002,Pirate Rubber Duck,Themed,Pink,Standard,9.71,2025-05-26,ORD104712,CUST8521,AZ,West,Online,1,9.22,0.49,3.53
RD003,Princess Rubber Duck,Themed,Pink,Large,21.72,2025-07-25,ORD104713,CUST8732,NE,Midwest,Online,4,78.19,8.69,33.59
RD006,Mini Rubber Duck,Mini,Yellow,Large,7.21,2025-03-14,ORD104714,CUST6058,IA,Midwest,Wholesale,2,14.42,0.0,4.93
RD007,Jumbo Rubber Duck,Large,Pink,Mini,4.21,2024-03-28,ORD104715,CUST7832,VT,Northeast,Marketplace,7,28.0,1.47,8.55
RD006,Mini Rubber Duck,Mini,Orange,Standard,21.55,2023-02-12,ORD104716,CUST7104,IA,Midwest,Marketplace,24,517.2,0.0,157.16
RD007,Jumbo Rubber Duck,Large,Orange,Large,15.28,2025-09-02,ORD104717,CUST5073,MS,South,Online,37,537.09,28.27,165.92
RD005,Glow Rubber Duck,Specialty,Blue,Mini,8.73,2024-10-28,ORD104718,CUST7350,WI,Midwest,Online,10,87.3,0.0,32.63
RD002,Pirate Rubber Duck,Themed,Blue,Standard,13.56,2024-09-23,ORD104719,CUST4733,NH,Northeast,Retail,18,207.47,36.61,93.29
RD002,Pirate Rubber Duck,Themed,Purple,Mini,21.07,2025-05-03,ORD104720,CUST4842,ME,Northeast,Marketplace,38,800.66,0.0,414.19
RD008,Holiday Rubber Duck,Seasonal,Yellow,Large,23.56,2024-05-25,ORD104721,CUST9802,DC,Mid-Atlantic,Retail,7,156.67,8.25,43.35
RD002,Pirate Rubber Duck,Themed,Blue,Standard,24.53,2023-01-27,ORD104722,CUST7322,FL,South,Retail,16,333.61,58.87,104.6
RD004,Superhero Rubber Duck,Themed,Pink,Standard,13.29,2025-05-03,ORD104723,CUST7433,MD,Mid-Atlantic,Marketplace,41,517.65,27.24,163.05
RD001,Classic Rubber Duck,Classic,Purple,Mini,4.85,2024-12-17,ORD104724,CUST9920,TN,South,Online,4,17.46,1.94,4.33
RD006,Mini Rubber Duck,Mini,Blue,Large,22.16,2024-07-06,ORD104725,CUST9904,MN,Midwest,Wholesale,4,88.64,0.0,29.84
RD008,Holiday Rubber Duck,Seasonal,Orange,Large,15.75,2024-07-14,ORD104726,CUST2746,OR,West,Wholesale,4,53.55,9.45,18.05
RD002,Pirate Rubber Duck,Themed,Green,Standard,19.9,2024-07-09,ORD104727,CUST2518,AR,South,Wholesale,41,815.9,0.0,253.91
RD005,Glow Rubber Duck,Specialty,Blue,Standard,5.95,2025-04-29,ORD104728,CUST7404,MA,Northeast,Marketplace,1,5.06,0.89,1.02
RD006,Mini Rubber Duck,Mini,Blue,Standard,20.45,2025-03-28,ORD104729,CUST9131,TX,South,Marketplace,43,791.41,87.94,344.05
RD007,Jumbo Rubber Duck,Large,Pink,Standard,17.03,2024-04-13,ORD104730,CUST3175,KY,South,Retail,23,391.69,0.0,198.91
RD002,Pirate Rubber Duck,Themed,Orange,Large,7.87,2024-09-26,ORD104731,CUST2764,IN,Midwest,Marketplace,28,198.32,22.04,71.04
RD002,Pirate Rubber Duck,Themed,Orange,Mini,22.61,2024-11-17,ORD104732,CUST7128,AL,South,Retail,36,773.26,40.7,324.79
RD004,Superhero Rubber Duck,Themed,Pink,Standard,11.57,2024-02-08,ORD104733,CUST2862,CT,Northeast,Online,41,450.65,23.72,228.02
RD008,Holiday Rubber Duck,Seasonal,Green,Large,14.18,2024-09-20,ORD104734,CUST4136,NH,Northeast,Marketplace,19,229.01,40.41,95.13
RD003,Princess Rubber Duck,Themed,Yellow,Large,20.16,2025-02-17,ORD104735,CUST7673,NJ,Mid-Atlantic,Retail,48,967.68,0.0,415.48
RD003,Princess Rubber Duck,Themed,Blue,Large,15.46,2023-09-04,ORD104736,CUST6146,TN,South,Marketplace,43,598.3,66.48,189.21
RD005,Glow Rubber Duck,Specialty,Blue,Large,13.39,2025-07-13,ORD104737,CUST8809,RI,Northeast,Retail,29,349.48,38.83,172.06
RD007,Jumbo Rubber Duck,Large,Green,Mini,14.22,2023-04-24,ORD104738,CUST9303,CT,Northeast,Retail,27,345.55,38.39,130.61
RD005,Glow Rubber Duck,Specialty,Pink,Standard,10.89,2024-06-17,ORD104739,CUST2276,NC,South,Retail,6,65.34,0.0,26.18
RD005,Glow Rubber Duck,Specialty,Yellow,Mini,23.35,2024-05-29,ORD104740,CUST7978,VT,Northeast,Online,33,654.97,115.58,262.59
RD008,Holiday Rubber Duck,Seasonal,Blue,Mini,18.01,2024-10-28,ORD104741,CUST9065,CT,Northeast,Wholesale,17,306.17,0.0,145.1
RD003,Princess Rubber Duck,Themed,Green,Large,21.19,2023-08-12,ORD104742,CUST5895,ME,Northeast,Online,25,529.75,0.0,254.8
RD006,Mini Rubber Duck,Mini,Blue,Standard,7.93,2023-07-01,ORD104743,CUST2174,IL,Midwest,Marketplace,28,199.84,22.2,99.52
RD002,Pirate Rubber Duck,Themed,Purple,Standard,4.11,2023-07-29,ORD104744,CUST6649,RI,Northeast,Online,8,29.59,3.29,10.83
RD005,Glow Rubber Duck,Specialty,Orange,Standard,6.06,2024-01-23,ORD104745,CUST4484,UT,West,Marketplace,38,207.25,23.03,84.8
RD001,Classic Rubber Duck,Classic,Yellow,Large,16.48,2025-11-25,ORD104746,CUST5214,IN,Midwest,Retail,28,461.44,0.0,156.32
RD002,Pirate Rubber Duck,Themed,Purple,Mini,10.52,2024-02-05,ORD104747,CUST1515,ND,Midwest,Marketplace,9,80.48,14.2,20.99
RD001,Classic Rubber Duck,Classic,Yellow,Large,23.67,2024-04-28,ORD104748,CUST1112,LA,South,Marketplace,18,383.45,42.61,155.47
RD001,Classic Rubber Duck,Classic,Green,Mini,18.97,2025-11-17,ORD104749,CUST4457,FL,South,Online,8,151.76,0.0,64.06
RD001,Classic Rubber Duck,Classic,Green,Mini,17.39,2023-10-12,ORD104750,CUST3725,DE,Mid-Atlantic,Retail,25,413.01,21.74,139.72
RD008,Holiday Rubber Duck,Seasonal,Blue,Large,16.87,2024-03-01,ORD104751,CUST7321,DE,Mid-Atlantic,Online,21,354.27,0.0,171.67
RD006,Mini Rubber Duck,Mini,Blue,Standard,9.46,2023-10-16,ORD104752,CUST6997,CA,West,Wholesale,15,127.71,14.19,56.38
RD004,Superhero Rubber Duck,Themed,Pink,Mini,22.08,2024-09-17,ORD104753,CUST4190,VT,Northeast,Wholesale,37,694.42,122.54,145.3
RD007,Jumbo Rubber Duck,Large,Orange,Large,12.83,2023-02-22,ORD104754,CUST8510,NC,South,Retail,41,447.13,78.9,102.06
RD008,Holiday Rubber Duck,Seasonal,Yellow,Standard,18.7,2024-05-11,ORD104755,CUST5767,VA,South,Online,6,100.98,11.22,32.12
RD002,Pirate Rubber Duck,Themed,Pink,Large,21.94,2025-05-09,ORD104756,CUST1809,WY,West,Retail,45,937.93,49.37,386.47
RD006,Mini Rubber Duck,Mini,Blue,Mini,7.63,2024-01-11,ORD104757,CUST9530,TX,South,Wholesale,3,22.89,0.0,10.23
RD004,Superhero Rubber Duck,Themed,Orange,Standard,13.7,2024-10-15,ORD104758,CUST7017,TX,South,Retail,40,520.6,27.4,200.33
RD003,Princess Rubber Duck,Themed,Orange,Standard,17.45,2024-07-08,ORD104759,CUST8510,WV,South,Wholesale,18,266.99,47.11,100.35
RD007,Jumbo Rubber Duck,Large,Orange,Mini,6.13,2024-02-18,ORD104760,CUST8014,FL,South,Marketplace,33,182.06,20.23,40.7
RD007,Jumbo Rubber Duck,Large,Yellow,Mini,20.21,2023-01-07,ORD104761,CUST3090,MN,Midwest,Online,4,76.8,4.04,38.8
RD004,Superhero Rubber Duck,Themed,Purple,Large,19.95,2024-03-06,ORD104762,CUST5288,DC,Mid-Atlantic,Retail,45,763.09,134.66,279.1
RD002,Pirate Rubber Duck,Themed,Green,Standard,19.47,2024-11-10,ORD104763,CUST9298,GA,South,Retail,14,245.32,27.26,103.0
RD007,Jumbo Rubber Duck,Large,Blue,Mini,15.79,2024-08-09,ORD104764,CUST4150,NV,West,Wholesale,9,127.9,14.21,58.6
RD004,Superhero Rubber Duck,Themed,Green,Standard,24.24,2024-08-09,ORD104765,CUST1348,NC,South,Marketplace,23,557.52,0.0,238.31
RD003,Princess Rubber Duck,Themed,Yellow,Mini,6.13,2025-04-30,ORD104766,CUST9938,MS,South,Online,23,119.84,21.15,28.92
RD002,Pirate Rubber Duck,Themed,Blue,Large,21.19,2023-10-14,ORD104767,CUST6541,NH,Northeast,Wholesale,11,221.44,11.65,64.68
RD002,Pirate Rubber Duck,Themed,Orange,Standard,22.05,2023-11-10,ORD104768,CUST5249,NY,Mid-Atlantic,Online,27,565.58,29.77,277.37
RD005,Glow Rubber Duck,Specialty,Yellow,Standard,12.58,2023-09-19,ORD104769,CUST5326,NJ,Mid-Atlantic,Wholesale,15,179.26,9.44,74.89
RD004,Superhero Rubber Duck,Themed,Green,Large,11.05,2025-03-15,ORD104770,CUST8218,MI,Midwest,Marketplace,3,29.83,3.32,12.25
RD001,Classic Rubber Duck,Classic,Orange,Standard,6.61,2025-05-15,ORD104771,CUST4050,CT,Northeast,Retail,23,152.03,0.0,75.71
RD003,Princess Rubber Duck,Themed,Blue,Mini,11.08,2023-03-25,ORD104772,CUST7338,IL,Midwest,Retail,18,169.52,29.92,49.32
RD002,Pirate Rubber Duck,Themed,Purple,Large,13.32,2024-02-15,ORD104773,CUST2641,VT,Northeast,Wholesale,37,418.91,73.93,166.66
RD005,Glow Rubber Duck,Specialty,Purple,Standard,6.88,2023-11-28,ORD104774,CUST1108,FL,South,Retail,36,210.53,37.15,72.01
RD004,Superhero Rubber Duck,Themed,Green,Large,9.96,2025-12-29,ORD104775,CUST2282,AL,South,Wholesale,44,416.33,21.91,217.53
RD001,Classic Rubber Duck,Classic,Purple,Large,15.76,2024-03-21,ORD104776,CUST2773,KS,Midwest,Online,32,428.67,75.65,129.92
RD005,Glow Rubber Duck,Specialty,Orange,Large,13.65,2023-06-20,ORD104777,CUST1143,NM,West,Online,25,341.25,0.0,172.9
RD003,Princess Rubber Duck,Themed,Orange,Standard,11.6,2024-10-31,ORD104778,CUST4567,WV,South,Marketplace,8,78.88,13.92,17.44
RD004,Superhero Rubber Duck,Themed,Green,Standard,8.25,2025-04-02,ORD104779,CUST9218,SC,South,Marketplace,31,255.75,0.0,132.31
RD006,Mini Rubber Duck,Mini,Yellow,Large,9.63,2023-05-18,ORD104780,CUST7637,AK,West,Wholesale,5,48.15,0.0,21.85
RD002,Pirate Rubber Duck,Themed,Purple,Standard,16.92,2025-04-04,ORD104781,CUST5754,LA,South,Retail,30,482.22,25.38,153.92
RD002,Pirate Rubber Duck,Themed,Purple,Mini,11.42,2024-02-24,ORD104782,CUST3357,VT,Northeast,Marketplace,32,365.44,0.0,140.42
RD006,Mini Rubber Duck,Mini,Orange,Mini,4.86,2025-07-13,ORD104783,CUST6435,CO,West,Wholesale,41,179.33,19.93,62.36
RD004,Superhero Rubber Duck,Themed,Purple,Mini,7.95,2023-12-09,ORD104784,CUST3765,NC,South,Wholesale,17,121.63,13.52,34.83
RD007,Jumbo Rubber Duck,Large,Yellow,Large,6.91,2025-11-14,ORD104785,CUST1729,MA,Northeast,Wholesale,49,338.59,0.0,122.18
RD001,Classic Rubber Duck,Classic,Purple,Mini,19.3,2024-09-10,ORD104786,CUST5781,AK,West,Online,40,772.0,0.0,363.43
RD006,Mini Rubber Duck,Mini,Green,Large,11.31,2024-06-29,ORD104787,CUST5468,RI,Northeast,Retail,43,486.33,0.0,181.88
RD007,Jumbo Rubber Duck,Large,Green,Mini,9.34,2024-09-12,ORD104788,CUST6247,DE,Mid-Atlantic,Wholesale,12,106.48,5.6,33.52
RD004,Superhero Rubber Duck,Themed,Yellow,Standard,22.12,2025-03-25,ORD104789,CUST3072,AK,West,Wholesale,19,378.25,42.03,166.86
RD001,Classic Rubber Duck,Classic,Orange,Large,13.51,2024-04-30,ORD104790,CUST7556,OR,West,Wholesale,46,559.31,62.15,258.18
RD003,Princess Rubber Duck,Themed,Blue,Mini,14.56,2023-07-29,ORD104791,CUST6024,IA,Midwest,Marketplace,12,174.72,0.0,71.27
RD007,Jumbo Rubber Duck,Large,Yellow,Mini,22.55,2025-09-26,ORD104792,CUST1131,VT,Northeast,Marketplace,50,1127.5,0.0,449.47
RD001,Classic Rubber Duck,Classic,Orange,Mini,18.15,2024-10-13,ORD104793,CUST2225,CO,West,Marketplace,23,417.45,0.0,142.87
RD006,Mini Rubber Duck,Mini,Blue,Mini,6.45,2024-12-18,ORD104794,CUST9173,NJ,Mid-Atlantic,Marketplace,4,24.51,1.29,8.57
RD001,Classic Rubber Duck,Classic,Pink,Large,5.07,2025-09-07,ORD104795,CUST8549,CO,West,Retail,42,202.29,10.65,81.57
RD006,Mini Rubber Duck,Mini,Blue,Mini,5.8,2024-10-24,ORD104796,CUST4721,DE,Mid-Atlantic,Online,9,52.2,0.0,19.78
RD001,Classic Rubber Duck,Classic,Yellow,Mini,11.06,2024-05-29,ORD104797,CUST4864,NJ,Mid-Atlantic,Online,25,235.02,41.48,91.82
RD002,Pirate Rubber Duck,Themed,Blue,Mini,16.48,2024-09-08,ORD104798,CUST7754,WV,South,Marketplace,33,516.65,27.19,188.96
RD004,Superhero Rubber Duck,Themed,Blue,Large,10.35,2023-03-02,ORD104799,CUST6098,VT,Northeast,Online,14,144.9,0.0,58.21
RD004,Superhero Rubber Duck,Themed,Green,Standard,21.23,2025-02-15,ORD104800,CUST2441,VT,Northeast,Retail,41,783.39,87.04,349.05
RD007,Jumbo Rubber Duck,Large,Pink,Mini,22.51,2024-09-09,ORD104801,CUST4010,AL,South,Retail,46,983.69,51.77,432.64
RD004,Superhero Rubber Duck,Themed,Orange,Large,18.42,2025-07-04,ORD104802,CUST4468,PA,Mid-Atlantic,Wholesale,20,331.56,36.84,98.99
RD007,Jumbo Rubber Duck,Large,Pink,Mini,13.57,2024-03-29,ORD104803,CUST2954,MS,South,Marketplace,36,464.09,24.43,122.31
RD001,Classic Rubber Duck,Classic,Purple,Large,4.13,2024-02-06,ORD104804,CUST2250,WI,Midwest,Wholesale,28,104.08,11.56,49.49
RD005,Glow Rubber Duck,Specialty,Pink,Mini,10.46,2025-07-15,ORD104805,CUST2753,NH,Northeast,Marketplace,30,298.11,15.69,156.25
RD004,Superhero Rubber Duck,Themed,Yellow,Mini,17.31,2024-06-01,ORD104806,CUST6672,DE,Mid-Atlantic,Retail,13,202.53,22.5,69.14
RD007,Jumbo Rubber Duck,Large,Purple,Mini,12.32,2023-11-09,ORD104807,CUST4071,NM,West,Marketplace,27,299.38,33.26,135.79
RD005,Glow Rubber Duck,Specialty,Orange,Standard,8.25,2025-09-12,ORD104808,CUST8844,GA,South,Wholesale,32,224.4,39.6,71.96
RD007,Jumbo Rubber Duck,Large,Purple,Mini,21.96,2025-04-16,ORD104809,CUST1078,NE,Midwest,Online,12,223.99,39.53,66.15
RD004,Superhero Rubber Duck,Themed,Yellow,Mini,6.77,2025-07-15,ORD104810,CUST7832,NJ,Mid-Atlantic,Marketplace,40,257.26,13.54,80.44
RD002,Pirate Rubber Duck,Themed,Yellow,Standard,12.07,2024-12-21,ORD104811,CUST8531,WY,West,Wholesale,19,206.4,22.93,67.48
RD007,Jumbo Rubber Duck,Large,Purple,Mini,19.51,2024-10-30,ORD104812,CUST7526,MA,Northeast,Online,14,245.83,27.31,83.1
RD007,Jumbo Rubber Duck,Large,Yellow,Standard,21.64,2025-04-07,ORD104813,CUST2386,WA,West,Online,33,607.0,107.12,184.54
RD007,Jumbo Rubber Duck,Large,Blue,Large,18.11,2024-01-25,ORD104814,CUST6527,MI,Midwest,Marketplace,24,412.91,21.73,149.88
RD001,Classic Rubber Duck,Classic,Yellow,Large,11.02,2024-01-27,ORD104815,CUST4646,MT,West,Wholesale,3,28.1,4.96,8.52
RD008,Holiday Rubber Duck,Seasonal,Blue,Large,7.85,2023-10-12,ORD104816,CUST6941,ME,Northeast,Wholesale,9,60.05,10.6,24.5
RD002,Pirate Rubber Duck,Themed,Yellow,Mini,17.14,2024-02-08,ORD104817,CUST4973,MD,Mid-Atlantic,Wholesale,3,43.71,7.71,18.61
RD003,Princess Rubber Duck,Themed,Blue,Large,16.09,2023-09-03,ORD104818,CUST9144,NJ,Mid-Atlantic,Marketplace,40,579.24,64.36,278.74
RD004,Superhero Rubber Duck,Themed,Green,Standard,13.6,2025-08-16,ORD104819,CUST9740,NM,West,Retail,11,127.16,22.44,39.22
RD004,Superhero Rubber Duck,Themed,Green,Standard,17.32,2025-02-23,ORD104820,CUST2704,OH,Midwest,Wholesale,46,717.05,79.67,322.21
RD005,Glow Rubber Duck,Specialty,Green,Mini,14.68,2023-02-18,ORD104821,CUST1380,OK,South,Marketplace,22,274.52,48.44,107.33
RD002,Pirate Rubber Duck,Themed,Orange,Large,18.19,2023-09-10,ORD104822,CUST8193,AR,South,Retail,36,589.36,65.48,162.16
RD001,Classic Rubber Duck,Classic,Orange,Standard,14.78,2023-01-10,ORD104823,CUST4893,MD,Mid-Atlantic,Retail,5,70.21,3.69,36.77
RD002,Pirate Rubber Duck,Themed,Purple,Large,16.15,2023-06-04,ORD104824,CUST8176,WV,South,Marketplace,36,581.4,0.0,210.06
RD004,Superhero Rubber Duck,Themed,Orange,Standard,17.13,2024-07-26,ORD104825,CUST1865,NY,Mid-Atlantic,Wholesale,1,14.56,2.57,3.63
RD005,Glow Rubber Duck,Specialty,Blue,Large,13.25,2023-01-13,ORD104826,CUST9521,NJ,Mid-Atlantic,Wholesale,38,478.32,25.18,179.95
RD005,Glow Rubber Duck,Specialty,Blue,Standard,5.81,2025-04-16,ORD104827,CUST1953,MA,Northeast,Wholesale,25,137.99,7.26,37.08
RD002,Pirate Rubber Duck,Themed,Purple,Standard,6.78,2023-01-29,ORD104828,CUST8909,IL,Midwest,Wholesale,33,223.74,0.0,112.1
RD002,Pirate Rubber Duck,Themed,Orange,Standard,13.98,2024-11-16,ORD104829,CUST3001,NH,Northeast,Wholesale,11,146.09,7.69,60.96
RD003,Princess Rubber Duck,Themed,Blue,Standard,15.21,2025-06-02,ORD104830,CUST9078,OK,South,Online,34,465.43,51.71,221.9
RD002,Pirate Rubber Duck,Themed,Pink,Standard,20.52,2025-10-21,ORD104831,CUST2743,WI,Midwest,Retail,18,313.96,55.4,109.84
RD003,Princess Rubber Duck,Themed,Pink,Large,20.63,2023-07-26,ORD104832,CUST6585,CA,West,Online,7,144.41,0.0,47.39
RD002,Pirate Rubber Duck,Themed,Yellow,Mini,15.03,2025-02-25,ORD104833,CUST4134,UT,West,Wholesale,8,120.24,0.0,63.31
RD004,Superhero Rubber Duck,Themed,Yellow,Standard,20.48,2023-01-31,ORD104834,CUST1788,AR,South,Online,26,505.86,26.62,198.32
RD003,Princess Rubber Duck,Themed,Green,Mini,12.99,2025-02-22,ORD104835,CUST3340,PA,Mid-Atlantic,Marketplace,6,66.25,11.69,21.53
RD002,Pirate Rubber Duck,Themed,Purple,Standard,16.23,2025-11-15,ORD104836,CUST2468,ND,Midwest,Online,30,438.21,48.69,113.1
RD004,Superhero Rubber Duck,Themed,Yellow,Mini,10.44,2024-12-13,ORD104837,CUST5186,NV,West,Marketplace,43,381.58,67.34,95.71
RD004,Superhero Rubber Duck,Themed,Yellow,Large,15.64,2024-03-17,ORD104838,CUST2288,CT,Northeast,Wholesale,12,178.3,9.38,49.66
RD003,Princess Rubber Duck,Themed,Pink,Standard,22.6,2023-02-12,ORD104839,CUST6064,AR,South,Marketplace,6,122.04,13.56,36.0
RD008,Holiday Rubber Duck,Seasonal,Pink,Large,16.35,2024-03-28,ORD104840,CUST1257,NM,West,Online,10,147.15,16.35,50.58
RD002,Pirate Rubber Duck,Themed,Yellow,Mini,12.81,2025-01-06,ORD104841,CUST5232,ID,West,Online,47,571.97,30.1,263.9
RD006,Mini Rubber Duck,Mini,Green,Standard,5.81,2025-06-26,ORD104842,CUST2155,CT,Northeast,Marketplace,41,238.21,0.0,118.24
RD001,Classic Rubber Duck,Classic,Green,Standard,23.52,2024-07-02,ORD104843,CUST9822,KS,Midwest,Retail,25,499.8,88.2,153.42
RD001,Classic Rubber Duck,Classic,Orange,Mini,14.25,2023-05-26,ORD104844,CUST9758,MT,West,Marketplace,34,436.05,48.45,124.96
RD007,Jumbo Rubber Duck,Large,Pink,Standard,8.74,2023-04-25,ORD104845,CUST8207,WA,West,Retail,18,141.59,15.73,35.53
RD005,Glow Rubber Duck,Specialty,Blue,Mini,7.58,2025-04-06,ORD104846,CUST2218,MO,Midwest,Marketplace,15,96.65,17.05,21.23
RD001,Classic Rubber Duck,Classic,Blue,Mini,18.21,2023-11-19,ORD104847,CUST1468,KY,South,Online,19,345.99,0.0,149.03
RD008,Holiday Rubber Duck,Seasonal,Blue,Mini,20.83,2025-06-15,ORD104848,CUST9938,CT,Northeast,Wholesale,28,495.75,87.49,197.89
RD004,Superhero Rubber Duck,Themed,Green,Mini,23.74,2024-09-16,ORD104849,CUST6999,TN,South,Marketplace,47,1115.78,0.0,388.66
RD002,Pirate Rubber Duck,Themed,Yellow,Large,10.66,2024-07-23,ORD104850,CUST8018,DE,Mid-Atlantic,Wholesale,23,208.4,36.78,45.54
RD007,Jumbo Rubber Duck,Large,Yellow,Mini,13.6,2023-08-18,ORD104851,CUST3299,IA,Midwest,Online,22,254.32,44.88,61.86
RD008,Holiday Rubber Duck,Seasonal,Orange,Mini,14.96,2025-12-14,ORD104852,CUST7016,ME,Northeast,Marketplace,43,643.28,0.0,242.42
RD008,Holiday Rubber Duck,Seasonal,Blue,Standard,7.89,2024-11-25,ORD104853,CUST8543,HI,West,Marketplace,27,202.38,10.65,87.26
RD002,Pirate Rubber Duck,Themed,Purple,Standard,18.93,2025-11-17,ORD104854,CUST9773,VA,South,Online,16,287.74,15.14,125.15
RD007,Jumbo Rubber Duck,Large,Blue,Standard,13.04,2024-06-01,ORD104855,CUST3376,RI,Northeast,Retail,49,607.01,31.95,199.38
RD008,Holiday Rubber Duck,Seasonal,Blue,Large,8.54,2024-05-07,ORD104856,CUST9915,UT,West,Retail,8,68.32,0.0,36.47
RD001,Classic Rubber Duck,Classic,Pink,Large,9.88,2025-05-10,ORD104857,CUST6067,CA,West,Online,4,37.54,1.98,14.91
RD002,Pirate Rubber Duck,Themed,Pink,Standard,22.38,2023-10-31,ORD104858,CUST9982,VA,South,Marketplace,28,563.98,62.66,166.72
RD001,Classic Rubber Duck,Classic,Purple,Large,16.81,2025-08-02,ORD104859,CUST1113,CA,West,Wholesale,40,672.4,0.0,345.78
RD007,Jumbo Rubber Duck,Large,Orange,Standard,16.69,2024-01-31,ORD104860,CUST5369,DE,Mid-Atlantic,Retail,5,83.45,0.0,35.13
RD007,Jumbo Rubber Duck,Large,Green,Standard,16.31,2024-02-02,ORD104861,CUST8782,DE,Mid-Atlantic,Online,27,440.37,0.0,196.73
RD008,Holiday Rubber Duck,Seasonal,Purple,Standard,7.88,2024-01-04,ORD104862,CUST2626,MN,Midwest,Wholesale,27,191.48,21.28,46.09
RD005,Glow Rubber Duck,Specialty,Yellow,Large,16.89,2024-06-26,ORD104863,CUST3265,NM,West,Wholesale,35,591.15,0.0,225.88
RD006,Mini Rubber Duck,Mini,Green,Standard,19.79,2025-12-28,ORD104864,CUST6537,DE,Mid-Atlantic,Online,31,613.49,0.0,281.96
RD006,Mini Rubber Duck,Mini,Purple,Standard,9.57,2025-12-27,ORD104865,CUST8240,IN,Midwest,Wholesale,35,334.95,0.0,138.71
RD001,Classic Rubber Duck,Classic,Green,Standard,22.62,2023-05-08,ORD104866,CUST2322,NH,Northeast,Wholesale,8,171.91,9.05,66.7
RD003,Princess Rubber Duck,Themed,Orange,Large,9.05,2023-12-24,ORD104867,CUST2231,ME,Northeast,Wholesale,40,325.8,36.2,143.73
RD001,Classic Rubber Duck,Classic,Pink,Standard,7.7,2024-02-06,ORD104868,CUST4030,AL,South,Retail,31,202.9,35.8,54.47
RD007,Jumbo Rubber Duck,Large,Blue,Standard,23.22,2023-01-24,ORD104869,CUST6218,DE,Mid-Atlantic,Wholesale,15,348.3,0.0,147.89
RD005,Glow Rubber Duck,Specialty,Orange,Standard,14.49,2023-03-28,ORD104870,CUST5848,NE,Midwest,Marketplace,16,220.25,11.59,67.52
RD007,Jumbo Rubber Duck,Large,Orange,Mini,13.66,2025-08-25,ORD104871,CUST2244,MA,Northeast,Wholesale,46,596.94,31.42,305.19
RD007,Jumbo Rubber Duck,Large,Blue,Large,5.42,2023-03-23,ORD104872,CUST6752,IA,Midwest,Marketplace,2,9.76,1.08,4.56
RD003,Princess Rubber Duck,Themed,Blue,Large,18.55,2023-03-10,ORD104873,CUST1423,MS,South,Wholesale,9,166.95,0.0,89.45
RD008,Holiday Rubber Duck,Seasonal,Pink,Standard,11.2,2024-06-09,ORD104874,CUST2207,AK,West,Wholesale,2,22.4,0.0,7.82
RD007,Jumbo Rubber Duck,Large,Pink,Standard,8.99,2025-10-14,ORD104875,CUST3535,NE,Midwest,Retail,24,183.4,32.36,37.98
RD001,Classic Rubber Duck,Classic,Orange,Large,13.46,2024-03-10,ORD104876,CUST1358,NY,Mid-Atlantic,Wholesale,35,447.54,23.56,138.69
RD004,Superhero Rubber Duck,Themed,Purple,Standard,6.46,2023-03-01,ORD104877,CUST4026,OH,Midwest,Online,15,82.36,14.54,21.58
RD004,Superhero Rubber Duck,Themed,Blue,Large,9.85,2023-10-16,ORD104878,CUST8626,DC,Mid-Atlantic,Marketplace,39,364.94,19.21,112.28
RD006,Mini Rubber Duck,Mini,Blue,Mini,13.98,2024-10-27,ORD104879,CUST5543,MO,Midwest,Online,18,213.89,37.75,76.24
RD005,Glow Rubber Duck,Specialty,Pink,Standard,7.27,2025-06-22,ORD104880,CUST5682,AZ,West,Marketplace,42,305.34,0.0,100.19
RD006,Mini Rubber Duck,Mini,Pink,Mini,18.2,2024-09-04,ORD104881,CUST3940,UT,West,Wholesale,29,475.02,52.78,185.46
RD003,Princess Rubber Duck,Themed,Yellow,Standard,9.07,2025-01-13,ORD104882,CUST6666,SD,Midwest,Retail,25,215.41,11.34,65.33
RD003,Princess Rubber Duck,Themed,Green,Large,24.47,2025-08-14,ORD104883,CUST7443,ID,West,Retail,14,308.32,34.26,144.92
RD005,Glow Rubber Duck,Specialty,Green,Mini,9.97,2025-06-30,ORD104884,CUST8303,VT,Northeast,Online,31,262.71,46.36,89.53
RD001,Classic Rubber Duck,Classic,Yellow,Standard,14.99,2025-05-06,ORD104885,CUST9836,NY,Mid-Atlantic,Marketplace,29,412.97,21.74,163.3
RD008,Holiday Rubber Duck,Seasonal,Purple,Standard,23.3,2023-03-04,ORD104886,CUST8711,LA,South,Wholesale,1,20.97,2.33,6.49
RD007,Jumbo Rubber Duck,Large,Pink,Mini,21.27,2025-04-13,ORD104887,CUST9704,NJ,Mid-Atlantic,Marketplace,26,525.37,27.65,240.31
RD006,Mini Rubber Duck,Mini,Purple,Mini,8.88,2023-05-27,ORD104888,CUST9540,VT,Northeast,Retail,9,79.92,0.0,38.1
RD008,Holiday Rubber Duck,Seasonal,Pink,Mini,15.15,2025-05-24,ORD104889,CUST5152,CA,West,Marketplace,47,605.24,106.81,167.16
RD007,Jumbo Rubber Duck,Large,Green,Mini,14.37,2025-04-29,ORD104890,CUST2753,ME,Northeast,Wholesale,50,646.65,71.85,221.54
RD006,Mini Rubber Duck,Mini,Pink,Standard,12.13,2025-03-01,ORD104891,CUST3526,NJ,Mid-Atlantic,Wholesale,5,57.62,3.03,26.34
RD008,Holiday Rubber Duck,Seasonal,Blue,Mini,24.28,2024-05-03,ORD104892,CUST3947,ID,West,Retail,13,284.08,31.56,132.99
RD008,Holiday Rubber Duck,Seasonal,Purple,Standard,8.49,2023-06-18,ORD104893,CUST9500,ME,Northeast,Online,6,50.94,0.0,27.25
RD001,Classic Rubber Duck,Classic,Pink,Standard,13.29,2024-11-12,ORD104894,CUST8960,AZ,West,Retail,44,526.28,58.48,143.91
RD005,Glow Rubber Duck,Specialty,Orange,Large,15.76,2023-05-16,ORD104895,CUST4949,NJ,Mid-Atlantic,Marketplace,15,236.4,0.0,118.9
RD007,Jumbo Rubber Duck,Large,Purple,Mini,19.24,2025-11-16,ORD104896,CUST9591,HI,West,Wholesale,17,310.73,16.35,134.24
RD007,Jumbo Rubber Duck,Large,Pink,Large,21.06,2025-07-17,ORD104897,CUST5470,MT,West,Wholesale,32,640.22,33.7,313.67
RD007,Jumbo Rubber Duck,Large,Pink,Standard,6.24,2023-10-22,ORD104898,CUST7428,DE,Mid-Atlantic,Wholesale,42,248.98,13.1,100.5
RD006,Mini Rubber Duck,Mini,Green,Mini,24.52,2025-02-16,ORD104899,CUST5864,MT,West,Marketplace,47,1152.44,0.0,460.43
RD004,Superhero Rubber Duck,Themed,Orange,Large,7.08,2024-11-10,ORD104900,CUST9187,MA,Northeast,Retail,28,178.42,19.82,69.12
RD005,Glow Rubber Duck,Specialty,Purple,Standard,10.3,2025-12-21,ORD104901,CUST3290,OK,South,Online,16,164.8,0.0,84.78
RD003,Princess Rubber Duck,Themed,Purple,Mini,16.29,2023-07-08,ORD104902,CUST3346,WI,Midwest,Retail,44,716.76,0.0,288.69
RD001,Classic Rubber Duck,Classic,Pink,Mini,11.16,2025-11-05,ORD104903,CUST4444,NY,Mid-Atlantic,Marketplace,7,74.21,3.91,26.45
RD005,Glow Rubber Duck,Specialty,Blue,Standard,10.09,2023-12-05,ORD104904,CUST1128,VT,Northeast,Online,7,60.04,10.59,16.44
RD008,Holiday Rubber Duck,Seasonal,Blue,Mini,11.8,2024-02-26,ORD104905,CUST8060,MO,Midwest,Online,40,472.0,0.0,170.99
RD008,Holiday Rubber Duck,Seasonal,Green,Standard,19.95,2025-05-22,ORD104906,CUST9715,PA,Mid-Atlantic,Wholesale,30,538.65,59.85,233.44
RD007,Jumbo Rubber Duck,Large,Blue,Mini,8.59,2024-03-03,ORD104907,CUST4800,AR,South,Wholesale,50,429.5,0.0,148.5
RD005,Glow Rubber Duck,Specialty,Orange,Standard,19.01,2024-12-29,ORD104908,CUST9815,DE,Mid-Atlantic,Retail,31,559.84,29.47,286.53
RD002,Pirate Rubber Duck,Themed,Orange,Mini,22.58,2025-05-09,ORD104909,CUST3270,CO,West,Wholesale,18,365.8,40.64,121.68
RD004,Superhero Rubber Duck,Themed,Orange,Large,18.28,2025-01-18,ORD104910,CUST9514,NH,Northeast,Retail,6,104.2,5.48,45.09
RD003,Princess Rubber Duck,Themed,Green,Mini,14.01,2024-11-06,ORD104911,CUST7759,NY,Mid-Atlantic,Marketplace,8,100.87,11.21,47.32
RD001,Classic Rubber Duck,Classic,Pink,Large,21.45,2024-09-06,ORD104912,CUST6628,MO,Midwest,Wholesale,46,937.36,49.34,285.73
RD008,Holiday Rubber Duck,Seasonal,Pink,Large,16.64,2023-08-14,ORD104913,CUST7802,AR,South,Marketplace,29,482.56,0.0,252.97
RD004,Superhero Rubber Duck,Themed,Pink,Large,4.86,2024-08-28,ORD104914,CUST8032,CT,Northeast,Retail,20,92.34,4.86,39.19
RD005,Glow Rubber Duck,Specialty,Orange,Mini,10.01,2023-01-26,ORD104915,CUST4151,ND,Midwest,Wholesale,33,313.81,16.52,106.63
RD006,Mini Rubber Duck,Mini,Pink,Mini,13.99,2025-08-27,ORD104916,CUST4068,AK,West,Marketplace,25,332.26,17.49,115.3
RD002,Pirate Rubber Duck,Themed,Blue,Large,12.16,2023-12-21,ORD104917,CUST8190,WA,West,Retail,12,145.92,0.0,53.05
RD001,Classic Rubber Duck,Classic,Yellow,Standard,13.12,2025-10-07,ORD104918,CUST6126,IL,Midwest,Online,27,318.82,35.42,109.01
RD002,Pirate Rubber Duck,Themed,Pink,Standard,17.91,2024-05-05,ORD104919,CUST3351,CO,West,Retail,18,306.26,16.12,101.14
RD006,Mini Rubber Duck,Mini,Green,Mini,5.53,2025-11-07,ORD104920,CUST1723,NH,Northeast,Online,5,27.65,0.0,9.11
RD001,Classic Rubber Duck,Classic,Yellow,Large,7.74,2023-12-08,ORD104921,CUST4850,WA,West,Wholesale,4,27.86,3.1,12.1
RD007,Jumbo Rubber Duck,Large,Green,Mini,15.99,2023-05-26,ORD104922,CUST1254,RI,Northeast,Online,2,28.78,3.2,10.99
RD005,Glow Rubber Duck,Specialty,Yellow,Standard,7.8,2023-07-24,ORD104923,CUST4136,ND,Midwest,Online,30,210.6,23.4,52.83
RD007,Jumbo Rubber Duck,Large,Yellow,Mini,5.21,2025-05-29,ORD104924,CUST8616,MN,Midwest,Retail,26,121.91,13.55,45.31
RD002,Pirate Rubber Duck,Themed,Pink,Mini,9.0,2024-09-17,ORD104925,CUST7453,OH,Midwest,Retail,23,207.0,0.0,105.89
RD003,Princess Rubber Duck,Themed,Yellow,Large,23.59,2024-07-17,ORD104926,CUST8003,OH,Midwest,Wholesale,45,955.39,106.16,436.69
RD006,Mini Rubber Duck,Mini,Green,Large,12.0,2024-06-04,ORD104927,CUST2967,WI,Midwest,Wholesale,27,275.4,48.6,91.79
RD003,Princess Rubber Duck,Themed,Blue,Standard,4.17,2023-08-13,ORD104928,CUST5310,AZ,West,Retail,1,4.17,0.0,1.42
RD008,Holiday Rubber Duck,Seasonal,Orange,Mini,14.26,2024-05-07,ORD104929,CUST4120,AZ,West,Retail,7,99.82,0.0,35.99
RD003,Princess Rubber Duck,Themed,Blue,Large,19.18,2025-05-25,ORD104930,CUST3314,TX,South,Retail,43,783.5,41.24,366.35
RD004,Superhero Rubber Duck,Themed,Green,Standard,4.92,2025-10-08,ORD104931,CUST8566,FL,South,Marketplace,22,97.42,10.82,45.5
RD007,Jumbo Rubber Duck,Large,Orange,Mini,18.65,2024-12-20,ORD104932,CUST3008,ME,Northeast,Marketplace,4,74.6,0.0,40.68
RD003,Princess Rubber Duck,Themed,Pink,Large,16.77,2024-02-27,ORD104933,CUST2396,MS,South,Wholesale,16,254.9,13.42,92.2
RD001,Classic Rubber Duck,Classic,Yellow,Standard,24.37,2024-04-06,ORD104934,CUST6695,DE,Mid-Atlantic,Wholesale,42,870.01,153.53,162.8
RD001,Classic Rubber Duck,Classic,Purple,Mini,14.09,2023-07-21,ORD104935,CUST2796,RI,Northeast,Retail,32,405.79,45.09,150.94
RD003,Princess Rubber Duck,Themed,Orange,Large,5.13,2025-03-05,ORD104936,CUST6237,DE,Mid-Atlantic,Online,48,221.62,24.62,93.91
RD002,Pirate Rubber Duck,Themed,Yellow,Large,15.37,2024-09-02,ORD104937,CUST6057,DC,Mid-Atlantic,Retail,16,221.33,24.59,66.71
RD004,Superhero Rubber Duck,Themed,Green,Mini,19.53,2025-08-20,ORD104938,CUST4744,DE,Mid-Atlantic,Marketplace,21,348.61,61.52,159.34
RD001,Classic Rubber Duck,Classic,Purple,Large,12.86,2024-08-26,ORD104939,CUST8969,ME,Northeast,Online,13,142.1,25.08,65.02
RD003,Princess Rubber Duck,Themed,Blue,Large,8.88,2025-03-05,ORD104940,CUST8872,SD,Midwest,Marketplace,41,364.08,0.0,151.64
RD006,Mini Rubber Duck,Mini,Pink,Mini,16.55,2023-02-15,ORD104941,CUST9281,KS,Midwest,Marketplace,46,761.3,0.0,336.06
RD007,Jumbo Rubber Duck,Large,Yellow,Large,24.35,2023-07-25,ORD104942,CUST4061,RI,Northeast,Retail,25,517.44,91.31,112.03
RD002,Pirate Rubber Duck,Themed,Yellow,Large,10.57,2024-05-01,ORD104943,CUST9078,MA,Northeast,Wholesale,28,266.36,29.6,116.95
RD004,Superhero Rubber Duck,Themed,Orange,Large,11.92,2023-10-03,ORD104944,CUST7685,DC,Mid-Atlantic,Online,8,85.82,9.54,29.12
RD007,Jumbo Rubber Duck,Large,Pink,Standard,13.96,2024-03-22,ORD104945,CUST5503,CT,Northeast,Marketplace,42,498.37,87.95,154.57
RD005,Glow Rubber Duck,Specialty,Orange,Mini,4.59,2024-12-03,ORD104946,CUST1892,NJ,Mid-Atlantic,Online,50,218.02,11.48,95.33
RD004,Superhero Rubber Duck,Themed,Pink,Large,5.23,2024-05-18,ORD104947,CUST5748,TN,South,Online,45,200.05,35.3,72.48
RD001,Classic Rubber Duck,Classic,Yellow,Large,11.3,2024-05-06,ORD104948,CUST4054,MT,West,Marketplace,15,152.55,16.95,34.7
RD003,Princess Rubber Duck,Themed,Blue,Large,14.62,2024-01-20,ORD104949,CUST2294,MO,Midwest,Online,14,184.21,20.47,89.69
RD007,Jumbo Rubber Duck,Large,Yellow,Mini,22.86,2023-09-02,ORD104950,CUST5661,MI,Midwest,Online,32,621.79,109.73,170.9
RD003,Princess Rubber Duck,Themed,Green,Standard,22.3,2024-10-16,ORD104951,CUST2728,MA,Northeast,Marketplace,28,624.4,0.0,265.67
RD002,Pirate Rubber Duck,Themed,Yellow,Mini,17.41,2023-02-27,ORD104952,CUST4730,AZ,West,Retail,1,17.41,0.0,6.13
RD001,Classic Rubber Duck,Classic,Yellow,Mini,6.46,2023-01-17,ORD104953,CUST5050,DC,Mid-Atlantic,Retail,36,232.56,0.0,113.07
RD002,Pirate Rubber Duck,Themed,Green,Mini,17.35,2025-08-12,ORD104954,CUST5367,AR,South,Wholesale,47,815.45,0.0,330.21
RD004,Superhero Rubber Duck,Themed,Purple,Large,12.82,2025-11-26,ORD104955,CUST6083,KS,Midwest,Marketplace,19,219.22,24.36,86.63
RD002,Pirate Rubber Duck,Themed,Pink,Large,17.33,2025-03-24,ORD104956,CUST8260,LA,South,Wholesale,48,790.25,41.59,373.01
RD008,Holiday Rubber Duck,Seasonal,Orange,Mini,24.21,2023-09-01,ORD104957,CUST1244,CT,Northeast,Retail,7,152.52,16.95,54.42
RD004,Superhero Rubber Duck,Themed,Orange,Large,21.69,2025-08-20,ORD104958,CUST7202,WA,West,Online,25,488.02,54.23,186.79
RD003,Princess Rubber Duck,Themed,Purple,Large,12.63,2023-11-20,ORD104959,CUST8496,IA,Midwest,Marketplace,40,505.2,0.0,229.23
RD001,Classic Rubber Duck,Classic,Orange,Large,17.31,2024-08-30,ORD104960,CUST7950,HI,West,Wholesale,45,662.11,116.84,242.43
RD008,Holiday Rubber Duck,Seasonal,Blue,Large,24.01,2025-09-14,ORD104961,CUST9306,NE,Midwest,Online,39,795.93,140.46,259.74
RD001,Classic Rubber Duck,Classic,Green,Mini,4.7,2024-05-23,ORD104962,CUST4669,MN,Midwest,Retail,27,120.55,6.35,57.35
RD005,Glow Rubber Duck,Specialty,Green,Standard,18.51,2025-10-21,ORD104963,CUST8353,WI,Midwest,Online,43,756.13,39.8,311.6
RD008,Holiday Rubber Duck,Seasonal,Purple,Large,21.19,2023-01-07,ORD104964,CUST6888,DC,Mid-Atlantic,Retail,24,457.7,50.86,122.04
RD002,Pirate Rubber Duck,Themed,Orange,Standard,6.83,2024-11-11,ORD104965,CUST3743,IL,Midwest,Online,16,103.82,5.46,54.56
RD003,Princess Rubber Duck,Themed,Green,Large,17.78,2025-10-20,ORD104966,CUST4571,MD,Mid-Atlantic,Online,23,368.05,40.89,104.57
RD004,Superhero Rubber Duck,Themed,Green,Mini,4.66,2023-01-21,ORD104967,CUST4087,NE,Midwest,Online,39,181.74,0.0,62.13
RD006,Mini Rubber Duck,Mini,Pink,Standard,20.22,2025-10-04,ORD104968,CUST1050,SC,South,Wholesale,19,384.18,0.0,157.23
RD007,Jumbo Rubber Duck,Large,Purple,Standard,6.34,2025-12-18,ORD104969,CUST7178,MI,Midwest,Retail,29,174.67,9.19,78.46
RD005,Glow Rubber Duck,Specialty,Yellow,Standard,11.84,2024-05-28,ORD104970,CUST3314,DE,Mid-Atlantic,Marketplace,47,556.48,0.0,171.13
RD008,Holiday Rubber Duck,Seasonal,Yellow,Mini,4.22,2025-10-05,ORD104971,CUST5040,PA,Mid-Atlantic,Retail,39,139.89,24.69,59.08
RD002,Pirate Rubber Duck,Themed,Orange,Standard,21.9,2023-06-06,ORD104972,CUST2945,TX,South,Marketplace,28,521.22,91.98,235.8
RD002,Pirate Rubber Duck,Themed,Green,Mini,20.5,2023-04-03,ORD104973,CUST9449,VT,Northeast,Online,46,895.85,47.15,302.6
RD003,Princess Rubber Duck,Themed,Blue,Standard,9.08,2023-03-13,ORD104974,CUST7304,NY,Mid-Atlantic,Online,36,277.85,49.03,128.11
RD002,Pirate Rubber Duck,Themed,Green,Standard,10.19,2024-07-25,ORD104975,CUST6967,IL,Midwest,Wholesale,31,284.3,31.59,70.18
RD006,Mini Rubber Duck,Mini,Green,Standard,24.12,2023-06-03,ORD104976,CUST2427,NH,Northeast,Wholesale,14,303.91,33.77,121.21
RD007,Jumbo Rubber Duck,Large,Green,Large,4.48,2025-11-15,ORD104977,CUST6041,IL,Midwest,Marketplace,13,49.5,8.74,20.38
RD006,Mini Rubber Duck,Mini,Pink,Large,13.37,2024-01-03,ORD104978,CUST1023,ME,Northeast,Online,19,228.63,25.4,101.06
RD002,Pirate Rubber Duck,Themed,Purple,Standard,8.84,2025-03-15,ORD104979,CUST7996,MN,Midwest,Marketplace,17,127.74,22.54,59.37
RD008,Holiday Rubber Duck,Seasonal,Blue,Standard,6.07,2024-12-01,ORD104980,CUST5513,NM,West,Marketplace,14,76.48,8.5,36.87
RD005,Glow Rubber Duck,Specialty,Orange,Mini,18.38,2023-02-20,ORD104981,CUST5349,OR,West,Retail,21,366.68,19.3,159.59
RD006,Mini Rubber Duck,Mini,Purple,Large,9.81,2024-06-11,ORD104982,CUST7619,RI,Northeast,Wholesale,25,232.99,12.26,85.93
RD002,Pirate Rubber Duck,Themed,Blue,Standard,23.26,2023-08-01,ORD104983,CUST5591,NJ,Mid-Atlantic,Retail,6,139.56,0.0,75.55
RD005,Glow Rubber Duck,Specialty,Purple,Mini,4.53,2023-11-21,ORD104984,CUST6937,KS,Midwest,Online,40,181.2,0.0,73.57
RD002,Pirate Rubber Duck,Themed,Blue,Standard,9.01,2025-03-11,ORD104985,CUST4604,IL,Midwest,Retail,44,376.62,19.82,132.93
RD007,Jumbo Rubber Duck,Large,Purple,Standard,19.67,2023-12-12,ORD104986,CUST2771,MS,South,Retail,8,157.36,0.0,47.9
RD004,Superhero Rubber Duck,Themed,Pink,Standard,12.97,2023-12-15,ORD104987,CUST2899,ME,Northeast,Marketplace,16,207.52,0.0,87.56
RD008,Holiday Rubber Duck,Seasonal,Yellow,Standard,14.35,2025-06-13,ORD104988,CUST2398,OR,West,Online,26,373.1,0.0,141.59
RD008,Holiday Rubber Duck,Seasonal,Orange,Mini,23.92,2024-10-30,ORD104989,CUST5078,MD,Mid-Atlantic,Retail,10,227.24,11.96,105.94
RD006,Mini Rubber Duck,Mini,Purple,Mini,23.01,2025-07-31,ORD104990,CUST6097,NY,Mid-Atlantic,Wholesale,16,331.34,36.82,125.93
RD001,Classic Rubber Duck,Classic,Pink,Standard,23.51,2023-08-01,ORD104991,CUST9133,LA,South,Online,45,1057.95,0.0,429.92
RD007,Jumbo Rubber Duck,Large,Pink,Standard,15.16,2023-09-21,ORD104992,CUST7326,WA,West,Retail,40,576.08,30.32,291.45
RD002,Pirate Rubber Duck,Themed,Green,Large,11.87,2025-12-07,ORD104993,CUST5666,IL,Midwest,Marketplace,39,393.49,69.44,184.72
RD004,Superhero Rubber Duck,Themed,Blue,Standard,7.4,2025-06-05,ORD104994,CUST4519,DC,Mid-Atlantic,Marketplace,9,63.27,3.33,29.1
RD002,Pirate Rubber Duck,Themed,Green,Large,9.27,2025-12-03,ORD104995,CUST5589,PA,Mid-Atlantic,Marketplace,19,158.52,17.61,35.26
RD006,Mini Rubber Duck,Mini,Green,Standard,9.82,2025-06-25,ORD104996,CUST4519,CA,West,Wholesale,30,265.14,29.46,81.27
RD005,Glow Rubber Duck,Specialty,Green,Large,11.22,2023-03-10,ORD104997,CUST6271,ME,Northeast,Retail,38,383.72,42.64,120.68
RD006,Mini Rubber Duck,Mini,Purple,Large,16.15,2024-07-04,ORD104998,CUST4800,NJ,Mid-Atlantic,Wholesale,41,629.04,33.11,286.69
RD006,Mini Rubber Duck,Mini,Green,Standard,23.95,2025-07-09,ORD104999,CUST5322,RI,Northeast,Marketplace,24,517.32,57.48,126.59
